:020000040800F2
:1030000000500020799F0008E1960008E99600082A
:103010002D970008359700083D9700080000000034
:1030200000000000000000000000000045970008BC
:1030300051970008000000005D970008699700089C
:10304000C19F0008C19F0008C19F0008C19F0008E0
:10305000C19F0008C19F0008C19F0008C19F0008D0
:10306000C19F0008C19F0008C19F0008C19F0008C0
:10307000C19F0008C19F000879970008C19F000800
:10308000C19F00088D970008C19F0008C19F0008DC
:10309000C19F0008C19F0008C19F0008C19F000890
:1030A000C19F0008C19F0008C19F0008C19F000880
:1030B000A1970008C19F0008B5970008C19F0008AC
:1030C000C19F0008C19F0008C19F0008C19F000860
:1030D000C19F0008C9970008DD970008C19F00083C
:1030E000C19F0008C19F0008C19F000800000000A8
:1030F00000000000000000000000000000000000D0
:0C31000000000000000000005FF808F173
:10310C0010B5054C237833B9044B13B10448AFF315
:10311C0000800123237010BD20000020000000005F
:10312C0090FD000808B5034B1BB103490348AFF3EE
:10313C00008008BD000000002400002090FD000865
:10314C0080F0004002E000BF81F0004142001FBF50
:10315C005FEA410392EA030F7FEA226C7FEA236C59
:10316C006AD04FEA1262D2EB1363C1BFD21841404E
:10317C0048404140B8BF5B42192B88BF704710F0E4
:10318C00004F40F4000020F07F4018BF404211F087
:10319C00004F41F4000121F07F4118BF494292EAEF
:1031AC00030F3FD0A2F1010241FA03FC10EB0C001B
:1031BC00C3F1200301FA03F100F0004302D54942A8
:1031CC0060EB4000B0F5000F13D3B0F1807F06D355
:1031DC0040084FEA310102F10102FE2A51D2B1F14D
:1031EC00004F40EBC25008BF20F0010040EA030042
:1031FC007047490040EB0000013A28BFB0F5000FC2
:10320C00EDD2B0FA80FCACF1080CB2EB0C0200FA77
:10321C000CF0AABF00EBC25052421843BCBFD040C6
:10322C001843704792F0000F81F4000106BF80F440
:10323C0000000132013BB5E74FEA41037FEA226C03
:10324C0018BF7FEA236C21D092EA030F04D092F0CE
:10325C00000F08BF0846704790EA010F1CBF002002
:10326C00704712F07F4F04D1400028BF40F000405F
:10327C00704712F100723CBF00F50000704700F07F
:10328C00004343F0FE4040F4000070477FEA2262A6
:10329C0016BF08467FEA23630146420206BF5FEA77
:1032AC00412390EA010F40F4800070474FF0000377
:1032BC0004E000BF10F0004348BF40425FEA000C3E
:1032CC0008BF704743F0964301464FF000001CE0E6
:1032DC0050EA010208BF70474FF000030AE000BF3C
:1032EC0050EA010208BF704711F0004302D540427A
:1032FC0061EB41015FEA010C02BF844601460020EC
:10330C0043F0B64308BFA3F18053A3F50003BCFA06
:10331C008CF2083AA3EBC25310DB01FA02FC6344B3
:10332C0000FA02FCC2F12002BCF1004F20FA02F2BA
:10333C0043EB020008BF20F00100704702F12002AD
:10334C0001FA02FCC2F1200250EA4C0021FA02F20E
:10335C0043EB020008BF20EADC7070474FF0FF0C13
:10336C001CEAD0521EBF1CEAD15392EA0C0F93EA0E
:10337C000C0F6FD01A4480EA010C400218BF5FEAB0
:10338C0041211ED04FF0006343EA501043EA511123
:10339C00A0FB01310CF00040B1F5000F3EBF49001D
:1033AC0041EAD3715B0040EA010062F17F02FD2A21
:1033BC001DD8B3F1004F40EBC25008BF20F0010004
:1033CC00704790F0000F0CF0004C08BF49024CEA1B
:1033DC00502040EA51207F3AC2BFD2F1FF0340EAAD
:1033EC00C250704740F400004FF00003013A5DDC1E
:1033FC0012F1190FDCBF00F000407047C2F100025F
:10340C00410021FA02F1C2F1200200FA02FC5FEA4B
:10341C00310040F1000053EA4C0308BF20EADC7095
:10342C00704792F0000F00F0004C02BF400010F407
:10343C00000F013AF9D040EA0C0093F0000F01F0B4
:10344C00004C02BF490011F4000F013BF9D041EAD6
:10345C000C018FE70CEAD15392EA0C0F18BF93EAD8
:10346C000C0F0AD030F0004C18BF31F0004CD8D102
:10347C0080EA010000F00040704790F0000F17BF89
:10348C0090F0004F084691F0000F91F0004F14D0CF
:10349C0092EA0C0F01D142020FD193EA0C0F03D127
:1034AC004B0218BF084608D180EA010000F000402A
:1034BC0040F0FE4040F40000704740F0FE4040F405
:1034CC00400070474FF0FF0C1CEAD0521EBF1CEAA4
:1034DC00D15392EA0C0F93EA0C0F69D0A2EB0302C2
:1034EC0080EA010C49024FEA402037D04FF080535C
:1034FC0043EA111143EA10130CF000408B4238BF21
:10350C005B0042F17D024FF4000C8B4224BF5B1A2E
:10351C0040EA0C00B3EB510F24BFA3EB510340EA7C
:10352C005C00B3EB910F24BFA3EB910340EA9C002A
:10353C00B3EBD10F24BFA3EBD10340EADC001B019A
:10354C0018BF5FEA1C1CE0D1FD2A3FF650AF8B423E
:10355C0040EBC25008BF20F0010070470CF0004C4B
:10356C004CEA50207F32C2BFD2F1FF0340EAC25076
:10357C00704740F400004FF00003013A37E792F037
:10358C00000F00F0004C02BF400010F4000F013A95
:10359C00F9D040EA0C0093F0000F01F0004C02BF90
:1035AC00490011F4000F013BF9D041EA0C0195E7F9
:1035BC000CEAD15392EA0C0F08D142027FF47DAF92
:1035CC0093EA0C0F7FF470AF084676E793EA0C0F82
:1035DC0004D14B023FF44CAF08466EE730F0004C80
:1035EC0018BF31F0004CCAD130F000427FF45CAF10
:1035FC0031F000437FF43CAF5FE700BF4FF0FF3C7E
:10360C0006E000BF4FF0010C02E000BF4FF0010CD0
:10361C004DF804CD4FEA40024FEA41037FEA226C99
:10362C0018BF7FEA236C11D001B052EA530C18BFBB
:10363C0090EA010F58BFB2EB030088BFC81738BF20
:10364C006FEAE17018BF40F0010070477FEA226C0E
:10365C0002D15FEA402C05D17FEA236CE4D15FEA0A
:10366C00412CE1D05DF8040B704700BF844608463E
:10367C006146FFE70FB5FFF7C9FF002848BF10F1FF
:10368C00000F0FBD4DF808EDFFF7F4FF0CBF012044
:10369C0000205DF808FB00BF4DF808EDFFF7EAFFCE
:1036AC0034BF012000205DF808FB00BF4DF808ED89
:1036BC00FFF7E0FF94BF012000205DF808FB00BF7E
:1036CC004DF808EDFFF7D2FF94BF012000205DF804
:1036DC0008FB00BF4DF808EDFFF7C8FF34BF012011
:1036EC0000205DF808FB00BF42000ED2B2F1FE4F85
:1036FC000BD34FF09E03B3EB126209D44FEA0023B5
:10370C0043F0004323FA02F070474FF0000070477B
:10371C0012F1610F01D1420202D14FF0FF3070471C
:10372C004FF00000704700BF80B485B000AF034677
:10373C003960FB713B681B88DAB2FB795340FB7331
:10374C0097F90F301B015AB297F90F3053405BB207
:10375C00FB733B681B881B0A9BB21AB2FB7B1BB228
:10376C001B021BB253401AB2FB7B1BB2DB001BB219
:10377C0053401AB2FB7B1B09DBB21BB253401BB28A
:10378C009AB23B681A8000BF1437BD4680BC7047A4
:10379C0080B483B000AF78607B684FF6FF721A80FC
:1037AC0000BF0C37BD4680BC704780B584B000AFFD
:1037BC0078600B467B8007F10E031846FFF7E8FF95
:1037CC0009E07B685A1C7A601B7807F10E021146DF
:1037DC001846FFF7A9FF7B885A1E7A80002BF0D180
:1037EC00FB8918461037BD4680BD80B586B000AF4A
:1037FC00F860B9601346FB80BB687B6107E07B69AE
:10380C005A1C7A611B78F9681846FFF78DFFFB8804
:10381C005A1EFA80002BF2D100BF00BF1837BD46EC
:10382C0080BD000080B483B000AF78607B6800225C
:10383C001A607B6800225A607B680E4A9A607B682B
:10384C000D4ADA607B680D4A1A617B680C4A5A6132
:10385C007B680C4A9A617B680B4ADA617B680B4A7D
:10386C001A627B680A4A5A6200BF0C37BD4680BC9C
:10387C00704700BF67E6096A85AE67BB72F36E3CA2
:10388C003AF54FA57F520E518C68059BABD9831F1F
:10389C0019CDE05B80B4CFB000AF07F59C73A3F5F6
:1038AC009A73186007F59C73A3F59C73196007F560
:1038BC009C73A3F59A731B689B68C7F8343107F5A2
:1038CC009C73A3F59A731B68DB68C7F8303107F556
:1038DC009C73A3F59A731B681B69C7F82C3107F509
:1038EC009C73A3F59A731B685B69C7F8283107F5BD
:1038FC009C73A3F59A731B689B69C7F8243107F571
:10390C009C73A3F59A731B68DB69C7F8203107F524
:10391C009C73A3F59A731B681B6AC7F81C3107F5D7
:10392C009C73A3F59A731B685B6AC7F81831002364
:10393C00C7F8143116E0D7F814319B0007F59C72C8
:10394C00A2F59C7212681344196807F59C73A3F5D1
:10395C009673D7F8142143F82210D7F81431013399
:10396C00C7F81431D7F814310F2BE4DD1023C7F846
:10397C00143169E0D7F814319A1E07F59C73A3F53E
:10398C00967353F822304FEA7342D7F81431991ECC
:10399C0007F59C73A3F5967353F821304FEAF34364
:1039AC005A40D7F81431991E07F59C73A3F59673FA
:1039BC0053F821309B0A5A40D7F81431D91F07F518
:1039CC009C73A3F5967353F821301A44D7F814312D
:1039DC00A3F10F0107F59C73A3F5967353F82130EF
:1039EC004FEAF311D7F81431A3F10F0007F59C73CC
:1039FC00A3F5967353F820304FEAB3435940D7F8E8
:103A0C001431A3F10F0007F59C73A3F5967353F8CB
:103A1C002030DB084B401A44D7F81431A3F11001C5
:103A2C0007F59C73A3F5967353F82130D11807F55D
:103A3C009C73A3F59673D7F8142143F82210D7F88A
:103A4C0014310133C7F81431D7F814313F2B91DD01
:103A5C000023C7F8143178E0D7F824314FEAB312B9
:103A6C00D7F824314FEAF3235A40D7F824314FEAE0
:103A7C0073635A40D7F818311A44D7F82411D7F881
:103A8C0020311940D7F82431D843D7F81C310340E2
:103A9C004B401A446E49D7F8143151F823301A446C
:103AAC0007F59C73A3F59673D7F8141153F82130CE
:103ABC001344C7F81031D7F834314FEAB302D7F8B2
:103ACC0034314FEA73335A40D7F834314FEAB35399
:103ADC005A40D7F83011D7F82C315940D7F8343137
:103AEC001940D7F83001D7F82C3103404B40134420
:103AFC00C7F80C31D7F81C31C7F81831D7F820317A
:103B0C00C7F81C31D7F82431C7F82031D7F8282151
:103B1C00D7F810311344C7F82431D7F82C31C7F833
:103B2C002831D7F83031C7F82C31D7F83431C7F8F1
:103B3C003031D7F81021D7F80C311344C7F8343191
:103B4C00D7F814310133C7F81431D7F814313F2B9F
:103B5C0082DD07F59C73A3F59A731B689A68D7F8F6
:103B6C0034311A4407F59C73A3F59A731B689A6059
:103B7C0007F59C73A3F59A731B68DA68D7F8303194
:103B8C001A4407F59C73A3F59A731B68DA6007F562
:103B9C009C73A3F59A731B681A69D7F82C311A44D5
:103BAC0007F59C73A3F59A731B681A6107F59C7350
:103BBC00A3F59A731B685A69D7F828311A4407F58C
:103BCC009C73A3F59A731B685A6107F59C73A3F554
:103BDC009A731B689A69D7F824311A4407F59C73B9
:103BEC00A3F59A731B689A6107F59C73A3F59A73F6
:103BFC001B68DA69D7F820311A4407F59C73A3F5D2
:103C0C009A731B68DA6107F59C73A3F59A731B68AA
:103C1C001A6AD7F81C311A4407F59C73A3F59A73EA
:103C2C001B681A6207F59C73A3F59A731B685A6A92
:103C3C00D7F818311A4407F59C73A3F59A731B68CF
:103C4C005A6200BF07F59E77BD4680BC704700BF27
:103C5C00C4FD000880B59CB000AFF860B9607A6014
:103C6C00BB68FB66FB681B68FB65FB681A687B68B6
:103C7C00DB001A44FB681A60FB681B68FA6D9A42F9
:103C8C0004D9FB685B685A1CFB685A60FB6DDB0847
:103C9C0003F03F03BB6657E0BB6EC3F140037B668A
:103CAC007A687B6E9A4201D27B687B66FB6803F173
:103CBC002802BB6E13447A6EF96E18460CF054F859
:103CCC00BA6E7B6E1344BB66FA6E7B6E1344FB6656
:103CDC007A687B6ED31A7B60BB6E402B34D1FB6849
:103CEC002833BB6500233B6623E03B6E9B00BA6D1B
:103CFC0013447B6507F110023B6E9B0013443B653C
:103D0C007B6D03331A783B6D1A707B6D9A1C3B6D7F
:103D1C00013312781A707B6D5A1C3B6D023312788A
:103D2C001A703B6D03337A6D12781A703B6E013347
:103D3C003B663B6E0F2BD8DD07F110031946F86874
:103D4C00FFF7A8FD0023BB667B68002BA4D100BF46
:103D5C0000BF7037BD4680BD80B598B000AF7860AD
:103D6C0039607B681B68DB0803F03F03FB65FB6D68
:103D7C00C3F1770303F03F030133BB657B68083362
:103D8C007B6580233B7307F10C0301334722002131
:103D9C0018460BF0BDFF7B681A68BB6D0733D2B2B7
:103DAC0060333B4403F8542C7B681B681A0ABB6DC8
:103DBC000633D2B260333B4403F8542C7B681B6847
:103DCC001A0CBB6D0533D2B260333B4403F8542C50
:103DDC007B681B681A0EBB6D0433D2B260333B4454
:103DEC0003F8542C7B685A68BB6D0333D2B2603332
:103DFC003B4403F8542C7B685B681A0ABB6D023396
:103E0C00D2B260333B4403F8542C7B685B681A0CC9
:103E1C00BB6D0133D2B260333B4403F8542C7B6846
:103E2C005B681B0ED9B207F10C02BB6D13440A463A
:103E3C001A70BB6D03F1080207F10C031946786880
:103E4C00FFF708FF7B6DDA783B681A703B6801332B
:103E5C007A6D92781A703B6802337A6D52781A70C8
:103E6C003B6803337A6D12781A703B6804337A6DB1
:103E7C00D2791A703B6805337A6D92791A7000BF4B
:103E8C006037BD4680BD000080B483B000AF0346F0
:103E9C00FB71FA7913465B001344DB00034A1344AD
:103EAC0018460C37BD4680BC704700BFC8020020C6
:103EBC0080B483B000AF0346FB71FB7940F2231250
:103ECC0002FB03F3034A134418460C37BD4680BC6F
:103EDC00704700BF28030020B0B5A0B000AFF86059
:103EEC00B9607A60FB70FB68002B05D0FB681B780F
:103EFC0003F00103002B01D100234FE0FB685A783B
:103F0C00BB681A70FB68D3E90223C7E90423BB68BA
:103F1C00013307F11001062218460BF025FFFB6850
:103F2C00D3E90223541C43F10005FB68C3E90245A5
:103F3C0007F118031846FFF775FCFB6803F1100135
:103F4C0007F1180320221846FFF784FEFA7807F1D0
:103F5C00180379681846FFF77DFE97F8942007F14F
:103F6C001803D7F890101846FFF774FE07F11803E2
:103F7C000222D7F898101846FFF76CFE07F11803C9
:103F8C000722B9681846FFF765FEBB68DA1D07F112
:103F9C00180311461846FFF7DFFE0D23184680372D
:103FAC00BD46B0BD80B483B000AF78600B46FB70EB
:103FBC0002E0FB78013BFB70FB78012B06D9FB7808
:103FCC00013B7A6813441B78002BF2D0FB7818461F
:103FDC000C37BD4680BC7047B0B5AAB000AFF860D6
:103FEC00B9607A60FB68002B01D101233EE17B684C
:103FFC000233C7F8A0307B6803F58B73C7F89C308D
:10400C00D7F89C300733C7F8983007F12C031846C3
:10401C00FFF708FCFB6803F1100107F12C032022C9
:10402C001846FFF717FE07F12C030A22D7F8A01049
:10403C001846FFF70FFE7B6803F10C017B68DB78F9
:10404C001A4607F12C031846FFF704FE7B6803F5AC
:10405C008A7107F12C0302221846FFF7FBFD07F1CA
:10406C002C030722D7F89C101846FFF7F3FD07F135
:10407C00240207F12C0311461846FFF76DFE07F1D9
:10408C0024030622D7F8981018460BF031FE03468D
:10409C00002B05D0FB68022283F834200023E5E0D6
:1040AC00D7F89C301B7887F897304FF000024FF010
:1040BC000003C7E90623D7F89C30591C07F11803F5
:1040CC00062218460BF050FEBB68002B05D1FB688E
:1040DC00032283F834200023C8E00023A7F8A6307D
:1040EC002BE07B68D979B7F8A620B8681346DB00BB
:1040FC001344034403331B78994219D17B68197A12
:10410C00B7F8A620B8681346DB0013440344043305
:10411C001B7899420CD1B7F8A620B9681346DB007E
:10412C0013440B4402331B7897F897209A420BD018
:10413C00B7F8A6300133A7F8A630BB681B88B7F8D0
:10414C00A6209A42CDD300E000BFBB681B88B7F80D
:10415C00A6209A4246D1BB681B880F2B05D9FB6859
:10416C00042283F83420002380E0D7E90623414958
:10417C00541843F10005FB68D3E90223944275EB14
:10418C00030305D2FB68052283F8342000236DE07D
:10419C00B7F8A6207B68D879B9681346DB001344BE
:1041AC000B44033302461A70B7F8A6207B68187AC2
:1041BC00B9681346DB0013440B44043302461A70EF
:1041CC00B7F8A620B9681346DB0013440B4402333E
:1041DC0097F897201A70BB681B8801339AB2BB689A
:1041EC001A8021E04FF000024FF00003C7E90423CE
:1041FC00B7F8A6201346DB001344BA681344591DC4
:10420C0007F11003062218460BF0AEFDD7E9062382
:10421C00D7E90401904271EB030305D3FB68062236
:10422C0083F83420002321E0B7F8A6201346DB00E6
:10423C001344BA681344581DD7F89C300133062236
:10424C0019460BF091FDD7E90623F968D1E9020173
:10425C00904271EB030304D2D7E90623F968C1E954
:10426C000223FB68012283F8342001231846A83767
:10427C00BD46B0BD808D5B00F0B58FB004AFF8606B
:10428C007B600B46FB721346BB727B681B7B03F097
:10429C000203002B14BF0123002387F8263097F864
:1042AC00263083F00103DBB2002B0CD07B681B693A
:1042BC00002B08D07B681B691B7803F00103002BD3
:1042CC0001D0012300E0002387F8253097F8253032
:1042DC0003F0010387F8253097F82530002B01D027
:1042EC000D2300E0002387F824300A2387F82730B9
:1042FC0097F82630002B06D0FB68FE229A70062316
:10430C0087F8273002E0FB68FD229A7097F8263078
:10431C00002B0AD1FB680C3397F844201146184641
:10432C00FFF740FE03461A4601E097F84020FB6871
:10433C00DA70FB68FA7ADA71FB68BA7A1A72FB687F
:10434C0000221A7197F82530002B06D0FB681B79D8
:10435C0043F00103DAB2FB681A71FB6800225A7150
:10436C007B689A79FB689A717B689B790133DAB226
:10437C007B689A71FB689B783B76FB68DB787B7675
:10438C0097F82630002B13D0FB689B79BB76FB6823
:10439C00DB79FB76FB681B7A3B77FB685A7A997A58
:1043AC0009020A43DB7A1B041343DBB27B7730E050
:1043BC00FB681B79BB76FB685B79FB76FB689B79AA
:1043CC003B77FB68DB797B77FB681B7ABB77FB68F9
:1043DC005A7A997A09020A43DB7A1B041343DBB23B
:1043EC00FB77FB685A7A997A09020A43DB7A1B0439
:1043FC0013431B12DBB287F82030FB685A7A997A88
:10440C0009020A43DB7A1B0413431B14DBB287F843
:10441C00213097F827309BB2013B9AB207F1180371
:10442C00013311461846FFF7C0F90346FB82FB68BF
:10443C0003F10C01FB68DB781A4607F116031846EA
:10444C00FFF7D3F907F1160297F8483011461846D2
:10445C00FFF76AF9F98AFB680C33FA68D2781344CF
:10446C00CAB21A70FB8A1B0A99B2FB6803F10C02E0
:10447C00FB68DB7801331344CAB21A70FA8AFB6802
:10448C001A8097F82530002B1AD07B681C69FB68C2
:10449C0003F58B75FB680C33FA68D278F9680C312C
:1044AC00F868C078014497F8276007F1180002916A
:1044BC00019200933346024629462046FFF70CFD35
:1044CC00FB68DB781A4697F827309BB213449AB2F4
:1044DC0097F824309BB213449BB202339BB218461C
:1044EC002C37BD46F0BD80B588B004AF7860084667
:1044FC0011461A460346FB700B46BB7013467B7085
:10450C007B781846FFF7C0FCF860BA78F97897F812
:10451C00203002933B7F01933B7E0093FB687868CD
:10452C00FFF7AAFE034618461037BD4680BD80B57E
:10453C0086B004AF7860084611461A460346FB70F5
:10454C000B46BB7013467B70BA78F9783B7D0293AF
:10455C003B7C01937B78009300237868FFF7C3FFC3
:10456C00034618460837BD4680BD80B483B000AF03
:10457C0078607B689B780133DAB27B689A7000BFF5
:10458C000C37BD4680BC704780B586B000AF7860F4
:10459C0039603B68DB78FB733B689B78FE2B3AD128
:1045AC000023FB750523BB753B689A787B681A70F2
:1045BC007B680133FA7B1A707B6802333A68927914
:1045CC001A707B6803333A68D2791A707B680433AB
:1045DC003A68127A1A703B685A7A997A09020A4335
:1045EC00DB7A1B0413431A467B680533D2B21A706C
:1045FC007B68981D3B6803F10C013B68DB781A461D
:10460C000BF0B2FBBB7D3A68D278134401337A6865
:10461C0013443B616CE03B680C33FA7B1146184643
:10462C00FFF7C0FC0346FB730923BB753B689A7804
:10463C007B681A707B680133FA7B1A707B680233D3
:10464C003A6812791A707B6803333A6852791A7097
:10465C007B6804333A6892791A707B6805333A6840
:10466C00D2791A707B6806333A68127A1A703B68F2
:10467C005A7A997A09020A43DB7A1B0413431A46C5
:10468C007B680733D2B21A703B685A7A997A09025E
:10469C000A43DB7A1B0413431A0A7B680833D2B231
:1046AC001A703B685A7A997A09020A43DB7A1B041E
:1046BC0013431A0C7B680933D2B21A707B6803F16E
:1046CC000A003B680C33FA7B19460BF04DFBBA7DA4
:1046DC00FB7B134401337A6813443B613B681B79C1
:1046EC0003F00103002B01D00D2300E00023FB7528
:1046FC003B681B889BB2DAB23B691A703B681B881B
:10470C009BB21B0A9AB23B690133D2B21A70FB7D81
:10471C00002B08D03B69981C3B6803F58B73FA7D22
:10472C0019460BF021FBBB7D9AB2FB7B9BB2134469
:10473C009AB2FB7D9BB213449BB203339BB21846D7
:10474C001837BD4680BD80B584B000AF78600023BB
:10475C00FB8107F10E031846FFF71AF8FA897B68FC
:10476C001A8000BF1037BD4680BD80B584B000AF45
:10477C0078600B46FB707B681B889BB2FB8107F152
:10478C000E02FB7811461846FEF7CEFFFA897B68BD
:10479C001A8000BF1037BD4680BD000080B487B0C2
:1047AC0000AF786000237B6106233B6125E07A69CA
:1047BC003B69134401335B08FB601E49FA681346DE
:1047CC005B0013449B000B441B687A689A4203D22B
:1047DC00FB68013B3B6110E01649FA6813465B002D
:1047EC0013449B000B441B687A689A4202D9FB68FD
:1047FC007B6102E0FB687B6103E07A693B699A426A
:10480C00D5D30C497A6913465B0013449B000B44C7
:10481C001B687A689A4201D0002306E07A69134635
:10482C005B0013449B00034A134418461C37BD46D7
:10483C0080BC7047C4FE000880B588B000AFF8603B
:10484C00B9603B601346FB71BB6800221A70BB68F1
:10485C00DB78102B00F27F8201A252F823F000BF0C
:10486C00B1480008B14800080F4900087549000814
:10487C00A9490008C1490008D9490008F1490008B4
:10488C00094A0008634A0008AF4A00080B4B0008AD
:10489C00434B0008DB4B0008DB4B00089D4C000829
:1048AC009D4C0008FB79FD2B13D1BB680222DA70FA
:1048BC00FB680022DA70FB68FA799A70BB681B7B84
:1048CC0023F00103DAB2BB681A73F868FFF73BFFF9
:1048DC0038E2FB79FE2B40F03582BB680222DA709D
:1048EC00FB680022DA70FB68FA799A70BB681B7B54
:1048FC0043F00103DAB2BB681A73F868FFF723FFC1
:10490C0020E2BB681B78002B0FD0BB685B780133AF
:10491C00DAB2BB685A70B868FFF727FEBB68002292
:10492C001A70BB680122DA7015E2FB68FA79DA704A
:10493C00BB6800221A71FB791946F868FFF715FF5E
:10494C00BB681B7B03F00103002B09D0FB68002222
:10495C001A71FB6800225A71BB680522DA70FAE101
:10496C00BB680322DA70F6E1FB68FA791A71FB680E
:10497C001B79012B09D9B868FFF7F7FDBB6800223A
:10498C001A70BB680122DA70E5E1FB791946F86808
:10499C00FFF7EBFEBB680422DA70DCE1FB68FA7906
:1049AC005A71FB791946F868FFF7DFFEBB680522E0
:1049BC00DA70D0E1FB68FA799A71FB791946F868DC
:1049CC00FFF7D3FEBB680622DA70C4E1FB68FA7904
:1049DC00DA71FB791946F868FFF7C7FEBB68072246
:1049EC00DA70B8E1FB68FA791A72FB791946F86843
:1049FC00FFF7BBFEBB680822DA70ACE1FB7923F051
:104A0C007F43FA68D9B2002001435172190AC9B226
:104A1C000020014391721B0CDBB200210B43D372BB
:104A2C00FB791946F868FFF7A0FEBB681B7B03F007
:104A3C000103002B0BD0FB68DB78002B03D0BB6889
:104A4C000B22DA7087E1BB680C22DA7083E1BB6859
:104A5C000922DA707FE1FB685A7A997A09020A43D3
:104A6C00DB7A1B0413431A46FB791B02134323F016
:104A7C007F42FB68D1B2002001435972110AC9B2BE
:104A8C00002001439972120CD2B200210A43DA724F
:104A9C00FB791946F868FFF768FEBB680A22DA70E2
:104AAC0059E1FB685A7A997A09020A43DB7A1B04AA
:104ABC0013431A46FB791B04134323F07F42FB6814
:104ACC00D1B2002001435972110AC9B2002001432E
:104ADC009972120CD2B200210A43DA72FB79194690
:104AEC00F868FFF742FEFB68DB78002B03D0BB684D
:104AFC000B22DA702FE1BB680C22DA702BE1FB6819
:104B0C0003F10C02BB681B79591CC8B2B968087157
:104B1C001344FA791A70FB791946F868FFF725FEE9
:104B2C00BB681A79FB68DB789A4240F00D81BB6850
:104B3C000C22DA7008E1FB685A7A997A09020A4366
:104B4C00DB7A1B0413431846FFF728FEB861BB69D8
:104B5C00002B07D1BB680E22DA70FB68FA7983F858
:104B6C001421F3E0BB691B79FB75FB7D1946F868D2
:104B7C00FFF7FBFDFA79FB681B889BB2DBB29A420C
:104B8C0003D0BB680E22DA7002E0BB680D22DA702B
:104B9C00FB68FA7983F81421BB69002B00F0D680EE
:104BAC00BB681A79BB699B799A4280F0CF80FB680D
:104BBC000C33BA6812799818BB699B791A46BB6892
:104BCC001B79D31A1A4600210BF0A2F8BEE0BB6881
:104BDC00DB780E2B08D0FB799AB2FB681B889BB252
:104BEC001B0A9BB29A4203D0BB6802221A7002E0E5
:104BFC00BB6801221A70FB68FA7983F81521FB68EF
:104C0C001B7903F00103002B11D0BB681B78022B1E
:104C1C0003D1BB681022DA7005E0BB680F22DA7092
:104C2C00BB6800221A70BB680D225A7390E0BB68F7
:104C3C001B69002B1FD0BB681B691B6B002B13D08F
:104C4C00BB681B691A6BFB68597A987A000201439E
:104C5C00DB7A1B040B431946B8689047034683F074
:104C6C000103DBB2002B06D0BB681B78022B02D0F1
:104C7C00BB6803221A70BB680122DA703B68002BF8
:104C8C0066D040F22312F96838680BF06DF85FE0DB
:104C9C00BB685B7BC3F10D03FA681344FA7983F8A4
:104CAC001621BB685B7B013BDAB2BB685A73BB68ED
:104CBC005B7B002B4ED1BB681869BB685B69FA68DB
:104CCC001946FFF789F90346FB77FB7F83F0010355
:104CDC00DBB2002B17D0BB681B691B6B002B12D0EF
:104CEC00BB681B691A6BFB68597A987A00020143FE
:104CFC00DB7A1B040B431946B86890470346002B1C
:104D0C0001D00123FB77BB68DB78102B03D1BB6888
:104D1C0002221A7009E0FB7F002B03D0BB68012232
:104D2C001A7002E0BB6803221A70BB680122DA70A9
:104D3C003B68002B0ED040F22312F96838680BF058
:104D4C0013F807E000BF06E000BF04E000BF02E07C
:104D5C0000BF00E000BFBB681B78012B10D1FB68C3
:104D6C009A79BB685A71BB681B89002B02D1BB684E
:104D7C0000225A81BB681B8901339AB2BB681A8125
:104D8C003B68002B03D0FB68DA783B68DA70BB6AAF
:104D9C00002B1AD0BB68DA78BB6ADA70BB681A7958
:104DAC00BB6A1A71BB685B790133DAB2BB6A5A71A0
:104DBC00BB681A89BB6A1A81BB689B781A46BB6AA6
:104DCC005A81BB681A7BBB6A1A73BB6800229A7043
:104DDC00BB681B78022B11D13B68002B0ED0FB68F3
:104DEC0093F814311AB2FB6893F815311BB21B02FD
:104DFC001BB213431BB29AB23B681A80BB681B7878
:104E0C0018462037BD4680BD90B587B002AFBA605A
:104E1C007B600346FB730B46BB73FB7B1846FFF7AB
:104E2C0047F80446FB7B1846FFF72EF80146BA7B81
:104E3C007B680093BB682046FFF7FEFC03461846D0
:104E4C001437BD4690BD80B588B000AFBA607B60AA
:104E5C000346FB730B46BB73B97BF87B7B68BA6864
:104E6C00FFF7D2FF0346FB77FB7F022B02D0FB7FC1
:104E7C00032B20D1FB7B1846FFF71AF8B861FB7B9C
:104E8C001846FFF701F878617869FFF76EFB7B69CC
:104E9C0000221A707B690122DA70BB7BFD2B08D1D2
:104EAC007B690222DA70BB690022DA70B869FFF7FD
:104EBC004AFC002300E0FB7F18462037BD4680BD2E
:104ECC0080B584B000AF786039607B68DB78092BE3
:104EDC0028BF0923FB730922002138680AF018FF48
:104EEC007B680C33FA7B194638680AF03DFF00BF2B
:104EFC001037BD4680BD80B58EB002AF3A601A4601
:104F0C000346FB710B46BB7113467B717B6CFB60DC
:104F1C00BB6C3B61FB6C7B613B6DBB617B6DFB6177
:104F2C00BB6D3B62FB6D7B62BB8F3B857B7987F8EE
:104F3C002A3097F8383087F82B3097F8403087F8BC
:104F4C002C303B680C3307F10C01212218460AF077
:104F5C000BFF3B68002242F04C025A7200229A72FC
:104F6C000022DA72BA79F9799823019321230093FC
:104F7C0021233868FFF7DBFA034618463037BD4665
:104F8C0080BD80B584B000AF786039607B68DB7819
:104F9C00212B28BF2123FB732122002138680AF022
:104FAC00B7FE7B680C33FA7B194638680AF0DCFED6
:104FBC0000BF1037BD4680BD80B58AB002AF3A60E5
:104FCC001A460346FB710B46BB7113467B71FB6B98
:104FDC00BB603B6DFB60BB8E3B823B8F7B82B7F82B
:104FEC004030BB82B7F84430FB82B7F84C303B837F
:104FFC007B79BB7697F82830FB7697F82C303B778B
:10500C0097F830307B7797F84830BB773B680C3398
:10501C0007F10801172218460AF0A6FE3B68002289
:10502C0042F065025A7200229A720022DA72BA7940
:10503C00F979C22301931723009317233868FFF7DC
:10504C0076FA034618462037BD4680BD80B586B03B
:10505C0002AF3A601A460346FB710B46BB7113460E
:10506C007B71BB69BB607B793B733B7F7B733B681C
:10507C000C3307F10801062218460AF075FE3B684E
:10508C00002242F066025A7200229A720022DA72F0
:10509C00BA79F9798623019306230093062338689D
:1050AC00FFF745FA034618461037BD4680BD80B55C
:1050BC0084B000AF786039607B68DB78062B28BF42
:1050CC000623FB730622002138680AF021FE7B6858
:1050DC000C33FA7B194638680AF046FE00BF1037CD
:1050EC00BD4680BD80B586B002AF3A601A46034615
:1050FC00FB710B46BB7113467B717B793B733B7E1B
:10510C007B733B680C33BA891A803B68002242F0EF
:10511C0067025A7200229A720022DA72BA79F9790D
:10512C00512301930223009302233868FFF7FFF900
:10513C00034618461037BD4680BD80B584B000AF1D
:10514C00786039607B68DB78022B28BF0223FB7305
:10515C000222002138680AF0DBFD7B680C33FA7BF5
:10516C00194638680AF000FE00BF1037BD4680BDF6
:10517C0080B58AB002AFBA607B600346FB730B4606
:10518C00BB737B683B61BB6A7B61FB6ABB613B6B3E
:10519C00FB61BB680C3307F11001102218460AF0B2
:1051AC00E3FDBB68002262F02F025A72002242F02B
:1051BC0005029A720022DA72BA7BF97BAC23019356
:1051CC00102300931023B868FFF7B1F90346184673
:1051DC002037BD4680BD80B584B000AF78603960A3
:1051EC007B68DB78102B28BF1023FB731022002167
:1051FC0038680AF08DFD7B680C33FA7B19463868E9
:10520C000AF0B2FD00BF1037BD4680BD80B582B03C
:10521C0000AF7860786800F049F9274B1B78DBB257
:10522C00002B06D0244B00221A707968234800F01A
:10523C0051FA234B1B78DBB2002B06D0204B0022FB
:10524C001A7079681F4800F0C1FA1F4B1B78DBB24B
:10525C00002B15D01C4B00221A701C494FF000007B
:10526C0000F09CF91A4B1B78FF2B09D0184B1B78BC
:10527C00012B05D94FF000014FF0000000F08EF922
:10528C00144B1B78DBB2002B07D0124B00221A7088
:10529C00114B1B68184600F02FF9104B1B78DBB232
:1052AC00002B04D00D4B00221A7000F011FE00BF31
:1052BC000837BD4680BD00BF480000204C000020D0
:1052CC004900002070010020C402002000008A4226
:1052DC0000000020C502002040000020C602002073
:1052EC0080B485B000AF7860154B1B889BB2002B47
:1052FC0020D0134B1B889BB2013B9AB2104B1A80E7
:10530C000F4B1B889BB2002B14D10E4B1B78FF2B21
:10531C0010D00C4B1B781A466FF00F031341FB6037
:10532C0072B600BF084B1A68FB681340064A13603C
:10533C0062B600BF00BF1437BD4680BC704700BFCB
:10534C0002000020000000204000002080B483B048
:10535C0000AF7860054B1B78002B02D0044B012268
:10536C001A7000BF0C37BD4680BC70473C00002053
:10537C00C402002080B582B000AF7860786801F07C
:10538C004AF80346012B17D10D4B1B889BB2002BFF
:10539C0006D00B4B1B889BB2013B9AB2084B1A8070
:1053AC00074B1B889BB2002B07D1054B32221A806E
:1053BC00044B01221A7000E000BF0837BD4680BDC7
:1053CC0004000020C602002080B582B000AF7860D7
:1053DC00174B1B78012B22D1786801F01CF803467F
:1053EC00012B1ED0134B1B78012B1CD1124B1B888D
:1053FC009BB2002B06D0104B1B889BB2013B9AB280
:10540C000D4B1A800C4B1B889BB2002B0CD10A4BFA
:10541C004FF4FA721A80094B01221A7004E000BF93
:10542C0002E000BF00E000BF0837BD4680BD00BFF2
:10543C003C0000200000002006000020C5020020D7
:10544C0080B500AF0121022000F0F2FD00BF80BD4D
:10545C0080B582B000AF0346FB71084B1B68002B74
:10546C0007D0064B1B68064A1178FA79184600F0EB
:10547C00ADFD00BF0837BD4680BD00BF4400002015
:10548C000000002080B400AF024B1B781846BD46CC
:10549C0080BC70473C00002080B400AF024B1B78EE
:1054AC001846BD4680BC70470000002080B582B015
:1054BC0000AF78607B689B7B002B15D10D4B1B7864
:1054CC00FF2B13D0786800F0B1FF0346002B05D0FA
:1054DC00084B1B78184600F0C3FD08E0054B1B7801
:1054EC00184600F0D5FD02E000BF00E000BF083711
:1054FC00BD4680BD00000020B0B5ADF51C7D0AAFE7
:10550C0007F51273A3F51173186007F51273A3F561
:10551C0011731868FDF7CAFE044602F03BFB054602
:10552C001C4B1B781846FDF7C1FE034607F590721D
:10553C004FF00001099108930795174B06930594BA
:10554C004FF0000304934FF00003039300230293E6
:10555C00D3230193BE230093FF23A9210120FFF73E
:10556C00CAFC07F5907207F1080311461846FFF7BD
:10557C000BF80346A7F84632B7F8462207F10803A2
:10558C001146184602F03AF900BF07F51277BD46EE
:10559C00B0BD00BF000000200064EA4690B5ADF538
:1055AC00177D04AF07F51273A3F51173186007F597
:1055BC001273A3F512731960254B1B781846FDF76F
:1055CC0075FE0446234B1B681846FDF76FFE034619
:1055DC0007F59072029307F51273A3F512731B680B
:1055EC00019307F51273A3F511731B6800932346FF
:1055FC00A9210120FFF7BCFD07F5907207F1080304
:10560C0011461846FEF7C0FF0346A7F8463207F5C9
:10561C001273A3F512731868FEF766F80346DBB233
:10562C00002B08D1B7F8462207F10803114618469B
:10563C0002F0E4F807E0B7F8462207F10803114638
:10564C00184602F021F900BF07F51377BD4690BD4F
:10565C00000000204000002080B582B000AF03465F
:10566C00FB71F979074B084A0020FFF7ECFB034666
:10567C00002B02D0054B01221A7000BF0837BD4623
:10568C0080BD00BF940200204C0000204800002088
:10569C0080B582B000AF0346FB71F9790A4B0B4A17
:1056AC000120FFF7D0FB0346002B09D0074B9B686A
:1056BC00C3F31723B3F5BA6F02D1054B01221A704D
:1056CC0000BF0837BD4680BDAC0200207001002031
:1056DC004900002080B582B000AF786039607B68EB
:1056EC005A7A997A09020A43DB7A1B041343B3F5FD
:1056FC00BA6F4DD0B3F5BA6F62DC002B44D0002BDF
:10570C005EDB672B5CDC4C2B5ADB4C3B1B2B57D8E2
:10571C0001A252F823F000BFA7570008CD5700088C
:10572C00CD570008CD570008CD570008CD570008BD
:10573C00CD570008CD570008CD570008CD570008AD
:10574C00CD570008CD570008CD570008CD5700089D
:10575C00CD570008CD570008CD570008CD5700088D
:10576C00CD570008CD570008CD570008CD5700087D
:10577C00CD570008CD570008B1570008CD57000889
:10578C00BB570008C3570008786800F037F818E0DA
:10579C003968786800F04EF813E03968786800F0E2
:1057AC00F3F80EE03968786800F0D0F909E0786811
:1057BC0000F0E4F905E03968786800F04DFA00E093
:1057CC0000BF00BF0837BD4680BD00BF80B582B0AA
:1057DC0000AF786039607B685A7A997A09020A437B
:1057EC00DB7A1B041343B3F5BA6F03D139687868BD
:1057FC0000F020F800BF0837BD4680BD80B586B0EC
:10580C0000AF786007F10C0319467868FFF758FB76
:10581C007B7C002B07D0064B1B78002B03D101217E
:10582C00012000F005FC00BF1837BD4680BD00BF4D
:10583C003C00002090B589B000AF7860396007F16A
:10584C00080319467868FFF7C6FC3B6949491846B6
:10585C00FDF718FF0346002B14D0474B1B78002B89
:10586C0003D0464B1B78FF2B7DD1BB681846FDF748
:10587C003BFF0346DBB20133DBB21946012000F0DB
:10588C00D7FB70E03B694FF000011846FDF7FAFEBC
:10589C000346002B22D03A4B4FF4FA621A80374B56
:1058AC001B78FF2B61D0354B1B781A460F23D34046
:1058BC00BB6172B600BFBB69DA43324B1B6802EAAC
:1058CC0003047B691846FDF70FFF0246BB691340C2
:1058DC0023432C4A136062B600BF46E0386800F0E0
:1058EC009AFD0346082B0CD1244B1B780133184628
:1058FC00FDF7E0FC02463B6919461046FFF74EFEE9
:10590C0034E03B691846FDF7EFFE0346FB77FC6875
:10591C001A4B1B781846FDF7CDFC0346194620465A
:10592C00FDF7B0FE0346002B08D1FB684FF00001D9
:10593C001846FDF7A7FE0346002B07D00F4B1B782C
:10594C00FA7F1946386800F041FB0FE0FB7F052B0E
:10595C0002D0FB7F062B09D1FB683A691146184629
:10596C00FFF71CFE02E000BF00E000BF2437BD467D
:10597C0090BD00BF00008A423C00002000000020C7
:10598C00020000204000002090B591B000AF78607C
:10599C00396007F1080319467868FFF7F2FABB8CF7
:1059AC00D32B40F0C78097F82730A92B40F0C48048
:1059BC00BB681846FDF798FE034687F83B307B69B9
:1059CC001846FDF791FE03467B635D4B1B781A4628
:1059DC00102313413B63FB68012214464FF0000176
:1059EC001846FDF74FFE0346002B01D100231C4641
:1059FC00E3B287F82F300423FB632DE01022FB6BFE
:105A0C0042FA03F31A467B6B1340002B0CD097F829
:105A1C002F30002B08D1F86BFDF74CFC0246FB68CD
:105A2C0019461046FFF7BAFD1022FB6B42FA03F33E
:105A3C001A467B6B1340002B0BD097F82F30002BA2
:105A4C0007D0F86BFDF736FC03463E491846FFF7C6
:105A5C00A5FDFB6B013BFB63FB6B012BCEDC7A6B77
:105A6C003B6B1340002B19D097F82F30002B0DD126
:105A7C00334B1C78FB681846FDF736FE0346DBB249
:105A8C001A462146386800F0A1FA56E02C4B1B78D8
:105A9C0005221946386800F099FA4EE07B6B002B12
:105AAC004BD1386800F0B7FC034687F82E3097F8D6
:105ABC002E30042B19D197F82F30002B0DD1204B01
:105ACC001C78FB681846FDF70FFE0346DBB21A463E
:105ADC002146386800F07AFA2FE0194B1B78062221
:105AEC001946386800F072FA27E097F82E30072B29
:105AFC0003D097F82E30082B1FD197F82F30002B9E
:105B0C000CD10F4B1B7801331846FDF7D3FB024623
:105B1C00FB6819461046FFF741FD0EE0084B1B7859
:105B2C0001331846FDF7C6FB034607491846FFF735
:105B3C0035FD02E000BF00E000BF4437BD4690BD1C
:105B4C00000000200000A0400000C04080B582B0E2
:105B5C0000AF78603960084B1B78002B03D1012112
:105B6C00012000F065FA0121386800F043FC00BF09
:105B7C000837BD4680BD00BF3C00002080B586B014
:105B8C0000AF786007F1100319467868FFF78FFAB9
:105B9C0007F10803184600F0B3FA3B7D042B50D8EC
:105BAC0001A252F823F000BFC95B0008EF5B0008AC
:105BBC00155C0008375C00083D5C00083B69184622
:105BCC00FDF792FD03469BB23B8107F10803184693
:105BDC0000F0A8FA3B897A891146184601F066FB59
:105BEC0030E03B691846FDF77FFD03469BB27B8195
:105BFC0007F10803184600F095FA3B897A8911469B
:105C0C00184601F053FB1DE03B691846FDF76CFD8F
:105C1C000346DBB23B7307F10803184600F082FA27
:105C2C003B7B184601F032F80CE000F08DFA09E0ED
:105C3C0000F04AFA3B897A891146184601F036FB86
:105C4C0000E000BF3B7D3A691146184600F005F9AB
:105C5C0000BF1837BD4680BD80B584B000AF7860FA
:105C6C00396007F10C0319467868FFF766FA3B7B3D
:105C7C00332B00F2A78001A252F823F0595D0008E3
:105C8C00D15D0008615D0008695D0008715D000868
:105C9C00795D0008815D0008D15D00088B5D00080E
:105CAC00995D0008A15D0008D15D0008D15D000878
:105CBC00D15D0008D15D0008D15D0008D15D000800
:105CCC00D15D0008D15D0008D15D0008D15D0008F0
:105CDC00D15D0008D15D0008D15D0008D15D0008E0
:105CEC00D15D0008D15D0008D15D0008D15D0008D0
:105CFC00D15D0008D15D0008D15D0008D15D0008C0
:105D0C00D15D0008D15D0008D15D0008D15D0008AF
:105D1C00D15D0008D15D0008D15D0008D15D00089F
:105D2C00D15D0008D15D0008D15D0008D15D00088F
:105D3C00D15D0008D15D0008D15D0008D15D00087F
:105D4C00D15D0008A95D0008BD5D0008032001F0CD
:105D5C006DFA38E0042001F069FA34E0012001F01A
:105D6C0033FA30E0002001F02FFA2CE0022001F091
:105D7C002BFA28E00521386800F03CFB23E00020DA
:105D8C0001F054FA002001F01FFA1CE0012000F091
:105D9C009DFF18E0002000F099FF14E03B7B1846B3
:105DAC0000F02CF8642004F069F900F0FDF90AE029
:105DBC003B7B184600F022F8642004F05FF900F0F9
:105DCC000DFA00E000BF3B7B184600F017F80122EB
:105DDC004FF48051084805F03CFE4FF4FA7004F083
:105DEC004DF900224FF48051034805F032FE00BFFC
:105DFC001037BD4680BD00BF000C014080B5ADF52D
:105E0C00147D02AF024607F51273A3F241231A70F8
:105E1C0007F51273A3F241231B7807F59072012149
:105E2C000091A9210120FFF75DF907F5907207F1A8
:105E3C00080311461846FEF7A7FB0346A7F846329F
:105E4C00B7F8462207F108031146184601F0D6FCB4
:105E5C0000BF07F51277BD4680BD80B5ADF5147D4A
:105E6C0002AF024607F51273A3F51273196007F51A
:105E7C001273A3F241231A7007F51273A3F2412394
:105E8C00197807F590720123019307F51273A3F5A6
:105E9C0012731B6800930B46A9210120FFF7D6F85B
:105EAC0007F5907207F1080311461846FEF76CFBD4
:105EBC000346A7F84632B7F8462207F10803114605
:105ECC00184601F09BFC00BF07F51277BD4680BD5C
:105EDC002DE9F043ADF5277D0CAF01F0CBFA02466E
:105EEC0007F51A73A3F511731A6007F51A73A3F566
:105EFC001373184600F004F907F51A73A3F5117320
:105F0C0093F8008007F51A73A3F511735C7807F505
:105F1C001A73A3F511739D7807F51A73A3F5117312
:105F2C00DE7801F0B9F903467B6101F0ABF9034669
:105F3C003B6101F0F1FB814607F51A73A3F513736E
:105F4C001A88FA6007F51A73A3F513735988B960A8
:105F5C0007F51A73A3F513731879786000F0D4FE63
:105F6C000346194607F5A07247F232530A9309917A
:105F7C0078680890B9680791F9680691CDF8149083
:105F8C00396904917B690393029601950094434609
:105F9C00A9210120FFF710F807F5A07207F12803DB
:105FAC0011461846FEF7F0FA0346A7F86632B7F822
:105FBC00662207F128031146184601F01FFC00BFAA
:105FCC0007F51B77BD46BDE8F083000090B585B0A2
:105FDC0000AF78600B46FB701346BB70786800F01E
:105FEC001AFA0346FB73FB7B042B05D1BB781946CD
:105FFC00786800F0FFF915E0FB7B072B02D0FB7BE8
:10600C00082B0FD1094B1B7801331846FDF752F9B9
:10601C000446BB781846FDF749F903461946204655
:10602C00FFF7BCFA00BF1437BD4690BD000000203E
:10603C0080B582B000AF03460A46FB711346BB71B4
:10604C00054AFB791370054ABB79137000F024F9EB
:10605C0000BF0837BD4680BD3C000020000000207A
:10606C0080B483B000AF0346FB7172B600BFFB79FE
:10607C001022DA40054B1B681343044A136062B6C6
:10608C0000BF00BF0C37BD4680BC704740000020ED
:10609C0080B483B000AF0346FB7172B600BFFB79CE
:1060AC006FF0100242FA03F31A46064B1B681340BA
:1060BC00044A136062B600BF00BF0C37BD4680BCFB
:1060CC00704700BF4000002080B584B000AF3B4655
:1060DC00184600F00BFD0346002B0BD07B689AB2E0
:1060EC00064B1A80BB689AB2044B5A80FB68DAB232
:1060FC00024B1A7100BF1037BD4680BD080000204E
:10610C0080B483B000AF78607B68054A1068186073
:10611C0092889A8078680C37BD4680BC704700BF67
:10612C000800002080B483B000AF7860054B7A681B
:10613C001068186092889A8000BF0C37BD4680BCEE
:10614C00704700BF0800002080B584B000AF4FF04E
:10615C00A5333B60084B1B887B60074B5B88BB609F
:10616C00054B1B79FB603B46184600F0DBFC00BF7F
:10617C001037BD4680BD00BF0800002080B400AFC2
:10618C00BFF34F8F00BF064BDB6803F4E06204499A
:10619C00044B1343CB60BFF34F8F00BF00BFFDE731
:1061AC0000ED00E00400FA0580B500AF084BDB6998
:1061BC00074A43F0C053D361064B1B68054A43F4AE
:1061CC0080731360044B4DF6AD625A60FFF7D6FF37
:1061DC000010024000700040006C004080B500AF21
:1061EC00024B00225A60FFF7C9FF00BF006C004051
:1061FC0080B582B000AFFFF745F90346002B3BD1C9
:10620C0003F032FF7860224B1B78022B25D0022B37
:10621C003BDC002B02D0012B09D036E000F0C6FD90
:10622C001C4A7B6813601A4B01221A702DE0FFF791
:10623C0029F90346022B21D0164B1B687A68D31A16
:10624C00D22B1DD900F0C6FD01F0C0FA114A7B68B3
:10625C0013600F4B02221A7012E0FFF713F903467A
:10626C00012B0FD00B4B1B687A68D31A642B0BD9FC
:10627C00074B00221A7007E000BF06E000BF04E0E5
:10628C0000BF02E000BF00E000BF0837BD4680BD84
:10629C00B4070020B807002080B582B000AFFFF72C
:1062AC00F1F80346FB71FB79012B02D0022B05D0D0
:1062BC0007E000F08FFD01F089FA02E000F076FDB6
:1062CC0000BF00BF0837BD4680BD80B500AFFFF7EB
:1062DC00D9F80346184680BD80B483B000AF78600F
:1062EC007B6800221A707B6800225A707B6800223F
:1062FC009A707B680022DA707B6800225A607B6897
:10630C0000229A607B6800221A737B6800225A7301
:10631C007B6800229A7300BF0C37BD4680BC704767
:10632C0080B584B000AF78607B689B78002B1DD063
:10633C007B6800229A707B685B78FB73FB7B052B78
:10634C0002D0FB7B062B09D17B681B78042B05D173
:10635C00FB7B1946786800F0B8FB07E0FB7B012B50
:10636C0004D1FB7B1946786800F0AFFB7B681B7887
:10637C00082B39D801A252F823F000BFAD630008F6
:10638C00B5630008BD630008C5630008CD63000851
:10639C00D5630008DD630008E5630008ED630008C1
:1063AC00786800F05BF820E0786800F07DF81CE07D
:1063BC00786800F0A7F818E0786800F0D1F814E0DD
:1063CC00786800F06FF910E0786800F096F90CE04E
:1063DC00786800F09EF908E0786800F0A6F904E00F
:1063EC00786800F0F3F900E000BF00BF1037BD463D
:1063FC0080BD00BF80B483B000AF78600B46FB70EB
:10640C007B68FA785A707B6801229A7000BF0C374F
:10641C00BD4680BC704780B483B000AF78607B68A9
:10642C001B7818460C37BD4680BC704780B483B0CF
:10643C0000AF78607B681B78042B07D07B681B78D7
:10644C00052B03D07B681B78062B01D1012300E0C0
:10645C00002318460C37BD4680BC704780B584B00D
:10646C0000AF7860FFF731FF0346002B18D001F026
:10647C0001F80346FB603B7B002B04D002217868BB
:10648C0000F023FB0DE07B7B002B04D0042178680B
:10649C0000F01BFB05E00321786800F016FB00E020
:1064AC0000BF1037BD4680BD80B584B000AF7860AA
:1064BC00134B1B78002B08D1042000F0B7FE0020F2
:1064CC0000F082FE0E4B01221A7000F0D3FF03463F
:1064DC00FB60BB7B002B04D000F0D4FE0346012BE9
:1064EC0007D0FB7B002B07D000F0CCFE0346022B21
:1064FC0002D1002000F068FE00BF1037BD4680BD01
:10650C00BC07002080B584B000AF786000F0B2FF0B
:10651C000346FB60BB7B002B0CBF01230023DBB2CB
:10652C00184600F051FE3B7B002B07D0032000F0F7
:10653C007DFE03F099FD02467B685A6003F094FDE2
:10654C0002467B685B68D31A41F27072934203D99E
:10655C000321786800F0B9FA00BF1037BD4680BD42
:10656C0080B584B000AF786000F084FF0346FB6018
:10657C007B68DB78072B00F2888001A252F823F0AD
:10658C00AD650008C56500089766000897660008A9
:10659C009766000897660008EF65000873660008A8
:1065AC00042000F043FE7B680122DA7003F05CFDEE
:1065BC0002467B685A6071E003F056FD02467B6828
:1065CC005B68D31AB3F5C87F63D3022000F0FCFDDF
:1065DC0003F04AFD02467B685A607B680622DA703B
:1065EC0057E03B7B002B04D00221786800F06DFA59
:1065FC0054E07B7B002B07D0002000F0E5FD04214C
:10660C00786800F062FA49E0FB7B002B07D0002091
:10661C0000F0DAFD0721786800F057FA3EE003F04D
:10662C0023FD02467B685B68D31AB3F57A5F32D9D7
:10663C00002000F0C9FD7B681B7B002B07D07B681A
:10664C0001229A730821786800F03FFA23E07B68F6
:10665C0001221A737B680722DA7003F005FD0246EB
:10666C007B685A6017E003F0FFFC02467B685B68AE
:10667C00D31AB3F5FA7F10D37B680022DA7003F0DB
:10668C00F3FC02467B685A6007E07B680022DA70F4
:10669C0004E000BF02E000BF00E000BF00BF103705
:1066AC00BD4680BD80B584B000AF786000F0E2FEDE
:1066BC000346FB603B7B002B04D00221786800F082
:1066CC0004FA17E000F0DEFD0346002B07D0002093
:1066DC0000F07AFD03F0C8FC02467B685A6003F0B8
:1066EC00C3FC02467B685B68D31AC72B02D9042013
:1066FC0000F09CFD1037BD4680BD80B582B000AF68
:10670C0078600021786800F0BBF800BF0837BD4600
:10671C0080BD80B582B000AF78600121786800F050
:10672C00AFF800BF0837BD4680BD80B584B000AF60
:10673C00786000F09FFE0346FB603B7B002B04D08F
:10674C000221786800F0C1F93DE0032000F06EFDF5
:10675C00FB7B002B0BD07B68DB78002B07D103F085
:10676C0083FC02467B685A607B680122DA707B6886
:10677C00DB78012B0ED103F077FC02467B685B685B
:10678C00D31AB3F5FA7F05D9012000F01DFD7B6803
:10679C000222DA70BB7B002B08D0FB7B002B05D1CF
:1067AC007B6801225A73022000F00EFDBB7B002B8C
:1067BC0002D0FB7B002B06D07B685B7B002B02D0CE
:1067CC00002000F001FD1037BD4680BD80B584B0BF
:1067DC0000AF7860FEF760FE0346FB7303F044FCE9
:1067EC000246244B1B68D31AB3F5967F2AD303F0C9
:1067FC003BFC03461F4A13604FF400511E4805F042
:10680C0040F91E4B1B78002B0ED0FB7B1846FFF774
:10681C0027FC1A4B1B78002B0CBF01230023DBB287
:10682C001A46164B1A700DE0FB7B1846FFF730FC2E
:10683C00124B1B78002B0CBF01230023DBB21A4632
:10684C000E4B1A7000F016FE0346BB603B7A002B11
:10685C000CD07B6800229A730221786800F035F91D
:10686C0000224FF40051044805F0F3F800BF103734
:10687C00BD4680BDC0070020000C0140C4070020AD
:10688C0080B584B000AF78600B46FB7000F0F2FD71
:10689C000346FB607B68DB78023B052B00F2E9804A
:1068AC0001A252F823F000BFCD680008E56800088B
:1068BC00156900084169000871690008656A0008DB
:1068CC00012000F081FC03F0CFFB02467B685A608C
:1068DC007B680322DA70D9E003F0C6FB02467B68C2
:1068EC005B68D31AC82B03D8BB7B002B00F0C58088
:1068FC00002000F069FC03F0B7FB02467B685A608D
:10690C007B680422DA70B8E003F0AEFB02467B68C9
:10691C005B68D31AB3F5967F40F2B180032000F088
:10692C0085FC03F0A1FB02467B685A607B6805225C
:10693C00DA70A4E003F098FB02467B685B68D31A1C
:10694C00C82B40F29E80022000F03EFC03F08CFB32
:10695C0002467B689A604F4B00221A707B680622B5
:10696C00DA708EE0FB7B002B0DD0002000F02CFCAD
:10697C007B6800225A73474B00221A7007217868F3
:10698C0000F0A3F882E07B7B002B0ED0414B1B78F0
:10699C00002B0AD13F4B01221A70FB78002B04D03C
:1069AC0003F062FB02467B689A607B7B002B0BD169
:1069BC00384B1B78012B07D1364B02221A7003F08F
:1069CC0053FB02467B689A607B7B002B1DD0314BBE
:1069DC001B78022B19D1FB78002B08D02D4B0022F1
:1069EC001A7003F041FB02467B689A6009E0294B60
:1069FC0000221A70002000F0E7FB0421786800F0F8
:106A0C0064F87B6800221A7340E003F02DFB024609
:106A1C007B689B68D31AB3F5FA5F34D91D4B0022FF
:106A2C001A70002000F0D0FB7B681B7B002B07D07A
:106A3C007B6801229A730821786800F046F822E0FE
:106A4C007B6801221A737B680722DA7003F00CFB57
:106A5C0002467B685A6016E003F006FB02467B6830
:106A6C005B68D31AB3F5FA7F0FD97B680222DA7010
:106A7C000BE07B680222DA7008E000BF06E000BF82
:106A8C0004E000BF02E000BF00E000BF00BF103711
:106A9C00BD4680BDC507002080B582B000AF7860D0
:106AAC007B680022DA7003F0DFFA02467B685A60DA
:106ABC007B6800229A607B6800221A737B68002234
:106ACC005A7300BF0837BD4680BD80B582B000AF99
:106ADC0078600B46FB707B68FA781A707868FFF761
:106AEC00DBFF00BF0837BD4680BD000090B484B00A
:106AFC0000AF78600A4BFB60FB681B68B3F1A53FE5
:106B0C0001D0002306E07A68FB6814460FCB84E8BA
:106B1C000F00012318461037BD4690BC704700BFCC
:106B2C0000240108B0B58AB000AF786004F0AAFB6D
:106B3C0007F10C0300221A605A609A60DA601A4B53
:106B4C007B610123BB610023BB6007F1080207F1E5
:106B5C000C031146184604F07DFC7B683B62042351
:106B6C00FB6100237B6215E07B6A03F1007303F584
:106B7C00924399007B6A9B003A6A13441B6800227B
:106B8C001C46154622462B46022004F00BFB7B6A62
:106B9C0001337B627A6AFB699A42E5D304F098FB75
:106BAC0000BF2837BD46B0BD0024010880B582B0B7
:106BBC0000AF3B461846FFF7A3FA3A79084B1A7018
:106BCC00084B00221A80064B1B78184600F0BCF8C4
:106BDC00002000F0A3F800BF0837BD4680BD00BF01
:106BEC00C6070020C807002080B584B000AF7860CD
:106BFC00396000F0BBFD0346002B3BD03868FFF733
:106C0C000AFC0346FB721D497868FCF763FD0346DA
:106C1C00002B02D1FB7A042B02D00023FB6023E073
:106C2C0017497868FCF74CFD0346002B03D04FF452
:106C3C00FA63FB6018E013497868FCF741FD0346E2
:106C4C00002B03D04FF47A63FB600DE00E4978689B
:106C5C00FCF736FD0346002B03D042F21073FB60A9
:106C6C0002E044F26823FB60F86800F057F800F08B
:106C7C0087FD00E000BF1037BD4680BD0000A0417D
:106C8C0000007041000020410000A04080B582B09F
:106C9C0000AF0346FB710B4AFB791370094B1B7851
:106CAC00184600F051F8084B1B88002B02D044F614
:106CBC001F6300E00023184600F030F800BF0837CF
:106CCC00BD4680BDC6070020C807002080B582B035
:106CDC0000AF0346FB71FB79002B02D04FF480729E
:106CEC0000E00022074B1A80FB79002B02D044F6FF
:106CFC001F6300E00023184600F010F800BF0837AF
:106D0C00BD4680BDC807002080B400AF024B1B8875
:106D1C001846BD4680BC7047C807002080B582B0BD
:106D2C0000AF78600421074806F096FA054B1B6803
:106D3C007A689A630421034806F0ECF900BF08371F
:106D4C00BD4680BD540B002080B58AB000AF034611
:106D5C00FB710421144806F07FFA07F10C030022A2
:106D6C001A605A609A60DA601A615A619A616023FB
:106D7C00FB6000233B61FB79002B01D0022300E078
:106D8C0000237B610023FB6107F10C0304221946ED
:106D9C00054806F0A3FE0421034806F0BBF900BF2A
:106DAC002837BD4680BD00BF540B002080B500AF16
:106DBC00252003F0D8FE054807F0E4FF044B002221
:106DCC001A7000F03BF900BF80BD00BF700D0020B1
:106DDC00CA07002080B500AF0C4B93F83D30DBB2F6
:106DEC00012B11D1094806F001F9084B1B686FF013
:106DFC0001021A611E2003F0B6FE044806F046F8A4
:106E0C00024802F0EDFE00E000BF80BDBC0C00208B
:106E1C0090B587B000AF78607B681B681E4A9342C0
:106E2C0034D17B681B7F012B32D10021786807F0AD
:106E3C0021F878610421786807F01CF838617B68C8
:106E4C005B6801331846FCF731FA034613491846C0
:106E5C00FCF784FA03461C46114B1B681846FCF7DA
:106E6C0025FA034619462046FCF72CFB0346FB602B
:106E7C003869FCF71BFA03461946F868FCF76EFAFA
:106E8C000346BB60B86800F00DF802E000BF00E0FC
:106E9C0000BF1C37BD4690BD00080040002474495B
:106EAC001000002080B584B000AF7860FEF7EAFADD
:106EBC000346FB72FB7A002B21D145497868FCF71D
:106ECC0009FC0346002B15D042497868FCF7E4FB1B
:106EDC000346002B0ED0404B1B780133DAB23E4BED
:106EEC001A703D4B1B78092B08D9FEF7A9FAFFF74E
:106EFC00D3F903E0384B00221A7065E064E0374B9D
:106F0C001B6819467868FCF71FF90346FB604FF0C5
:106F1C000001F868FCF7C0FB0346002B03D0FB68AC
:106F2C0083F00043FB602E49F868FCF7B5FB034681
:106F3C00002B0AD02B4B1B780133DAB2294B1A7079
:106F4C00284B1B78042B07D83EE0244A7B6813603F
:106F5C00244B00221A7037E0224B00221A7040F2A8
:106F6C004C424FF46171786800F040F80346002BF6
:106F7C0003D01D4B01221A7026E01B4B1B78002BF3
:106F8C0021D04FF4C8624FF4AF61786800F02EF84E
:106F9C000346002B06D0144B00221A700520FEF776
:106FAC0057FA11E040F6340240F26C71786800F048
:106FBC001DF80346002B07D00B4B00221A7006203D
:106FCC00FEF746FA00E000BF1037BD4680BD00BF9B
:106FDC000080474400A00945CB070020CC070020C7
:106FEC0000002041D0070020CA07002080B582B0E5
:106FFC0000AF78600B467B8013463B807B8818463D
:10700C00FCF754F9034619467868FCF763FB034612
:10701C00002B0DD03B881846FCF748F9034619465F
:10702C007868FCF739FB0346002B01D0012300E004
:10703C00002318460837BD4680BD000080B590B0CF
:10704C0000AF07F1300300221A605A609A60DA60D0
:10705C0007F11C0300221A605A609A60DA601A6108
:10706C0007F10C0300221A605A609A60DA603B1D2B
:10707C0000221A605A60424B424A1A60404B3F222F
:10708C005A603F4B00229A603D4B4FF6FF72DA601C
:10709C003B4B00221A613A4B00229A61384805F0AA
:1070AC0099FE0346002B01D001F07DF94FF480537B
:1070BC003B6307F130031946314806F0D1FD034616
:1070CC00002B01D001F06FF92D4806F029F9034689
:1070DC00002B01D001F067F90423FB6150233B62C4
:1070EC0000237B620023BB620023FB6207F11C03BD
:1070FC001946234806F07BFE0346002B01D001F015
:10710C0052F90023FB6001233B6100237B610023C8
:10711C00BB6107F10C0300221946194806F042FC2A
:10712C000346002B01D001F03EF90223FB60022341
:10713C003B6107F10C0304221946114806F032FC9E
:10714C000346002B01D001F02EF900237B600023B5
:10715C00BB603B1D19460A4807F0FAFC0346002B9E
:10716C0001D001F020F90021054806F0FFF90421B7
:10717C00034806F03BF900BF4037BD4680BD00BF59
:10718C00BC0C00200008004080B582B000AF3B462C
:10719C001846FEF7B5FF3A88084B1A807A88084BD8
:1071AC001A800021074805F0B5FF0821054805F0B5
:1071BC00B1FF00BF0837BD4680BD00BFD40700201B
:1071CC00D6070020540B002080B483B000AF0346D8
:1071DC00FB71144B1B78FA799A421DD0FB79012B69
:1071EC0005D1114B1B684FF47A72DA6310E0FB790E
:1071FC00022B05D10C4B1B684FF4FA62DA6307E0E3
:10720C00FB79002B04D1084B1B6840F2DC52DA638B
:10721C00044AFB79137000E000BF0C37BD4680BCFC
:10722C00704700BFD1070020540B002080B483B0FE
:10723C0000AF0346FB710F4B1B78FA799A4214D0BE
:10724C00FB79032B05D10C4B1A880C4B1B685A632A
:10725C0007E0FB79042B04D1094B1A88074B1B68F8
:10726C005A63044AFB79137000E000BF0C37BD462B
:10727C0080BC7047D2070020D4070020540B00209C
:10728C00D607002080B400AF024B1B781846BD46D1
:10729C0080BC7047D107002080B400AF024B1B7834
:1072AC001846BD4680BC7047D207002080B483B01E
:1072BC0000AF03460A46FB801346BB800E4AFB8890
:1072CC0013800E4ABB8813800D4B1B78032B05D102
:1072DC00094B1A880B4B1B685A6308E0084B1B7848
:1072EC00042B04D1054B1A88064B1B685A6300BF4C
:1072FC000C37BD4680BC7047D4070020D607002051
:10730C00D2070020540B002098B500AF524B1B78CD
:10731C005BB25B005CB24FF48041504804F082FBDE
:10732C000346002B0CBF01230023DBB25BB22343CB
:10733C005BB2DAB2484B1A70474B1B7803F00F0361
:10734C000F2B03D1464B01221A7008E0424B1B78DD
:10735C0003F00F03002B02D1414B00221A70414B5A
:10736C001B785BB25B005CB24FF400413B4804F00D
:10737C0059FB0346002B0CBF01230023DBB25BB28D
:10738C0023435BB2DAB2374B1A70364B1B7803F0DF
:10739C000F030F2B03D1324B01225A7008E0314BF3
:1073AC001B7803F00F03002B02D12D4B00225A70D7
:1073BC002D4B1B785BB25B005CB201212B4804F0B7
:1073CC0031FB0346002B0CBF01230023DBB25BB265
:1073DC0023435BB2DAB2244B1A70234B1B7803F0B5
:1073EC000F030F2B03D11E4B0122DA7008E01E4B4A
:1073FC001B7803F00F03002B02D1194B0022DA701B
:10740C001B4B1B785BB25B005CB24FF40051134812
:10741C0004F008FB0346002B0CBF01230023DBB256
:10742C005BB223435BB2DAB2114B1A70104B1B7870
:10743C0003F00F030F2B03D1094B01229A7008E0C4
:10744C000B4B1B7803F00F03002B02D1044B0022D3
:10745C009A7000BF98BD00BFD807002000100140F3
:10746C00DC070020D9070020DA07002000140140B7
:10747C00DB07002080B483B000AF0A4B1B687B6035
:10748C0000233A7962F307037A7962F30F23BA790E
:10749C0062F31743FA7962F31F6318460C37BD4643
:1074AC0080BC7047DC070020B0B588B000AF194B2A
:1074BC0007F108041D460FCD0FC495E8030084E8BE
:1074CC00030007F108031946134800F0BBFC1248EF
:1074DC0000F0D8FC00BF104800F0C7FC0346002B9E
:1074EC00F9D10E4A3B1D1268114619800233120C59
:1074FC001A703B1D1946084800F0E7FC00BF06480F
:10750C0000F0B3FC0346002BF9D100BF00BF2037BD
:10751C00BD46B0BDA8FD0008E0070020C0FD000876
:10752C0080B582B000AF1B4800F0B9FC00BF194811
:10753C0000F09BFC0346002BF9D100BF154800F06E
:10754C0030FD034683F00103DBB2002BF6D10021A2
:10755C00104800F03CFD00BF0E4800F086FC0346CE
:10756C00002BF9D10B4800F047FD0346FB80B7F91F
:10757C000630094A934208DBB7F9063043F2D302CE
:10758C00934202DC054AFB88138000BF0837BD46D6
:10759C0080BD00BFE007002085EAFFFF0E00002041
:1075AC0080B582B000AF02F05FFD78603C4B1B7879
:1075BC00002B0DD13B4B1B687A68D31A41F28732F2
:1075CC00934205D9364B01221A70364A7B681360F8
:1075DC00334B1B78052B5ED801A252F823F000BF69
:1075EC0099760008057600081D7600083B760008A1
:1075FC004B760008917600082B4800F050FC02F006
:10760C0033FD0346294A1360254B02221A7042E0CF
:10761C0002F02AFD0246254B1B68D31A224AB2F807
:10762C007820934234D31E4B03221A7030E0002191
:10763C001D4800F0CCFC1A4B04221A702BE01A489F
:10764C0000F013FC034683F00103DBB2002B21D0C6
:10765C00154800F0D1FC03467B80B7F90230144A80
:10766C00934208DBB7F9023043F2D302934202DCB7
:10767C00104A7B8813800A4B00221A700E4B012291
:10768C001A7007E0064B00221A7004E000BF02E0FB
:10769C0000BF00E000BF00BF0837BD4680BD00BF83
:1076AC005C08002064080020E0070020600800202F
:1076BC0085EAFFFF0E0000206808002080B400AFB0
:1076CC0000BFBD4680BC704780B582B000AF78600B
:1076DC00034800F0AFFE00BF0837BD4680BD00BFB9
:1076EC00E007002080B400AF094BB3F90030094A21
:1076FC00934208DB064BB3F9003043F2D3029342BA
:10770C0001DC012300E000231846BD4680BC704715
:10771C000E00002085EAFFFF80B500AFFFF7E2FF07
:10772C000346002B02D14FF000030BE0064BB3F9DC
:10773C0000301846FBF7BEFD034604491846FBF71C
:10774C000DFE0346184680BD0E0000200AD7233CD0
:10775C0080B582B000AF7860034800F06BFE00BFCC
:10776C000837BD4680BD00BFE007002080B400AFE5
:10777C00024B1B781846BD4680BC70476808002039
:10778C0080B400AF034B00221A7000BFBD4680BC12
:10779C00704700BF6808002080B500AF02F082FA85
:1077AC00074800F04DF9074B00221A7001220649D8
:1077BC00034807F0D9FB00F009F800BF80BD00BFFB
:1077CC00B80D00206C0800206A08002080B500AFBE
:1077DC0002F03EFA064800F033F9064B00221A700C
:1077EC0001220549024807F0BFFB00BF80BD00BF66
:1077FC00700D00206B0800206908002080B586B051
:10780C0000AF78600B467B807B88002B2FD07B8869
:10781C00B3F58C7F2BD8EFF31083FB60FB687B6197
:10782C0072B600BF154B1B78FB74FB7C002B02D18E
:10783C00124B01221A707B69BB60BB6883F3108802
:10784C0000BFFB7C002B14D17B881A4679680C484E
:10785C0008F08AFA7B881A4609490A4807F04FFB58
:10786C000346002B06D0054B00221A7002E000BF25
:10787C0000E000BF1837BD4680BD00BF6B0800207C
:10788C0070080020700D002080B586B000AF7860C5
:10789C000B467B807B88002B35D07B88B3F58C7FA7
:1078AC0031D8EFF31083FB60FB687B6172B600BFCD
:1078BC00184B1B78FB74FB7C002B02D1154B01225F
:1078CC001A707B69BB60BB6883F3108800BFFB7CBC
:1078DC00002B1AD17B881A4679680F4808F044FAB5
:1078EC007B881A460C490D4807F064FB0346002BB5
:1078FC000CD07A880A230849084807F075FA054B1A
:10790C0000221A7002E000BF00E000BF1837BD462D
:10791C0080BD00BF6C08002088090020B80D002035
:10792C0080B584B000AF78607B681B68124A9342C4
:10793C000CD1124B1B78BB7301221049104807F075
:10794C0013FBBB7B1846FDF787FE10E07B681B68BA
:10795C000C4A93420BD10C4B1B78FB7301220A4946
:10796C000A4807F001FBFB7B1846FDF791FE00BFB0
:10797C001037BD4680BD00BF0038014069080020AB
:10798C00700D0020004400406A080020B80D002053
:10799C0080B483B000AF78607B681B68094A93425F
:1079AC0003D1094B00221A7007E07B681B68074A59
:1079BC00934202D1064B00221A7000BF0C37BD4611
:1079CC0080BC7047003801406B0800200044004028
:1079DC006C08002080B582B000AF7860786800F049
:1079EC002FF87B681B680E4A934208D10D4B00227E
:1079FC001A7001220C490D4807F0B6FA0CE07B68AE
:107A0C001B680B4A934207D10A4B00221A700122C1
:107A1C0009490A4807F0A8FA00BF0837BD4680BDDF
:107A2C00003801406B08002069080020700D002010
:107A3C00004400406C0800206A080020B80D0020AB
:107A4C0080B485B000AF78607B681B681B68FB60F6
:107A5C007B681B685B68FB60FB6800BF1437BD4626
:107A6C0080BC704780B400AF034B4FF000021A602B
:107A7C0000BFBD4680BC7047A00A002080B582B014
:107A8C0000AF02F0F1FA78602EE000F007F903463F
:107A9C001846FBF70BFC034636491846FBF712FD5C
:107AAC00034635491846FBF759FC0346334918463B
:107ABC00FBF754FC03463B60314B1B6831491846BD
:107ACC00FBF74CFC034639681846FBF73FFB0346B3
:107ADC004FF081411846FBF7F5FC03461A46284B3C
:107AEC001A600A2002F0CAFA02F0BEFA02467B685B
:107AFC00D31AB3F5FA7FC8D3214B1B68214918461A
:107B0C00FBF7E8FD0346002B17D01D4B1B681E49E5
:107B1C001846FBF7CBFD0346002B0ED0002210219C
:107B2C001A4803F096FF1E2002F0A8FA01224FF427
:107B3C000041174803F08DFF17E0114B1B681249E9
:107B4C001846FBF7C7FD0346002B00D10DE00122C0
:107B5C0010210E4803F07DFF1E2002F08FFA002248
:107B6C004FF400410A4803F074FF00BF0837BD46CC
:107B7C0080BD00BF00F07F45CDCC04413333534072
:107B8C00A00A0020000040403333F34000080140BD
:107B9C00000C014080B400AF024B1B681846BD4678
:107BAC0080BC7047A00A002080B584B000AF3B1D9C
:107BBC0000221A605A609A60184B194A1A60174BC7
:107BCC0000229A60154B00221A73144B00221A756E
:107BDC00124B4FF46022DA61104B00225A600F4BAB
:107BEC0001221A610D4802F06DFA0346002B01D0F8
:107BFC0000F0D9FB00237B600123BB600023FB60FA
:107C0C003B1D1946054802F0F5FC0346002B01D03C
:107C1C0000F0C9FB00BF1037BD4680BDA40A002090
:107C2C000024014080B588B000AF786007F11003E4
:107C3C0000221A605A609A60DA607B681B68144AEA
:107C4C00934221D1134B9B69124A43F40073936105
:107C5C00104B9B6903F40073FB60FB680D4B9B6935
:107C6C000C4A43F0040393610A4B9B6903F0040331
:107C7C00BB60BB6801233B6103237B6107F11003ED
:107C8C001946054803F08EFC00BF2037BD4680BD69
:107C9C0000240140001002400008014080B500AFF4
:107CAC00064802F0E7FA4FF0FF31044802F090FB6F
:107CBC00024802F093FC0346184680BDA40A00203B
:107CCC0080B500AFFEF700FAFFF75EFAFFF764FD30
:107CDC00FFF7EAFBFFF724FCFFF7C4FEFFF7CEFE2D
:107CEC00FEF764FF0248FEF7F7FA00BF80BD00BF45
:107CFC00D40A002080B500AFFEF77AFA0A48FDF7E7
:107D0C0085FAFFF74DFCFFF7EDFC0346002B06D080
:107D1C00FFF702FD034604491846FEF765FF0248CB
:107D2C00FEF7FEFA00BF80BDD40A002080B500AF7C
:107D3C00124B1B8801339AB2104B1A80FFF7E4FAEE
:107D4C00FFF7BCFC0E48FDF7CBFA0C4B1B88B3F5C8
:107D5C00FA7F0AD3094B00221A804FF4804109485C
:107D6C0003F08FFE0648FDF7F1FA0548FDF702FB1C
:107D7C000348FDF729FB00BF80BD00BFE40A0020CB
:107D8C00D40A0020000C014080B582B000AF7860AE
:107D9C007868FFF7C5FD00BF0837BD4680BD80B5CC
:107DAC0082B000AF78607868FFF7F2FD00BF08374B
:107DBC00BD4680BD80B582B000AF78607868FFF7B3
:107DCC0009FE00BF0837BD4680BD80B582B000AF4C
:107DDC0078607868FFF71CF800BF0837BD4680BD97
:107DEC0080B582B000AF78607868FFF76DFC00BF9B
:107DFC000837BD4680BD000080B582B000AF104B87
:107E0C005B690F4A43F0010353610D4B5B6903F04F
:107E1C0001037B607B68002200210E2002F079FEBA
:107E2C000E2002F092FE00220021112002F071FEC1
:107E3C00112002F08AFE00BF0837BD4680BD00BF8E
:107E4C000010024080B582B000AF786039607B686A
:107E5C004FF44872A3F878207B683968184600F014
:107E6C00A8FA00BF0837BD4680BD80B582B000AF10
:107E7C0078607B68184601F0E8F803461846083726
:107E8C00BD4680BD80B582B000AF78607B68184677
:107E9C0001F0ECF8034618460837BD4680BD80B5A6
:107EAC0084B002AF786002F0DFF802467B685A6754
:107EBC0078680023009300230022442101F00BF981
:107ECC00034618460837BD4680BD80B586B002AF64
:107EDC00786039607F23FB733B689B780B2B14D045
:107EEC000B2B1ADC092B02D00A2B07D015E01F2311
:107EFC00FB737B686422A3F8782016E03F23FB73A6
:107F0C007B68C822A3F878200FE05F23FB737B68A3
:107F1C004FF4C872A3F8782007E07F23FB737B68CB
:107F2C004FF44872A3F8782000BF3B6893F90130F6
:107F3C007D2B02DD3B687D225A703B6893F9013042
:107F4C0013F1370F02DA3B68C9225A703B6893F978
:107F5C0000307D2B02DD3B687D221A703B6893F963
:107F6C00003013F1370F02DA3B68C9221A703B68F4
:107F7C0093F90130DBB23B733B6893F90030DBB211
:107F8C007B73FB7BBB73786807F10C0200230093B7
:107F9C0003234E2101F09FF8034618461037BD46C7
:107FAC0080BD80B582B000AF786002F05DF802460B
:107FBC007B685B6FD31A7A68B2F8782093422CBF37
:107FCC0001230023DBB218460837BD4680BD80B5BF
:107FDC0084B002AF78600B46FB707868F97809239F
:107FEC000193002300930023BE2201F0DEF8034628
:107FFC0018460837BD4680BD80B588B000AF7860A4
:10800C004B4BBB610123FB757B6807F10C0109220B
:10801C00184601F05EF90346092B7FD107F10C03DA
:10802C000821184600F0DAFF03461A463B7D9A42B7
:10803C0076D13B7B1AB27B7B1BB21B021BB2134368
:10804C001BB2FB83B7F91E30002B04DAFB8B5B42AF
:10805C00FB83FF23FB753B7C5B11DBB203F003035B
:10806C00DBB20933BB75BB7D093B032B4CD801A29A
:10807C0052F823F091800008AB800008C9800008FA
:10808C00F3800008FB8BDB089BB21A46322302FB01
:10809C0003F3BB617B68092283F87A2037E0FB8B02
:1080AC009B089BB21A4613469B0013449A00134438
:1080BC00BB617B680A2283F87A2028E0FB8B5B0883
:1080CC009BB21A4613465B019B1A9B001344194A38
:1080DC0082FB03129210DB17D31ABB617B680B2255
:1080EC0083F87A2013E0FB8B40F2712202FB03F33E
:1080FC00114A82FB03125211DB17D31ABB617B6846
:10810C000C2283F87A2002E00123FB7500BF97F95B
:10811C001720BB6902FB03F3BB6102E000BF00E068
:10812C0000BFBB691BB218462037BD4680BD00BFDF
:10813C00F0D8FFFF676666661F85EB5180B58AB085
:10814C0000AF07F1140300221A605A609A60DA60DB
:10815C00504B9B694F4A43F0100393614D4B9B6905
:10816C0003F010033B613B694A4B9B69494A43F05E
:10817C0020039361474B9B6903F02003FB60FB6872
:10818C00444B9B69434A43F004039361414B9B6905
:10819C0003F00403BB60BB683E4B9B693D4A43F054
:1081AC00080393613B4B9B6903F008037B607B687E
:1081BC0000221021384803F04CFC00224FF474418B
:1081CC00364803F046FC4FF460437B610023BB61EF
:1081DC000123FB6107F114031946314803F0E2F95E
:1081EC0001237B610023BB610123FB6107F11403B5
:1081FC0019462C4803F0D6F910237B610123BB618F
:10820C000023FB6102233B6207F114031946224849
:10821C0003F0C8F94FF480637B611123BB61002329
:10822C00FB6102233B6207F1140319461B4803F060
:10823C00B9F94FF4E0437B610123BB610023FB617F
:10824C0002233B6207F114031946144803F0AAF900
:10825C004FF400437B610123BB610223FB610223CA
:10826C003B6207F1140319460C4803F09BF90E4BC3
:10827C005B687B627B6A43F0E0637B627B6A43F4FE
:10828C0000437B62084A7B6A536000BF2837BD46B7
:10829C0080BD00BF0010024000080140000C0140EE
:1082AC0000100140001401400000014080B500AFF7
:1082BC0062B600BF01F080FE00F019F8FFF73EFF38
:1082CC00FFF79AFD01F032F901F09AFA01F0EAFC9D
:1082DC0001F0BEFC01F0A2FB01F054FBFFF764FCC3
:1082EC0001F0B6F8FFF7ECFCFFF704FDFCE780B5F6
:1082FC0094B000AF07F1280328220021184607F09C
:10830C0007FD07F1140300221A605A609A60DA60C4
:10831C001A613B1D00221A605A609A60DA600A23C7
:10832C00BB620123BB631023FB6301233B64022369
:10833C007B640023BB644FF46013FB6407F12803D8
:10834C00184603F0C3FB0346002B01D000F02BF8BA
:10835C000F237B610223BB610023FB614FF480631D
:10836C003B6200237B6207F114030221184603F0E1
:10837C002FFE0346002B01D000F015F803237B6081
:10838C004FF40073BB604FF44043FB603B1D184639
:10839C0003F0ACFF0346002B01D000F004F800BF43
:1083AC005037BD4680BD80B400AF72B600BF00BF71
:1083BC00FDE780B584B000AF786039603B689B8A7C
:1083CC001A467B68DA603B689B8A1A047B681A61E0
:1083DC003B689B8A1A467B685A613B681A697B68C2
:1083EC009A603B681A687B681A603B689A687B687D
:1083FC005A603B681A7B7B6883F83C207B68186862
:10840C003B685B681A460E2105F0C0FD7B68FB607B
:10841C000123FB72FB7A002B02D0FB68DB6801E0C6
:10842C00FB681B69FA689268136100BF00BF1037C4
:10843C00BD4680BD80B5AAB000AF78607B6893F86C
:10844C003A30012B04D0022B00F0618200F0BDBD4C
:10845C007B68C7F8A430D7F8A43093F83230072BD8
:10846C0000F2508201A252F823F000BF9984000858
:10847C00F784000851850008BB8500086986000850
:10848C008D870008DF87000831880008D7F8A430F2
:10849C001B681B6840F2F312DA62D7F8A4301B6831
:1084AC0040F2F312DA60D7F8A430C7F8A0300023FA
:1084BC0087F89F3097F89F30002B03D0D7F8A03067
:1084CC00DB6802E0D7F8A0301B69D7F8A0209268CF
:1084DC00136100BFD7F8A43093F832300133DAB20D
:1084EC00D7F8A43083F832200FE2D7F8A4301B68F9
:1084FC001B686322DA62D7F8A4301B686322DA6047
:10850C00D7F8A430C7F89830012387F8973097F83C
:10851C009730002B03D0D7F89830DB6802E0D7F8FF
:10852C0098301B69D7F898209268136100BFD7F870
:10853C00A43093F832300133DAB2D7F8A43083F890
:10854C003220E2E1D7F8A430C7F89030D7F8903059
:10855C009B689A68D7F890305B691340002B14BF66
:10856C0001230023DBB2002B09D0D7F8A43003225F
:10857C0083F83B20D7F8A40000F03EFFC5E1D7F804
:10858C00A4301B681B6840F2F312DA62D7F8A430EF
:10859C001B6840F2F312DA60D7F8A43093F832304B
:1085AC000133DAB2D7F8A43083F83220ADE1D7F832
:1085BC00A4309B8E1A46D7F8A43013441B7E1A465F
:1085CC00D7F8A43093F8333042FA03F303F00103E5
:1085DC00002B01D0092200E04522D7F8A4301B68FB
:1085EC001B68DA62D7F8A4309B8E1A46D7F8A430F1
:1085FC0013441B7E1A46D7F8A43093F8333042FA52
:10860C0003F303F00103002B01D0092200E0452203
:10861C00D7F8A4301B68DA60D7F8A430C7F88C30D0
:10862C00002387F88B3097F88B30002B03D0D7F8CA
:10863C008C30DB6802E0D7F88C301B69D7F88C20C3
:10864C009268136100BFD7F8A43093F8323001332D
:10865C00DAB2D7F8A43083F8322056E1D7F8A43038
:10866C009B8E1A46D7F8A43013441B7E1A46D7F8B3
:10867C00A43093F8333042FA03F303F00103002BD8
:10868C0001D0452200E00922D7F8A4301B681B68F2
:10869C00DA62D7F8A4309B8E1A46D7F8A43013446C
:1086AC001B7E1A46D7F8A43093F8333042FA03F302
:1086BC0003F00103002B01D0452200E00922D7F87A
:1086CC00A4301B68DA60D7F8A430C7F884300123D3
:1086DC0087F8833097F88330002B03D0D7F8843099
:1086EC00DB6802E0D7F884301B69D7F884209268E5
:1086FC00136100BFD7F8A43093F833300133DAB2EA
:10870C00D7F8A43083F83320D7F8A43093F833305B
:10871C00082B2FD1D7F8A430002283F83320D7F8B8
:10872C00A4309B8E01339AB2D7F8A4309A86D7F82E
:10873C00A4309A8ED7F8A430DB8E9A4214D1D7F895
:10874C00A4301B8F002B09D0D7F8A430052283F856
:10875C003220D7F8A43000229A86D6E0D7F8A4307D
:10876C00032283F83A20D0E0D7F8A430032283F810
:10877C003220CAE0D7F8A430032283F83220C4E0B8
:10878C00D7F8A4301B681B680922DA62D7F8A4302A
:10879C001B680922DA60D7F8A430FB67002387F83E
:1087AC007B3097F87B30002B02D0FB6FDB6801E04D
:1087BC00FB6F1B69FA6F9268136100BFD7F8A43086
:1087CC0093F832300133DAB2D7F8A43083F8322080
:1087DC009BE0D7F8A4301B681B680922DA62D7F833
:1087EC00A4301B680922DA60D7F8A4307B67012318
:1087FC0087F8733097F87330002B02D07B6FDB68EF
:10880C0001E07B6F1B697A6F9268136100BFD7F828
:10881C00A43093F832300133DAB2D7F8A43083F8AD
:10882C00322072E0D7F8A4301B681B683B22DA6256
:10883C00D7F8A4301B683B22DA60D7F8A430FB666B
:10884C00FB6E9B689A68FB6E5B691340002B14BF30
:10885C0001230023DBB2002B24D0D7F8A430DB8E0D
:10886C001A46D7F8A4309B8E1344D7F8A42013448F
:10887C001B7E5AB2D7F8A43093F833301946012333
:10888C008B405BB213435AB2D7F8A430DB8E194637
:10889C00D7F8A4309B8E0B44D1B2D7F8A420134444
:1088AC000A461A76D7F8A430052283F83220D7F876
:1088BC00A43093F833300133DAB2D7F8A43083F80C
:1088CC003320D7F8A43093F83330082B1CD1D7F8C9
:1088DC00A430002283F83320D7F8A4309B8E0133C8
:1088EC009AB2D7F8A4309A86D7F8A4309A8ED7F8D3
:1088FC00A4301B8F9A4207D1D7F8A430032283F8F7
:10890C003A2001E000BF00E000BF00BF61E37B68DC
:10891C00BB66BB6E93F832300C2B00F2518301A274
:10892C0052F823F065890008B1890008F98900081C
:10893C004F8A0008C38A00085B8B0008A38B0008D1
:10894C00EB8B00083F8C0008878C0008CF8C00084C
:10895C00C18D00085B8E0008BB6E1B681B6840F263
:10896C00F312DA62BB6E1B6840F2F312DA60BB6E74
:10897C007B66002387F8633097F86330002B02D0B6
:10898C007B6EDB6801E07B6E1B697A6E926813610B
:10899C0000BFBB6E93F832300133DAB2BB6E83F892
:1089AC00322010E3BB6E1B681B686322DA62BB6E5D
:1089BC001B686322DA60BB6EFB65012387F85B30B2
:1089CC0097F85B30002B02D0FB6DDB6801E0FB6D90
:1089DC001B69FA6D9268136100BFBB6E93F832305D
:1089EC000133DAB2BB6E83F83220ECE2BB6E7B65EE
:1089FC007B6D9B689A687B6D5B691340002B14BF81
:108A0C0001230023DBB2002B07D0BB6E032283F8BB
:108A1C003B20B86E00F0F0FCD5E2BB6E1B681B6807
:108A2C0040F2F312DA62BB6E1B6840F2F312DA60AA
:108A3C00BB6E93F832300133DAB2BB6E83F832205E
:108A4C00C1E2BB6E1B7E1A46BB6E93F8333042FA02
:108A5C0003F303F00103002B09D0BB6E1B681B68EA
:108A6C000922DA62BB6E1B680922DA6008E0BB6E71
:108A7C001B681B684522DA62BB6E1B684522DA60F4
:108A8C00BB6E3B65002387F84F3097F84F30002BB7
:108A9C0002D03B6DDB6801E03B6D1B693A6D92685F
:108AAC00136100BFBB6E93F832300133DAB2BB6E88
:108ABC0083F8322087E2BB6E1B7E1A46BB6E93F89E
:108ACC00333042FA03F303F00103002B09D0BB6EE1
:108ADC001B681B684522DA62BB6E1B684522DA6094
:108AEC0008E0BB6E1B681B680922DA62BB6E1B6850
:108AFC000922DA60BB6EBB64012387F8473097F814
:108B0C004730002B02D0BB6CDB6801E0BB6C1B69EF
:108B1C00BA6C9268136100BFBB6E93F833300133AB
:108B2C00DAB2BB6E83F83320BB6E93F83330082B6C
:108B3C0008D1BB6E002283F83320BB6E052283F86C
:108B4C00322040E2BB6E032283F832203BE2BB6E44
:108B5C001B681B680922DA62BB6E1B680922DA608B
:108B6C00BB6E3B64002387F83F3097F83F30002BF7
:108B7C0002D03B6CDB6801E03B6C1B693A6C926881
:108B8C00136100BFBB6E93F832300133DAB2BB6EA7
:108B9C0083F8322017E2BB6E1B681B680922DA626D
:108BAC00BB6E1B680922DA60BB6EBB63012387F8BE
:108BBC00373097F83730002B02D0BB6BDB6801E005
:108BCC00BB6B1B69BA6B9268136100BFBB6E93F8E9
:108BDC0032300133DAB2BB6E83F83220F3E1BB6E74
:108BEC001B681B683B22DA62BB6E1B683B22DA6097
:108BFC00BB6E3B633B6B9B689A683B6B5B6913403A
:108C0C00002B14BF01230023DBB2002B04D0BB6E5E
:108C1C00102283F8662003E0BB6E002283F86620E6
:108C2C00BB6E93F832300133DAB2BB6E83F832206C
:108C3C00C9E1BB6E1B681B680922DA62BB6E1B683C
:108C4C000922DA60BB6EFB62002387F82B3097F8A1
:108C5C002B30002B02D0FB6ADB6801E0FB6A1B693E
:108C6C00FA6A9268136100BFBB6E93F8323001331D
:108C7C00DAB2BB6E83F83220A5E1BB6E1B681B68B1
:108C8C000922DA62BB6E1B680922DA60BB6E7B625A
:108C9C00012387F8233097F82330002B02D07B6A0E
:108CAC00DB6801E07B6A1B697A6A9268136100BF1A
:108CBC00BB6E93F832300133DAB2BB6E83F83220DC
:108CCC0081E1BB6E1B681B683B22DA62BB6E1B68C2
:108CDC003B22DA60BB6EFB61FB699B689A68FB699F
:108CEC005B691340002B14BF01230023DBB2002B64
:108CFC0008D0BB6E93F8663043F00103DAB2BB6E5A
:108D0C0083F86620BB6E93F832300133DAB2BB6E57
:108D1C0083F83220BB6E93F833300133FB76BB6E95
:108D2C0093F86630002B37D10023BB76BB6E93F8DB
:108D3C006730FA7E9A4216D2BB6E93F83330DB085A
:108D4C00DBB21A46BB6E134493F86A301A46BB6EFC
:108D5C0093F8333003F0070342FA03F3DBB203F06A
:108D6C000103BB760EE0BB6E93F86730FA7E9A4235
:108D7C0002D10123BB7605E00023BB76BB6EFA7EE5
:108D8C0083F86820BB7E002B01D0102200E001226A
:108D9C00BB6E83F8662015E1BB6E93F86630112B21
:108DAC0040F01081BB6E052283F83B20B86E00F0BA
:108DBC0023FB07E1BB6E93F86630102B25D1BB6EFD
:108DCC001B681B680922DA62BB6E1B680922DA6019
:108DDC00BB6E93F83330DB08D8B20246BB6E13443B
:108DEC0093F86A305AB2BB6E93F8333003F0070332
:108DFC00012101FA03F35BB213435BB20146DAB211
:108E0C00BB6E0B4483F86A2008E0BB6E1B681B68C2
:108E1C004522DA62BB6E1B684522DA60BB6E7B6151
:108E2C000023FB74FB7C002B02D07B69DB6801E028
:108E3C007B691B697A699268136100BFBB6E93F8FA
:108E4C0032300133DAB2BB6E83F83220BBE0BB6E3A
:108E5C0093F86630102B09D1BB6E1B681B6845223A
:108E6C00DA62BB6E1B684522DA6008E0BB6E1B68D9
:108E7C001B680922DA62BB6E1B680922DA60BB6EC2
:108E8C00FB600123FB72FB7A002B02D0FB68DB68D2
:108E9C0001E0FB681B69FA689268136100BFBB6E46
:108EAC0093F833300133DAB2BB6E83F83320BB6EE8
:108EBC0093F83330402B7ED1BB6E002283F83320E5
:108ECC00BB6E002283F83220BB6E6A330721184632
:108EDC0000F084F803461A46BB6E93F871309A4240
:108EEC0039D1BB6E93F83C30002B16D1BB6E93F886
:108EFC0065300733DB00BA6E1344581DBB6E6A3302
:108F0C000822194606F030FFBB6E93F8653001332A
:108F1C00DAB2BB6E83F865201DE0BB6E93F83C2083
:108F2C00BB6E93F86A309A4215D1BB6E93F86530DC
:108F3C000733DB00BA6E1344581DBB6E6A3308222C
:108F4C00194606F011FFBB6E93F865300133DAB2A7
:108F5C00BB6E83F86520BB6E6A330822002118466D
:108F6C0006F0D6FEBB6E93F86820BB6E83F86720C4
:108F7C00BB6E002283F86820BB6E93F86730002B21
:108F8C0004D0BB6E93F86530052B08D1BB6E012263
:108F9C0083F86920BB6E032283F83A2013E0BB6E82
:108FAC00F0221A76BB6E002283F83320BB6E0022AF
:108FBC0083F8322007E0BB6E052283F8322002E0F2
:108FCC0000BF00E000BF00BF03E0786800F014FAB7
:108FDC0000BF00BFA837BD4680BD00BF80B485B0C0
:108FEC0000AF78600B467B800023FB7322E07B682C
:108FFC005A1C7A601B78BB7308237B7317E0FA7BCF
:10900C00BB7B5340DBB203F001033B73FB7B5B0880
:10901C00FB733B7B002B04D0FB7B83F07303DB43A4
:10902C00FB73BB7B5B08BB737B7B013B7B737B7BE9
:10903C00002BE4D17B885A1E7A80002BD7D1FB7B86
:10904C0018461437BD4680BC704780B483B000AF5F
:10905C0078607B6893F83A30002B14BF012300230F
:10906C00DBB218460C37BD4680BC704780B582B069
:10907C0000AF7860786800F06BF903461A467B689D
:10908C0083F83B207B6893F83B30002B03D0786847
:10909C0000F0B2F918E07B68022283F83A207B6872
:1090AC00F0221A767B68002283F865207B68663391
:1090BC000C220021184606F02BFE7B683D3328223B
:1090CC000021184606F024FE7B6893F83B301846C6
:1090DC000837BD4680BD80B586B000AFF8607A60B9
:1090EC001A460B46FB7213463B817B68002B0AD158
:1090FC003B89002B07D0FB68042283F83B20F868DF
:10910C0000F07AF94AE03A893B8C1344102B07DDC6
:10911C00FB68042283F83B20F86800F06DF93DE011
:10912C00F86800F015F903461A46FB6883F83B20F3
:10913C00FB6893F83B30002B03D0F86800F05CF927
:10914C002CE0FB68012283F83A20FB68CC221A76CB
:10915C00FB68FA7A5A767B68002B19D00023FB82C5
:10916C000CE0FB8A7A681A44FB8A02331178FA689D
:10917C0013440A461A76FB8A0133FB82FA8A3B892E
:10918C009A42EED33B8902339AB2FB68DA8602E04C
:10919C00FB680222DA86FB683A8C1A87FB6893F824
:1091AC003B3018461837BD4680BD80B586B000AF41
:1091BC00F8607B600B46FB721346BB727B68002B1E
:1091CC000AD13B8C002B07D0FB68042283F83B2090
:1091DC00F86800F011F975E03A8CBB8C1344102B35
:1091EC0007DDFB68042283F83B20F86800F004F9E3
:1091FC0068E0FB6893F86530002B05D0FB6893F8AA
:10920C006530FA7A9A4207D3FB68052283F83B2033
:10921C00F86800F0F1F855E0F86800F099F80346AA
:10922C001A46FB6883F83B20FB6893F83B30002B15
:10923C0003D0F86800F0E0F844E0FB68012283F802
:10924C003A20FB6855221A760023FB7510E0F97A58
:10925C00FA7DFB7D0133F868C90001440A443D32B4
:10926C001178FA6813440A461A76FB7D0133FB75B4
:10927C00FB7D072BEBD9FB68BA7A83F821207B683E
:10928C00002B19D00023BB820CE0BB8A7A681A44ED
:10929C00BB8A0A331178FA6813440A461A76BB8AD9
:1092AC000133BB82BA8A3B8C9A42EED33B8C0A3395
:1092BC009AB2FB68DA8602E0FB680A22DA86FB685F
:1092CC00BA8C1A87FB6893F83B3018461837BD46A2
:1092DC0080BD80B487B000AFF860B9601346FB80E6
:1092EC00FB681B8FFB82FA88FB8A9A4201D2FB88AF
:1092FC00FB82FB68DB8E1A46FB8A13441A2B0BD9B4
:10930C00FB68DB8E192B05D8FB68DB8EC3F11A03C7
:10931C00FB8201E0002316E00023BB820EE0FB6819
:10932C00DB8E1A46BB8A1A44BB8AB9680B44F968AF
:10933C000A44127E1A70BB8A0133BB82BA8AFB8A3A
:10934C009A42ECD3FB8A18461C37BD4680BC70474A
:10935C0080B586B000AF78600023FB757B6893F80E
:10936C003A30002B02D00123FB7540E07B68FB6098
:10937C000123FB72FB7A002B02D0FB68DB6801E057
:10938C00FB681B69FA689268136100BF7B683B61DC
:10939C003B699B689A683B695B691340002B14BF5F
:1093AC0001230023DBB2002B02D10223FB751EE04C
:1093BC007B681B681B6800221A617B6818332222A9
:1093CC000021184606F0A4FC7B681B681B68002271
:1093DC005A627B681B681B686322DA627B681B68B5
:1093EC006322DA607B681B68184603F0ADFDFB7DD9
:1093FC0018461837BD4680BD80B584B000AF786084
:10940C007B681B68184603F0F1FD7B68FB60012349
:10941C00FB72FB7A002B02D0FB68DB6801E0FB6877
:10942C001B69FA689268136100BF7B68002283F89D
:10943C003A207B685B68002B06D07B685B687A6897
:10944C0092F83B201046984700BF1037BD4680BDB0
:10945C0080B582B000AF3B1D00210A461A800A4637
:10946C009A7000233B601D4B1D4A1A601B4B4FF03A
:10947C00FF325A60194B00229A60184803F0A2F888
:10948C000346002B01D0FEF78EFF00233B71002317
:10949C007B710023BB713B1D012219460F4803F061
:1094AC001DF90346002B01D0FEF77DFF01233B7015
:1094BC0001237B700123BB700023FB703B46012210
:1094CC001946064803F0A2F90346002B01D0FEF71B
:1094DC006AFF00BF0837BD4680BD00BFE80A002008
:1094EC000028004080B584B000AF78607B681B68B2
:1094FC000B4A934210D102F0DDFA0A4BDB69094AA0
:10950C0043F00063D361074BDB6903F00063FB603E
:10951C00FB68054B01221A6000BF1037BD4680BDA9
:10952C0000280040001002403C04424280B500AFCD
:10953C00154B164A1A60144B00225A60124B00222B
:10954C009A60114B0022DA600F4B00221A610E4B0D
:10955C0000225A610C4B4FF400729A610A4B0022A4
:10956C001A62094B00225A62074B00229A62064B80
:10957C000A22DA62044803F0A9FB0346002B01D04F
:10958C00FEF711FF00BF80BDFC0A00200030014037
:10959C0080B58AB000AF786007F1140300221A601E
:1095AC005A609A60DA607B681B68224A93423DD10C
:1095BC00214B9B69204A43F4805393611E4B9B695A
:1095CC0003F480533B613B691B4B9B691A4A43F084
:1095DC0008039361184B9B6903F00803FB60FB685D
:1095EC0028237B610023BB610023FB6107F114037B
:1095FC001946124801F0D6FF10237B610223BB6190
:10960C0003233B6207F1140319460C4801F0CAFF0F
:10961C000B4B5B687B627B6A43F0E0637B627B6A2B
:10962C0043F001037B62064A7B6A536000BF283714
:10963C00BD4680BD0030014000100240000C0140CE
:10964C000000014080B485B000AF154B9B69144AF3
:10965C0043F001039361124B9B6903F00103BB6060
:10966C00BB680F4BDB690E4A43F08053D3610C4B44
:10967C00DB6903F080537B607B680A4B5B68FB60A3
:10968C00FB6823F0E063FB60FB6843F00073FB6056
:10969C00044AFB68536000BF1437BD4680BC70475A
:1096AC00001002400000014080B400AFBFF34F8FA8
:1096BC0000BF064BDB6803F4E0620449044B134320
:1096CC00CB60BFF34F8F00BF00BFFDE700ED00E0A4
:1096DC000400FA0580B400AF00BFFDE780B582B08E
:1096EC0000AF00237B6011E04FF400510A4802F0F8
:1096FC00C8F900233B6002E03B6801333B603B68E8
:10970C00064A9342F8DD7B6801337B607B68132B40
:10971C00EADDFFF7C9FF00BF000C01403F0D03005D
:10972C0080B400AF00BFFDE780B400AF00BFFDE721
:10973C0080B400AF00BFFDE780B400AF00BFBD46F2
:10974C0080BC704780B400AF00BFBD4680BC704782
:10975C0080B400AF00BFBD4680BC704780B500AF81
:10976C0000F070FC01F019FA00BF80BD80B500AFAD
:10977C00024801F0E3FB00BF80BD00BF000E0020DB
:10978C0080B500AF024801F0D9FB00BF80BD00BF1F
:10979C00440E002080B500AF024803F0F3FF00BF79
:1097AC0080BD00BF080C002080B500AF024803F05C
:1097BC00E9FF00BF80BD00BFBC0C002080B500AF2E
:1097CC00024805F067FC00BF80BD00BF700D002093
:1097DC0080B500AF024805F05DFC00BF80BD00BF46
:1097EC00B80D002080B400AF034B044A9A6000BF50
:1097FC00BD4680BC704700BF00ED00E000300008A3
:10980C0080B596B000AF07F1480300221A605A6089
:10981C009A60DA6007F1400300221A605A6007F17F
:10982C00240300221A605A609A60DA601A615A6145
:10983C009A613B1D20220021184606F069FA4F4B15
:10984C004F4A1A604D4B3F225A604C4B00229A6093
:10985C004A4B44F61F62DA60484B00221A61474BB0
:10986C0000225A61454B00229A61444803F0B2FA37
:10987C000346002B01D0FEF796FD4FF48053BB64DA
:10988C0007F1480319463D4804F0EAF90346002B5A
:10989C0001D0FEF788FD394803F0D6FB0346002BB8
:1098AC0001D0FEF780FD00233B6400237B6407F1AD
:1098BC0040031946314805F04BF90346002B01D003
:1098CC00FEF771FD60237B620023BB620023FB6209
:1098DC0000233B6300237B630023BB630023FB63F8
:1098EC0007F1240300221946244804F0F7F8034634
:1098FC00002B01D0FEF757FD44F61F63BB62022319
:10990C00FB6207F12403042219461C4804F0E6F814
:10991C000346002B01D0FEF746FD0023BB6200235B
:10992C00FB6207F1240308221946144804F0D6F808
:10993C000346002B01D0FEF736FD00237B6000238D
:10994C00BB600023FB6000233B6100237B614FF471
:10995C000053BB6100233B623B1D1946074805F0D1
:10996C0055F90346002B01D0FEF71DFD034800F00E
:10997C00F7F800BF5837BD4680BD00BF540B002020
:10998C00002C014080B586B000AF07F1080300221F
:10999C001A605A609A60DA603B4600221A605A607C
:1099AC001D4B4FF080421A601B4B3F225A601A4BE2
:1099BC0000229A60184B4FF6FF72DA60164B0022A9
:1099CC001A61154B00229A61134803F003FA0346FF
:1099DC00002B01D0FEF7E7FC4FF48053BB6007F17E
:1099EC00080319460C4804F03BF90346002B01D040
:1099FC00FEF7D9FC00233B6000237B603B461946F5
:109A0C00054805F0A5F80346002B01D0FEF7CBFC6A
:109A1C0000BF1837BD4680BD080C002080B586B04D
:109A2C0000AF07F1080300221A605A609A60DA60EE
:109A3C003B4600221A605A601D4B1E4A1A601C4B92
:109A4C0000225A601A4B00229A60194B4FF6FF7293
:109A5C00DA60174B00221A61154B00229A611448E8
:109A6C0003F0B8F90346002B01D0FEF79CFC4FF431
:109A7C008053BB6007F1080319460D4804F0F0F859
:109A8C000346002B01D0FEF78EFC00233B60002325
:109A9C007B603B461946064805F05AF80346002BF6
:109AAC0001D0FEF780FC00BF1837BD4680BD00BF5B
:109ABC00BC0C00200008004080B586B000AF786078
:109ACC007B681B68234A93420CD1234B9B69224A27
:109ADC0043F400639361204B9B6903F400637B6147
:109AEC007B6932E07B681B68B3F1804F14D11A4B51
:109AFC00DB69194A43F00103D361174BDB6903F0AF
:109B0C0001033B613B69002200211C2001F001F89C
:109B1C001C2001F01AF818E07B681B680F4A93426E
:109B2C0013D10D4BDB690C4A43F00403D3610A4B90
:109B3C00DB6903F00403FB60FB68002200211E209C
:109B4C0000F0E7FF1E2001F000F800BF1837BD46FB
:109B5C0080BD00BF002C01400010024000080040F6
:109B6C0080B588B000AF786007F1100300221A604E
:109B7C005A609A60DA607B681B68164A934225D15A
:109B8C00154B9B69144A43F004039361124B9B6978
:109B9C0003F00403FB60FB684FF4A0633B610223FA
:109BAC007B610223FB6107F1100319460B4801F09E
:109BBC00F9FC4FF400733B6112237B610223FB61C0
:109BCC0007F110031946054801F0ECFC00BF2037E3
:109BDC00BD4680BD002C0140001002400008014031
:109BEC0080B582B000AF78607B681B68154A9342E1
:109BFC0006D1154B9B69144A23F4006393611CE056
:109C0C007B681B68B3F1804F09D10F4BDB690E4A9F
:109C1C0023F00103D3611C2000F0A5FF0DE07B684D
:109C2C001B680A4A934208D1074BDB69064A23F0AA
:109C3C000403D3611E2000F096FF00BF0837BD4619
:109C4C0080BD00BF002C0140001002400008004005
:109C5C0080B500AF114B124A1A60104B4FF46142A1
:109C6C005A600E4B00229A600C4B0022DA600B4BB0
:109C7C0000221A61094B0C225A61084B00229A618E
:109C8C00064B0022DA61054805F02CF80346002B40
:109C9C0001D0FEF788FB00BF80BD00BF700D002017
:109CAC000038014080B500AF114B124A1A60104BBE
:109CBC004FF461425A600E4B00229A600C4B00220A
:109CCC00DA600B4B00221A61094B0C225A61084BCB
:109CDC0000229A61064B0022DA61054805F002F871
:109CEC000346002B01D0FEF75EFB00BF80BD00BF1A
:109CFC00B80D00200044004080B58CB000AF7860F7
:109D0C0007F11C0300221A605A609A60DA607B68C3
:109D1C001B686B4A93426CD16A4B9B69694A43F44A
:109D2C0080439361674B9B6903F48043BB61BB69C0
:109D3C00644B9B69634A43F008039361614B9B69D5
:109D4C0003F008037B617B694023FB6102233B62C8
:109D5C000323BB6207F11C0319465B4801F022FC8C
:109D6C008023FB6100233B6200237B6207F11C0311
:109D7C001946554801F016FC544B5B68FB62FB6AB4
:109D8C0043F0E063FB62FB6A43F00403FB624F4A5F
:109D9C00FB6A53604E4B4F4A1A604D4B10225A606F
:109DAC004B4B00229A604A4B8022DA60484B0022CF
:109DBC001A61474B00225A61454B00229A61444B71
:109DCC000022DA61424800F0EFFE0346002B01D07E
:109DDC00FEF7E9FA7B683E4A9A633D4A7B68536218
:109DEC0000220021252000F094FE252000F0ADFE7D
:109DFC0062E07B681B68384A93425DD1314BDB696A
:109E0C00304A43F40033D3612E4BDB6903F4003347
:109E1C003B613B692B4B9B692A4A43F004039361DA
:109E2C00284B9B6903F00403FB60FB680423FB6174
:109E3C0002233B620323BB6207F11C03194627482C
:109E4C0001F0B0FB0823FB6100233B6200237B6223
:109E5C0007F11C031946214801F0A4FB204B214AB1
:109E6C001A601F4B10225A601D4B00229A601C4B2B
:109E7C008022DA601A4B00221A61194B00225A61B7
:109E8C00174B00229A61164B0022DA61144800F03D
:109E9C008BFE0346002B01D0FEF785FA7B68104A37
:109EAC009A630F4A7B68536200220021262000F03F
:109EBC0030FE262000F049FE00BF3037BD4680BD85
:109ECC000038014000100240000C0140000001402D
:109EDC00000E0020440002400044004000080140F5
:109EEC00440E00208000024080B582B000AF786044
:109EFC007B681B68184A934212D1184B9B69174A0E
:109F0C0023F480439361C021154801F0CFFC7B689A
:109F1C009B6B184600F0A2FE252000F024FE16E0F4
:109F2C007B681B680F4A934211D10C4BDB690B4ABF
:109F3C0023F40033D3610C210B4801F0B7FC7B6890
:109F4C009B6B184600F08AFE262000F00CFE00BF2A
:109F5C000837BD4680BD00BF0038014000100240EC
:109F6C00000C01400044004000080140FFF73AFC9F
:109F7C000B480C490C4A002302E0D458C45004335B
:109F8C00C4188C42F9D3094A094C002301E0136030
:109F9C000432A242FBD305F0C3FEFEF787F97047EB
:109FAC00000000201C00002060FF000820000020A2
:109FBC00B00E0020FEE7000080B500AF084B1B6818
:109FCC00074A43F010031360032000F097FD0F20A5
:109FDC0000F008F8FFF736FB0023184680BD00BFE1
:109FEC000020024080B582B000AF7860124B1A6836
:109FFC00124B1B7819464FF47A73B3FBF1F3B2FB97
:10A00C00F3F3184600F0BDFD0346002B01D00123ED
:10A01C000EE07B680F2B0AD8002279684FF0FF30D6
:10A02C0000F077FD064A7B681360002300E00123F3
:10A03C0018460837BD4680BD1000002018000020CF
:10A04C001400002080B400AF054B1B781A46054B5A
:10A05C001B681344034A136000BFBD4680BC7047A5
:10A06C0018000020880E002080B400AF024B1B6843
:10A07C001846BD4680BC7047880E002080B584B061
:10A08C0000AF7860FFF7F0FFB8607B68FB60FB689F
:10A09C00B3F1FF3F05D00A4B1B781A46FB681344FB
:10A0AC00FB6000BFFFF7E0FF0246BB68D31AFA68FB
:10A0BC009A42F7D800BF00BF1037BD4680BD00BF25
:10A0CC001800002080B586B000AF78600023FB75C7
:10A0DC0000233B610023BB600023FB607B68002BEB
:10A0EC0001D10123BEE07B689B68002B7B689B6AD7
:10A0FC00002B09D17B680022DA627B68002283F88E
:10A10C0024207868FDF78EFD786800F0C5FB0346C7
:10A11C00FB757B689B6A03F01003002B40F0998061
:10A12C00FB7D002B40F095807B689B6A23F4885361
:10A13C0023F0020343F002027B689A627B685A6840
:10A14C007B68DB691A437B681B7B5B001343BA6833
:10A15C001343BB607B689B68B3F5807F03D07B683F
:10A16C009B68012B02D14FF4807300E000233A6905
:10A17C0013433B617B681B7D012B19D17B681B7BD7
:10A18C00002B09D17B689B69013B5A033B69134344
:10A19C0043F400633B610BE07B689B6A43F0200255
:10A1AC007B689A627B68DB6A43F001027B68DA6247
:10A1BC007B681B685B6823F469417B681B683A69A0
:10A1CC000A435A607B681B689A68284B13407A686C
:10A1DC001268B9680B4393607B689B68B3F5807F0A
:10A1EC0003D07B689B68012B04D17B681B69013B06
:10A1FC001B05FB607B681B68DB6A23F470017B68C2
:10A20C001B68FA680A43DA627B681B689A68184B09
:10A21C001340BA689A420BD17B680022DA627B68E1
:10A22C009B6A23F0030343F001027B689A6218E0F7
:10A23C007B689B6A23F0120343F010027B689A62DE
:10A24C007B68DB6A43F001027B68DA620123FB75F1
:10A25C0007E07B689B6A43F010027B689A620123DB
:10A26C00FB75FB7D18461837BD4680BDFDF7E1FF39
:10A27C00FE0E1FFF80B584B000AF78600023FB7327
:10A28C007B6893F82430012B01D1022398E07B6882
:10A29C00012283F82420786800F0A4FA0346FB73AB
:10A2AC00FB7B002B40F087807B689B6A23F4407318
:10A2BC0023F0010343F480727B689A627B681B680D
:10A2CC00414A934205D1414B5B6803F47023002B48
:10A2DC0015D17B689B6A23F480127B689A627B6839
:10A2EC001B685B6803F48063002B26D07B689B6A39
:10A2FC0023F4405343F480527B689A621DE07B68E0
:10A30C009B6A43F480127B689A627B681B682F4AB5
:10A31C00934204D07B681B682B4A93420DD12B4B84
:10A32C005B6803F48063002B07D07B689B6A23F483
:10A33C00405343F480527B689A627B689B6A03F4B7
:10A34C008053002B06D07B68DB6A23F006027B6807
:10A35C00DA6202E07B680022DA627B68002283F812
:10A36C0024207B681B686FF002021A607B681B68F4
:10A37C009B6803F46023B3F5602F13D17B681B68D3
:10A38C00114A934205D1114B5B6803F47023002BE7
:10A39C0008D17B681B689A687B681B6842F4A00232
:10A3AC009A600CE07B681B689A687B681B6842F4B7
:10A3BC0080129A6003E07B68002283F82420FB7BE8
:10A3CC0018461037BD4680BD0028014000240140CE
:10A3DC0090B587B000AF7860396000237B610023B3
:10A3EC00FB6000233B61FFF73FFE78617B681B68D5
:10A3FC009B6803F48073002B0BD07B689B6A43F043
:10A40C0020027B689A627B68002283F82420012357
:10A41C00D3E07B681B685B6803F48073002B31D13D
:10A42C007B681B68DB6A03F47003002B2AD121E0E4
:10A43C003B68B3F1FF3F1DD03B68002B07D0FFF703
:10A44C0013FE02467B69D31A3A689A4212D27B6891
:10A45C001B681B6803F00203002B0BD17B689B6A03
:10A46C0043F004027B689A627B68002283F8242004
:10A47C000323A2E07B681B681B6803F00203002B1C
:10A48C00D6D070E04F4B1C68022001F0E5FF03466C
:10A49C00B4FBF3F27B681B6819694B4B0B40002B28
:10A4AC0018D17B681B68D968484B0B40002B11D125
:10A4BC007B681B681969464B0B40002B08D17B68E5
:10A4CC001B68D968434B0B40002B01D1142320E0AF
:10A4DC0029231EE07B681B6819693D4B0B40002B40
:10A4EC0006D17B681B68D9683A4B0B40002B0DD00A
:10A4FC007B681B681969384B0B40002B08D17B68B3
:10A50C001B68D968344B0B40002B01D1542300E05D
:10A51C00FC2302FB03F33B6121E03B68B3F1FF3FFB
:10A52C001AD03B68002B07D0FFF79EFD02467B69D3
:10A53C00D31A3A689A420FD2FB683A699A420BD9FD
:10A54C007B689B6A43F004027B689A627B680022FA
:10A55C0083F82420032330E0FB680133FB60FB68A5
:10A56C003A699A42D9D87B681B686FF012021A605C
:10A57C007B689B6A43F400727B689A627B681B68F9
:10A58C009B6803F46023B3F5602F15D17B681B7BAC
:10A59C00002B11D17B689B6A23F480727B689A62D2
:10A5AC007B689B6A03F48053002B05D17B689B6A04
:10A5BC0043F001027B689A62002318461C37BD46A3
:10A5CC0090BD00BF10000020244992242449920021
:10A5DC0092244912922449004992240080B483B0F9
:10A5EC0000AF78607B681B68DB6C18460C37BD4687
:10A5FC0080BC704780B485B000AF786039600023B0
:10A60C00FB730023BB607B6893F82430012B01D1D2
:10A61C000223DCE07B68012283F824203B685B6822
:10A62C00062B1CD87B681B68596B3B685A68134611
:10A63C009B001344053B1F2202FA03F3DB43194032
:10A64C003B6818683B685A6813469B001344053BEB
:10A65C0000FA03F27B681B680A435A633CE03B68D0
:10A66C005B680C2B1CD87B681B68196B3B685A68A1
:10A67C0013469B001344233B1F2202FA03F3DB43D4
:10A68C0019403B6818683B685A6813469B00134492
:10A69C00233B00FA03F27B681B680A431A631BE036
:10A6AC007B681B68D96A3B685A6813469B00134445
:10A6BC00413B1F2202FA03F3DB4319403B68186845
:10A6CC003B685A6813469B001344413B00FA03F263
:10A6DC007B681B680A43DA623B681B68092B1CD930
:10A6EC007B681B68D9683B681A6813465B00134487
:10A6FC001E3B072202FA03F3DB4319403B689868C0
:10A70C003B681A6813465B0013441E3B00FA03F2C5
:10A71C007B681B680A43DA6019E07B681B6819695F
:10A72C003B681A6813465B001344072202FA03F3D2
:10A73C00DB4319403B6898683B681A6813465B001A
:10A74C00134400FA03F27B681B680A431A613B68E6
:10A75C001B68102B03D03B681B68112B32D17B6814
:10A76C001B681D4A934225D17B681B689B6803F4C8
:10A77C000003002B26D17B681B689A687B681B68DA
:10A78C0042F400029A603B681B68102B1AD1134BE1
:10A79C001B68134AA2FB03239A0C13469B00134419
:10A7AC005B00BB6002E0BB68013BBB60BB68002B7D
:10A7BC00F9D107E07B689B6A43F020027B689A62C0
:10A7CC000123FB737B68002283F82420FB7B184653
:10A7DC001437BD4680BC7047002401401000002097
:10A7EC0083DE1B4380B584B000AF78600023FB6030
:10A7FC000023BB607B681B689B6803F00103012B83
:10A80C0040D07B681B689A687B681B6842F0010229
:10A81C009A601F4B1B681F4AA2FB03239B0CBB6057
:10A82C0002E0BB68013BBB60BB68002BF9D1FFF7B2
:10A83C001BFCF8601FE0FFF717FC0246FB68D31AFD
:10A84C00022B18D97B681B689B6803F00103012B52
:10A85C0011D07B689B6A43F010027B689A627B681C
:10A86C00DB6A43F001027B68DA627B68002283F8C2
:10A87C002420012307E07B681B689B6803F001031D
:10A88C00012BD8D1002318461037BD4680BD00BF20
:10A89C001000002083DE1B4380B584B000AF7860CD
:10A8AC000023FB607B681B689B6803F00103012B92
:10A8BC002ED17B681B689A687B681B6822F00102AA
:10A8CC009A60FFF7D1FBF8601BE0FFF7CDFB024667
:10A8DC00FB68D31A022B14D97B681B689B6803F0A6
:10A8EC000103012B0DD17B689B6A43F010027B683E
:10A8FC009A627B68DB6A43F001027B68DA620123AF
:10A90C0007E07B681B689B6803F00103012BDCD01C
:10A91C00002318461037BD4680BD000080B485B0BA
:10A92C0000AF78607B6803F00703FB600C4BDB68BF
:10A93C00BB60BA684FF6FF031340BB60FB681A029A
:10A94C00BB68134343F0BF6343F40033BB60044A5A
:10A95C00BB68D36000BF1437BD4680BC704700BFD6
:10A96C0000ED00E080B400AF044BDB681B0A03F081
:10A97C0007031846BD4680BC704700BF00ED00E0E1
:10A98C0080B483B000AF0346FB7197F90730002BFE
:10A99C000BDBFB7903F01F02064997F907305B09C3
:10A9AC00012000FA02F241F8232000BF0C37BD460B
:10A9BC0080BC704700E100E080B483B000AF034678
:10A9CC00FB7197F90730002B12DBFB7903F01F02A8
:10A9DC000A4997F907305B09012000FA02F220338B
:10A9EC0041F82320BFF34F8F00BFBFF36F8F00BF21
:10A9FC0000BF0C37BD4680BC704700BF00E100E0D3
:10AA0C0080B483B000AF03463960FB7197F907300F
:10AA1C00002B0ADB3B68DAB20C4997F907301201BC
:10AA2C00D2B20B4483F800230AE03B68DAB208493F
:10AA3C00FB7903F00F03043B1201D2B20B441A76DC
:10AA4C0000BF0C37BD4680BC704700BF00E100E082
:10AA5C0000ED00E080B489B000AFF860B9607A60B6
:10AA6C00FB6803F00703FB61FB69C3F10703042BCD
:10AA7C0028BF0423BB61FB690433062B02D9FB6995
:10AA8C00033B00E000237B614FF0FF32BB6902FA0D
:10AA9C0003F3DA43BB681A407B699A404FF0FF31ED
:10AAAC007B6901FA03F3D9437B680B4013431846C7
:10AABC002437BD4680BC704780B582B000AF78604B
:10AACC007B68013BB3F1807F01D301230FE00A4A7D
:10AADC007B68013B53600F214FF0FF30FFF790FF75
:10AAEC00054B00229A60044B07221A60002318467B
:10AAFC000837BD4680BD00BF10E000E080B582B0D5
:10AB0C0000AF78607868FFF709FF00BF0837BD46D3
:10AB1C0080BD80B586B000AF0346B9607A60FB7328
:10AB2C0000237B61FFF71EFF78617A68B96878694A
:10AB3C00FFF790FF024697F90F3011461846FFF7C2
:10AB4C005FFF00BF1837BD4680BD80B582B000AF37
:10AB5C000346FB7197F907301846FFF711FF00BF4A
:10AB6C000837BD4680BD80B582B000AF0346FB718F
:10AB7C0097F907301846FFF71FFF00BF0837BD468F
:10AB8C0080BD80B582B000AF78607868FFF794FF25
:10AB9C00034618460837BD4680BD80B500AFFDF7AB
:10ABAC00C5F800BF80BD000080B485B000AF7860F0
:10ABBC000023FB607B68002B01D1012343E07B6801
:10ABCC001B681A46224B1344224AA2FB03231B097F
:10ABDC009A007B681A647B681F4ADA637B680222DE
:10ABEC0083F821207B681B681B68FB60FB6823F4DF
:10ABFC007F5323F03003FB607B685A687B689B684B
:10AC0C001A437B68DB681A437B681B691A437B68B1
:10AC1C005B691A437B689B691A437B68DB69134346
:10AC2C00FA681343FB607B681B68FA681A607B68E0
:10AC3C0000229A637B68012283F821207B68002222
:10AC4C0083F82020002318461437BD4680BC70477B
:10AC5C00F8FFFDBFCDCCCCCC0000024080B483B05B
:10AC6C0000AF78607B68002B01D1012346E07B6844
:10AC7C001B681A687B681B6822F001021A607B68EB
:10AC8C001B6800221A607B681B6800225A607B6874
:10AC9C001B6800229A607B681B680022DA607B6864
:10ACAC001B681A46184B1344184AA2FB03231B09B2
:10ACBC009A007B681A647B68154ADA637B681A6CA5
:10ACCC007B68DB6B012101FA02F25A607B6800227F
:10ACDC009A627B680022DA627B6800221A637B68C6
:10ACEC0000225A637B6800229A637B68002283F8F7
:10ACFC0021207B68002283F82020002318460C3783
:10AD0C00BD4680BC704700BFF8FFFDBFCDCCCCCC9E
:10AD1C000000024080B586B000AFF860B9607A6080
:10AD2C003B600023FB75FB6893F82030012B01D1AD
:10AD3C0002234BE0FB68012283F82020FB6893F888
:10AD4C002130DBB2012B3AD1FB68022283F821209F
:10AD5C00FB6800229A63FB681B681A68FB681B6817
:10AD6C0022F001021A603B687A68B968F86800F052
:10AD7C00EBF9FB68DB6A002B08D0FB681B681A68D0
:10AD8C00FB681B6842F00E021A600FE0FB681B6840
:10AD9C001A68FB681B6822F004021A60FB681B68C7
:10ADAC001A68FB681B6842F00A021A60FB681B6891
:10ADBC001A68FB681B6842F001021A6005E0FB6828
:10ADCC00002283F820200223FB75FB7D18461837E0
:10ADDC00BD4680BD80B485B000AF78600023FB73A6
:10ADEC007B6893F82130DBB2022B08D07B680422FD
:10ADFC009A637B68002283F82020012320E07B6883
:10AE0C001B681A687B681B6822F00E021A607B684C
:10AE1C001B681A687B681B6822F001021A607B6849
:10AE2C001A6C7B68DB6B012101FA02F25A607B68B9
:10AE3C00012283F821207B68002283F82020FB7BF1
:10AE4C0018461437BD4680BC7047000080B584B0EE
:10AE5C0000AF78600023FB737B6893F82130DBB282
:10AE6C00022B05D07B6804229A630123FB7351E00B
:10AE7C007B681B681A687B681B6822F00E021A60DC
:10AE8C007B681B681A687B681B6822F001021A60D9
:10AE9C007B681B68224A934229D07B681B68214A35
:10AEAC00934222D07B681B681F4A93421AD07B685E
:10AEBC001B681E4A934212D07B681B681C4A934243
:10AECC000AD07B681B681B4A934202D14FF4801353
:10AEDC000EE04FF080730BE04FF4803308E04FF43A
:10AEEC00805305E04FF4807302E0102300E001234F
:10AEFC00114A53607B68012283F821207B68002271
:10AF0C0083F820207B685B6B002B03D07B685B6B2A
:10AF1C0078689847FB7B18461037BD4680BD00BF4C
:10AF2C00080002401C000240300002404400024075
:10AF3C00580002406C0002400000024080B584B012
:10AF4C0000AF78607B68DB6B1B68FB607B681B6801
:10AF5C001B68BB607B681B6C04229A40FB68134027
:10AF6C00002B4FD0BB6803F00403002B4AD07B6846
:10AF7C001B681B6803F02003002B07D17B681B6840
:10AF8C001A687B681B6822F004021A607B681B68D5
:10AF9C00664A934229D07B681B68654A934222D04B
:10AFAC007B681B68634A93421AD07B681B68624AB1
:10AFBC00934212D07B681B68604A93420AD07B682C
:10AFCC001B685F4A934202D14FF480030EE04FF0AE
:10AFDC0080630BE04FF4802308E04FF4804305E0DE
:10AFEC004FF4806302E0402300E00423554A536091
:10AFFC007B68DB6A002B00F094807B68DB6A7868E6
:10B00C0098478EE07B681B6C02229A40FB681340C9
:10B01C00002B56D0BB6803F00203002B51D07B6889
:10B02C001B681B6803F02003002B0BD17B681B688B
:10B03C001A687B681B6822F00A021A607B6801227E
:10B04C0083F821207B681B68384A934229D07B689F
:10B05C001B68374A934222D07B681B68354A93425F
:10B06C001AD07B681B68344A934212D07B681B68E9
:10B07C00324A93420AD07B681B68314A934202D110
:10B08C004FF400130EE04FF000730BE04FF400335D
:10B09C0008E04FF4005305E04FF4007302E0202366
:10B0AC0000E00223274A53607B68002283F82020AB
:10B0BC007B689B6A002B34D07B689B6A78689847C6
:10B0CC002FE07B681B6C08229A40FB681340002B16
:10B0DC0028D0BB6803F00803002B23D07B681B68C7
:10B0EC001A687B681B6822F00E021A607B681A6C67
:10B0FC007B68DB6B012101FA02F25A607B6801224A
:10B10C009A637B68012283F821207B68002283F8F4
:10B11C0020207B681B6B002B04D07B681B6B786832
:10B12C00984700BF00BF1037BD4680BD08000240E5
:10B13C001C00024030000240440002405800024013
:10B14C006C0002400000024080B485B000AFF86093
:10B15C00B9607A603B60FB681A6CFB68DB6B0121A1
:10B16C0001FA02F25A60FB681B683A685A60FB6885
:10B17C005B68102B08D1FB681B687A689A60FB68C7
:10B18C001B68BA68DA6007E0FB681B68BA689A60EB
:10B19C00FB681B687A68DA6000BF1437BD4680BC58
:10B1AC0070470000F0B587B000AFF860B960C7E930
:10B1BC0000230123FB750023BB7500237B752F4BEC
:10B1CC001B7E012B01D1022354E02C4B01221A7659
:10B1DC004CF2503000F0A8F80346FB75FB7D002BB9
:10B1EC0044D1FB68012B02D101237B7507E0FB687E
:10B1FC00022B02D102237B7501E004237B75002313
:10B20C00BB752DE0BB7D5A00BB6802EB030CBB7D0C
:10B21C001901D7E90023C1F12006A1F1200022FA7F
:10B22C0001F403FA06F6344323FA00F0044323FA3C
:10B23C0001F5A3B21946604600F05AF84CF25030B2
:10B24C0000F072F80346FB750D4B1B690C4A23F09A
:10B25C0001031361FB7D002B07D1BB7D0133BB7553
:10B26C00BA7D7B7D9A42CDD300E000BF034B002218
:10B27C001A76FB7D18461C37BD46F0BD900E00209B
:10B28C000020024080B483B000AF0023FB710D4B53
:10B29C001B6903F08003002B0DD00A4B0A4A5A603D
:10B2AC00084B0A4A5A60074B1B6903F08003002BBA
:10B2BC0001D00123FB71FB7918460C37BD4680BCCD
:10B2CC00704700BF0020024023016745AB89EFCDDA
:10B2DC0080B400AF054B1B69044A43F08003136133
:10B2EC0000231846BD4680BC704700BF00200240BA
:10B2FC0080B483B000AF78600B467B80084B002293
:10B30C00DA61084B1B69074A43F0010313617B6840
:10B31C007A881A8000BF0C37BD4680BC704700BFCE
:10B32C00900E00200020024080B584B000AF786001
:10B33C00FEF79AFEF86010E07B68B3F1FF3F0CD08B
:10B34C007B68002B07D0FEF78FFE0246FB68D31AF2
:10B35C007A689A4201D2032325E0154BDB6803F08F
:10B36C000103002BE8D1124BDB6803F02003002B08
:10B37C0002D00F4B2022DA600D4BDB6803F0100378
:10B38C00002B0BD10A4BDB6903F00103002B05D119
:10B39C00074BDB6803F00403002B03D000F00AF822
:10B3AC00012300E0002318461037BD4680BD00BFC6
:10B3BC000020024080B483B000AF00237B60234B9D
:10B3CC00DB6803F01003002B09D0214BDB6943F041
:10B3DC0002031F4AD3617B6843F010037B601B4B55
:10B3EC00DB6803F00403002B09D0194BDB6943F035
:10B3FC000103174AD3617B6843F004037B60134B52
:10B40C00DB6903F00103002B0BD0114BDB6943F01C
:10B41C0004030F4AD3610D4BDB690C4A23F0010383
:10B42C00D3617B6840F20112934206D1074BDB6972
:10B43C00064A23F00103D36102E0044A7B68D3601F
:10B44C0000BF0C37BD4680BC704700BF00200240D7
:10B45C00900E002080B584B000AF78603960012375
:10B46C00FB730023BB602F4B1B7E012B01D10223EE
:10B47C0053E02C4B01221A767B681B68022B16D1E9
:10B48C004CF25030FFF750FF0346002B41D1012006
:10B49C0000F04CF84CF25030FFF746FF0346FB73BC
:10B4AC00214B1B69204A23F00403136131E04CF259
:10B4BC005030FFF739FF0346002B2AD13B684FF081
:10B4CC00FF321A607B689B68BB6019E0B86800F0BB
:10B4DC0049F84CF25030FFF727FF0346FB73124B31
:10B4EC001B69114A23F002031361FB7B002B03D071
:10B4FC003B68BA681A600CE0BB6803F58063BB60FC
:10B50C007B68DB689A027B689B681344BA689A4232
:10B51C00DCD3044B00221A76FB7B18461037BD4651
:10B52C0080BD00BF900E00200020024080B483B08C
:10B53C0000AF7860094B0022DA61094B1B69084A9D
:10B54C0043F004031361064B1B69054A43F04003A7
:10B55C00136100BF0C37BD4680BC7047900E0020B5
:10B56C000020024080B483B000AF78600B4B002207
:10B57C00DA610B4B1B690A4A43F002031361084A58
:10B58C007B685361064B1B69054A43F0400313610A
:10B59C0000BF0C37BD4680BC704700BF900E00202A
:10B5AC000020024080B48BB000AF7860396000237B
:10B5BC007B6200233B6269E101227B6A02FA03F39E
:10B5CC00FB613B681B68FA691340BB61BA69FB6994
:10B5DC009A4240F058813B685B689A4A93425ED02D
:10B5EC00984A934275D8984A934258D0964A9342B7
:10B5FC006FD8964A934252D0944A934269D8944A4F
:10B60C0093424CD0924A934263D8924A934246D08A
:10B61C00904A93425DD8122B2AD8122B59D801A2EA
:10B62C0052F823F0ABB6000885B6000897B60008B0
:10B63C00D9B60008DFB60008DFB60008DFB6000890
:10B64C00DFB60008DFB60008DFB60008DFB600087A
:10B65C00DFB60008DFB60008DFB60008DFB600086A
:10B66C00DFB60008DFB600088DB60008A1B60008EA
:10B67C00794A934213D02CE03B68DB683B6229E0AB
:10B68C003B68DB6804333B6224E03B68DB680833CF
:10B69C003B621FE03B68DB680C333B621AE03B68A3
:10B6AC009B68002B02D104233B6213E03B689B6830
:10B6BC00012B05D108233B627B68FA691A6109E00A
:10B6CC0008233B627B68FA695A6103E000233B6202
:10B6DC0000E000BFBB69FF2B01D87B6801E07B68F1
:10B6EC0004337B61BB69FF2B02D87B6A9B0002E0B1
:10B6FC007B6A083B9B003B617B691A680F213B69A5
:10B70C0001FA03F3DB431A40396A3B6901FA03F38C
:10B71C001A437B691A603B685B6803F08053002B0B
:10B72C0000F0B1804D4B9B694C4A43F0010393618F
:10B73C004A4B9B6903F00103BB60BB68484A7B6AB8
:10B74C009B08023352F82330FB607B6A03F003033F
:10B75C009B000F2202FA03F3DB43FA681340FB60F1
:10B76C007B68404A934213D07B683F4A93420DD08A
:10B77C007B683E4A934207D07B683D4A934201D195
:10B78C00032306E0042304E0022302E0012300E08B
:10B79C0000237A6A02F0030292009340FA68134382
:10B7AC00FB602F497B6A9B080233FA6841F823201F
:10B7BC003B685B6803F48013002B06D02D4B9A6812
:10B7CC002C49BB6913438B6006E02A4B9A68BB6912
:10B7DC00DB43284913408B603B685B6803F4001320
:10B7EC00002B06D0234BDA682249BB691343CB608C
:10B7FC0006E0204BDA68BB69DB431E491340CB6083
:10B80C003B685B6803F40033002B06D0194B5A6875
:10B81C001849BB6913434B6006E0164B5A68BB6969
:10B82C00DB43144913404B603B685B6803F4803383
:10B83C00002B21D00F4B1A680E49BB6913430B60C8
:10B84C0021E000BF00003210000031100000221077
:10B85C000000211000001210000011100010024016
:10B86C000000014000080140000C014000100140A4
:10B87C0000140140000401400B4B1A68BB69DB4308
:10B88C00094913400B607B6A01337B623B681A6881
:10B89C007B6A22FA03F3002B7FF48EAE00BF00BF4D
:10B8AC002C37BD4680BC70470004014080B489B081
:10B8BC0000AF786039600023FB619AE00122FB69DC
:10B8CC0002FA03F33A681340BB61BB69002B00F02A
:10B8DC008D804E4AFB699B08023352F823307B6102
:10B8EC00FB6903F003039B000F2202FA03F37A694E
:10B8FC0013407B617B68464A934213D07B68454A70
:10B90C0093420DD07B68444A934207D07B68434AEC
:10B91C00934201D1032306E0042304E0022302E056
:10B92C00012300E00023FA6902F003029200934025
:10B93C007A699A4232D13A4B1A68BB69DB4338496F
:10B94C0013400B60364B5A68BB69DB4334491340D8
:10B95C004B60334BDA68BB69DB4331491340CB6036
:10B96C002F4B9A68BB69DB432D4913408B60FB69F5
:10B97C0003F003039B000F2202FA03F37B61234ABB
:10B98C00FB699B08023352F823107B69DA431F488A
:10B99C00FB699B080A40023340F82320BB69FF2B4C
:10B9AC0001D87B6801E07B6804333B61BB69FF2BEA
:10B9BC0002D8FB699B0002E0FB69083B9B00FB6023
:10B9CC003B691A680F21FB6801FA03F3DB431A4049
:10B9DC000421FB6801FA03F31A433B691A607B6884
:10B9EC00DA68BB69DB431A407B68DA60FB690133B8
:10B9FC00FB613A68FB6922FA03F3002B7FF45EAF1C
:10BA0C0000BF00BF2437BD4680BC7047000001401A
:10BA1C0000080140000C01400010014000140140DE
:10BA2C000004014080B485B000AF78600B467B8089
:10BA3C007B689A687B881340002B02D00123FB7330
:10BA4C0001E00023FB73FB7B18461437BD4680BC1A
:10BA5C00704780B483B000AF78600B467B80134690
:10BA6C007B707B78002B03D07A887B681A6103E0AB
:10BA7C007B881A047B681A6100BF0C37BD4680BCFA
:10BA8C00704780B485B000AF78600B467B807B68D4
:10BA9C00DB68FB607A88FB6813401A04FB68D943A7
:10BAAC007B880B401A437B681A6100BF1437BD4674
:10BABC0080BC704780B400AF034B01221A6000BFFA
:10BACC00BD4680BC704700BF20000E4280B586B0DA
:10BADC0000AF78607B68002B01D1012372E27B6898
:10BAEC001B6803F00103002B00F08780924B5B680E
:10BAFC0003F00C03042B0CD08F4B5B6803F00C038E
:10BB0C00082B12D18C4B5B6803F48033B3F5803F68
:10BB1C000BD1894B1B6803F40033002B6CD07B6872
:10BB2C005B68002B68D101234CE27B685B68B3F542
:10BB3C00803F06D1804B1B687F4A43F480331360EF
:10BB4C002EE07B685B68002B0CD17B4B1B687A4A20
:10BB5C0023F480331360784B1B68774A23F48023DB
:10BB6C0013601DE07B685B68B3F5A02F0CD1724BA2
:10BB7C001B68714A43F4802313606F4B1B686E4A39
:10BB8C0043F4803313600BE06B4B1B686A4A23F45D
:10BB9C0080331360684B1B68674A23F4802313605F
:10BBAC007B685B68002B13D0FEF75EFA386108E007
:10BBBC00FEF75AFA02463B69D31A642B01D90323C8
:10BBCC0000E25D4B1B6803F40033002BF0D014E053
:10BBDC00FEF74AFA386108E0FEF746FA02463B697E
:10BBEC00D31A642B01D90323ECE1534B1B6803F4E8
:10BBFC000033002BF0D100E000BF7B681B6803F022
:10BC0C000203002B63D04C4B5B6803F00C03002B3E
:10BC1C000BD0494B5B6803F00C03082B1CD1464B33
:10BC2C005B6803F48033002B16D1434B1B6803F085
:10BC3C000203002B05D07B681B69012B01D001236B
:10BC4C00C0E13D4B1B6823F0F8027B685B69DB00AD
:10BC5C00394913430B603AE07B681B69002B20D0F9
:10BC6C00364B01221A60FEF7FFF9386108E0FEF747
:10BC7C00FBF902463B69D31A022B01D90323A1E13C
:10BC8C002D4B1B6803F00203002BF0D02A4B1B68D2
:10BC9C0023F0F8027B685B69DB00274913430B60D8
:10BCAC0015E0264B00221A60FEF7DEF9386108E039
:10BCBC00FEF7DAF902463B69D31A022B01D90323AA
:10BCCC0080E11D4B1B6803F00203002BF0D17B6855
:10BCDC001B6803F00803002B3AD07B689B69002B90
:10BCEC0019D0174B01221A60FEF7BEF9386108E033
:10BCFC00FEF7BAF902463B69D31A022B01D903238A
:10BD0C0060E10D4B5B6A03F00203002BF0D00120C5
:10BD1C0000F0CEFA1CE00A4B00221A60FEF7A4F9E0
:10BD2C0038610FE0FEF7A0F902463B69D31A022BEB
:10BD3C0008D9032346E100BF001002400000424234
:10BD4C0080044242924B5B6A03F00203002BE9D160
:10BD5C007B681B6803F00403002B00F0A680002313
:10BD6C00FB758B4BDB6903F08053002B0DD1884B9B
:10BD7C00DB69874A43F08053D361854BDB6903F061
:10BD8C008053BB60BB680123FB75824B1B6803F4BB
:10BD9C008073002B18D17F4B1B687E4A43F4807351
:10BDAC001360FEF761F9386108E0FEF75DF90246B1
:10BDBC003B69D31A642B01D9032303E1754B1B6830
:10BDCC0003F48073002BF0D07B68DB68012B06D169
:10BDDC006F4B1B6A6E4A43F0010313622DE07B68C4
:10BDEC00DB68002B0CD16A4B1B6A694A23F00103F8
:10BDFC001362674B1B6A664A23F0040313621CE050
:10BE0C007B68DB68052B0CD1614B1B6A604A43F0E5
:10BE1C00040313625E4B1B6A5D4A43F00103136219
:10BE2C000BE05B4B1B6A5A4A23F001031362584B1D
:10BE3C001B6A574A23F0040313627B68DB68002BF0
:10BE4C0015D0FEF711F938610AE0FEF70DF902463C
:10BE5C003B69D31A41F28832934201D90323B1E0F2
:10BE6C004B4B1B6A03F00203002BEED014E0FEF7E1
:10BE7C00FBF838610AE0FEF7F7F802463B69D31A83
:10BE8C0041F28832934201D903239BE0404B1B6A59
:10BE9C0003F00203002BEED1FB7D012B05D13C4BB3
:10BEAC00DB693B4A23F08053D3617B68DB69002B51
:10BEBC0000F08780364B5B6803F00C03082B61D0D5
:10BECC007B68DB69022B46D1334B00221A60FEF7EC
:10BEDC00CBF8386108E0FEF7C7F802463B69D31A85
:10BEEC00022B01D903236DE0294B1B6803F000736F
:10BEFC00002BF0D17B681B6AB3F5803F08D1244B33
:10BF0C005B6823F400327B689B68214913434B60C8
:10BF1C001F4B5B6823F474127B68196A7B685B6A3D
:10BF2C000B431B4913434B601B4B01221A60FEF75A
:10BF3C009BF8386108E0FEF797F802463B69D31A84
:10BF4C00022B01D903233DE0114B1B6803F0007356
:10BF5C00002BF0D035E0104B00221A60FEF784F86D
:10BF6C00386108E0FEF780F802463B69D31A022BD1
:10BF7C0001D9032326E0064B1B6803F00073002B4A
:10BF8C00F0D11EE07B68DB69012B07D1012319E09E
:10BF9C000010024000700040600042420B4B5B6896
:10BFAC00FB60FB6803F480327B681B6A9A4206D103
:10BFBC00FB6803F470127B685B6A9A4201D0012320
:10BFCC0000E0002318461837BD4680BD0010024023
:10BFDC0080B584B000AF786039607B68002B01D1EC
:10BFEC000123D0E06A4B1B6803F007033A689A42BE
:10BFFC0010D9674B1B6823F0070265493B68134354
:10C00C000B60634B1B6803F007033A689A4201D03C
:10C01C000123B8E07B681B6803F00203002B20D0DF
:10C02C007B681B6803F00403002B05D0594B5B683D
:10C03C00584A43F4E06353607B681B6803F00803C1
:10C04C00002B05D0534B5B68524A43F4605353604A
:10C05C00504B5B6823F0F0027B689B684D4913439F
:10C06C004B607B681B6803F00103002B40D07B689E
:10C07C005B68012B07D1474B1B6803F40033002B83
:10C08C0015D101237FE07B685B68022B07D1414B04
:10C09C001B6803F00073002B09D1012373E03D4BA7
:10C0AC001B6803F00203002B01D101236BE0394B19
:10C0BC005B6823F003027B685B68364913434B6073
:10C0CC00FDF7D2FFF8600AE0FDF7CEFF0246FB68F1
:10C0DC00D31A41F28832934201D9032353E02D4BFA
:10C0EC005B6803F00C027B685B689B009A42EBD1A7
:10C0FC00274B1B6803F007033A689A4210D2244B73
:10C10C001B6823F0070222493B6813430B60204B4A
:10C11C001B6803F007033A689A4201D0012332E00E
:10C12C007B681B6803F00403002B08D0194B5B6879
:10C13C0023F4E0627B68DB68164913434B607B6831
:10C14C001B6803F00803002B09D0124B5B6823F427
:10C15C0060527B681B69DB000E4913434B6000F097
:10C16C0021F802460B4B5B681B0903F00F030A49CD
:10C17C00CB5C22FA03F3094A1360094B1B6818467F
:10C18C00FDF730FF002318461037BD4680BD00BFB9
:10C19C00002002400010024018FF00081000002090
:10C1AC001400002080B487B000AF0023FB60002394
:10C1BC00BB6000237B6100237B6000233B611E4B33
:10C1CC005B68FB60FB6803F00C03042B02D0082BAC
:10C1DC0003D027E0194B3B6127E0FB689B0C03F075
:10C1EC000F03174AD35C7B60FB6803F48033002B8E
:10C1FC0010D0114B5B685B0C03F00103114AD35C4C
:10C20C00BB607B680D4A03FB02F2BB68B2FBF3F325
:10C21C007B6104E07B680C4A02FB03F37B617B6966
:10C22C003B6102E0054B3B6100BF3B6918461C3784
:10C23C00BD4680BC704700BF0010024000127A005F
:10C24C0030FF000840FF000800093D0080B400AF3B
:10C25C00024B1B681846BD4680BC7047100000207E
:10C26C0080B500AFFFF7F2FF0246054B5B681B0A77
:10C27C0003F007030349CB5C22FA03F3184680BD95
:10C28C000010024028FF000880B500AFFFF7DEFF6A
:10C29C000246054B5B68DB0A03F007030349CB5CE2
:10C2AC0022FA03F3184680BD0010024028FF000854
:10C2BC0080B485B000AF78600A4B1B680A4AA2FBB9
:10C2CC0003235B0A7A6802FB03F3FB6000BFFB6885
:10C2DC005A1EFA60002BF9D100BF00BF1437BD46BF
:10C2EC0080BC704710000020D34D621080B586B022
:10C2FC0000AF786000233B610023FB607B681B6808
:10C30C0003F00103002B7DD00023FB754F4BDB6941
:10C31C0003F08053002B0DD14C4BDB694B4A43F09F
:10C32C008053D361494BDB6903F08053BB60BB681E
:10C33C000123FB75464B1B6803F48073002B18D14B
:10C34C00434B1B68424A43F480731360FDF78CFE29
:10C35C00386108E0FDF788FE02463B69D31A642B6E
:10C36C0001D903236DE03A4B1B6803F48073002B57
:10C37C00F0D0364B1B6A03F44073FB60FB68002B58
:10C38C002ED07B685B6803F44073FA689A4227D01E
:10C39C002E4B1B6A23F44073FB602E4B01221A6058
:10C3AC002C4B00221A60294AFB681362FB6803F0CD
:10C3BC000103002B14D0FDF757FE38610AE0FDF79E
:10C3CC0053FE02463B69D31A41F28832934201D99B
:10C3DC00032336E01D4B1B6A03F00203002BEED047
:10C3EC001A4B1B6A23F440727B685B681749134332
:10C3FC000B62FB7D012B05D1144BDB69134A23F037
:10C40C008053D3617B681B6803F00203002B08D0B8
:10C41C000E4B5B6823F440427B689B680B491343CB
:10C42C004B607B681B6803F01003002B08D0074B94
:10C43C005B6823F480027B68DB68044913434B6020
:10C44C00002318461837BD4680BD00BF00100240BF
:10C45C00007000404004424280B588B000AF786064
:10C46C0000237B610023FB6100233B610023FB6005
:10C47C000023BB617B68102B0AD07B68102B00F269
:10C48C008A807B68012B45D07B68022B75D082E0BB
:10C49C00464B5B68FB60454B1B6803F08073002BBD
:10C4AC007BD0FB689B0C03F00F03414AD35C3B61D0
:10C4BC00FB6803F48033002B15D03C4B5B685B0CA2
:10C4CC0003F001033B4AD35C7B61FB6803F48033CC
:10C4DC00002B0DD0384A7B69B2FBF3F23B6902FBAF
:10C4EC0003F3FB6104E03B69344A02FB03F3FB6199
:10C4FC002E4B5B6803F48003B3F5800F02D1FB690C
:10C50C00BB614AE0FB695B002D4AA2FB03235B087D
:10C51C00BB6142E0254B1B6AFB60FB6803F4407374
:10C52C00B3F5807F08D1FB6803F00203002B03D026
:10C53C004FF40043BB611FE0FB6803F44073B3F599
:10C54C00007F09D1194B5B6A03F00203002B03D067
:10C55C0049F64043BB610FE0FB6803F44073B3F54D
:10C56C00407F1CD1114B1B6803F40033002B16D0F9
:10C57C004FF22443BB6112E011E0FFF785FE024647
:10C58C000A4B5B689B0B03F0030301335B00B2FBAC
:10C59C00F3F3BB6104E000BF02E000BF00E000BFAA
:10C5AC00BB6918462037BD4680BD00BF0010024055
:10C5BC0044FF000854FF000800127A0000093D00F7
:10C5CC00ABAAAAAA80B584B000AF78600023FB6048
:10C5DC007B68002B01D101237AE07B685B7CDBB2AA
:10C5EC00002B05D17B6800221A747868FCF77AFF5F
:10C5FC007B6802225A74786800F0BEF90346002B5F
:10C60C0004D07B6804225A74012361E0786800F03E
:10C61C0077FA0346002B04D07B6804225A7401235A
:10C62C0056E07B681B685A687B681B6822F007021F
:10C63C005A607B689B68002B05D0274B1B6B264AE6
:10C64C0023F001031363244BDB6A23F460727B68D1
:10C65C009B6821491343CB627B685B68B3F1FF3F56
:10C66C0003D07B685B68FB600EE00120FFF7F4FEF3
:10C67C00F860FB68002B04D17B6804225A740123F8
:10C68C0026E0FB68013BFB60FB681A0C7B681B68AF
:10C69C0002F00F029A607B681B68FA6892B2DA604B
:10C6AC00786800F055FA0346002B04D07B6804220E
:10C6BC005A7401230CE07B680022DA737B68012238
:10C6CC005A737B6801229A737B6801225A74002387
:10C6DC0018461037BD4680BD006C004090B587B041
:10C6EC0000AFF860B9607A6000237B6100233B6186
:10C6FC00FB68002B02D0BB68002B01D1012380E02A
:10C70C00FB681B7C012B01D102237AE0FB68012220
:10C71C001A74FB6802225A747B68002B13D1BB6815
:10C72C001B781A464FF4616303FB02F2BB685B781B
:10C73C0019460B461B015B1A9B001344BA6892788E
:10C74C0013447B611EE0BB681B78184600F028FA86
:10C75C0003461A464FF4616303FB02F4BB685B7833
:10C76C00184600F01DFA03461A4613461B019B1A85
:10C77C009B001C44BB689B78184600F011FA0346DA
:10C78C0023447B617969F86800F053F90346002B68
:10C79C0007D0FB6804225A74FB6800221A74012328
:10C7AC002FE0FB681B685A68FB681B6822F00502C7
:10C7BC005A60F86800F064F938613B69B3F1FF3FE7
:10C7CC0018D03A697B699A4214D23B6903F5A833B5
:10C7DC0003F5C0733B613969F86800F06AF90346E8
:10C7EC00002B07D0FB6804225A74FB6800221A74D1
:10C7FC00012306E0FB6801225A74FB6800221A74BC
:10C80C00002318461C37BD4690BD000080B588B08B
:10C81C0000AFF860B9607A600023FB610023BB6154
:10C82C0000237B61FB68002B02D0BB68002B01D17D
:10C83C00012397E0FB681B7C012B01D1022391E0C3
:10C84C00FB6801221A74FB6802225A747B68002B65
:10C85C000CD1BB68DA78FB68DA73BB685A78FB6872
:10C86C005A73BB689A78FB689A731AE0BB68DB78DA
:10C87C00184600F095F903461A46FB68DA73BB6854
:10C88C005B78184600F08CF903461A46FB685A731D
:10C89C00BB689B78184600F083F903461A46FB6880
:10C8AC009A73FB68DB7B1846FB68597BFB689B7BA8
:10C8BC001A4600F093F903461A46FB681A73FB6894
:10C8CC001A7BBB681A70F86800F083F8F861FB6992
:10C8DC00264AA2FB0323DB0A7B617B69182B3AD91E
:10C8EC007B69234AA2FB03231B09224A02FB03F3A5
:10C8FC00FA69D31AFB61F969F86800F09AF80346F3
:10C90C00002B07D0FB6804225A74FB6800221A74AF
:10C91C00012327E0F86800F0B3F8B861BB69B3F104
:10C92C00FF3F18D0BA69FB699A4214D2BB6903F570
:10C93C00A83303F5C073BB61B969F86800F0B9F8A6
:10C94C000346002B07D0FB6804225A74FB680022B4
:10C95C001A74012306E0FB6801225A74FB6800225A
:10C96C001A74002318462037BD4680BDC5B3A2916A
:10C97C00ABAAAAAA8051010080B584B000AF786040
:10C98C000023FB607B68002B01D101231DE07B6839
:10C99C001B685A687B681B6822F008025A60FDF716
:10C9AC0063FBF86009E0FDF75FFB0246FB68D31AF6
:10C9BC00B3F57A7F01D9032307E07B681B685B68BA
:10C9CC0003F00803002BEED0002318461037BD46A9
:10C9DC0080BD80B487B000AF786000237B820023D9
:10C9EC003B820023FB8100237B617B681B689B6976
:10C9FC007B827B681B68DB69FB817B681B689B699E
:10CA0C003B827A8A3B8A9A4208D03B8A1A047B681A
:10CA1C001B68DB699BB213437B6104E07B8A1A04BD
:10CA2C00FB8913437B617B6918461C37BD4680BC70
:10CA3C00704780B584B000AF786039600023FB7319
:10CA4C00786800F05DF80346002B02D00123FB73DD
:10CA5C0011E07B681B683A68120C9A617B681B6852
:10CA6C003A6892B2DA61786800F072F80346002BEB
:10CA7C0001D00123FB73FB7B18461037BD4680BDEC
:10CA8C0080B485B000AF78600023FB810023BB81AC
:10CA9C007B681B681B6AFB817B681B685B6ABB81BC
:10CAAC00FB891A04BB89134318461437BD4680BC56
:10CABC00704780B584B000AF786039600023FB7399
:10CACC00786800F01DF80346002B02D00123FB739D
:10CADC0011E07B681B683A68120C1A627B681B6851
:10CAEC003A6892B25A62786800F032F80346002B2A
:10CAFC0001D00123FB73FB7B18461037BD4680BD6C
:10CB0C0080B584B000AF78600023FB60FDF7ACFA11
:10CB1C00F86009E0FDF7A8FA0246FB68D31AB3F5F2
:10CB2C007A7F01D903230FE07B681B685B6803F0F5
:10CB3C002003002BEED07B681B685A687B681B684F
:10CB4C0042F010025A60002318461037BD4680BDD3
:10CB5C0080B584B000AF78600023FB607B681B68F5
:10CB6C005A687B681B6822F010025A60FDF77CFA49
:10CB7C00F86009E0FDF778FA0246FB68D31AB3F5C2
:10CB8C007A7F01D9032307E07B681B685B6803F09D
:10CB9C002003002BEED0002318461037BD4680BD75
:10CBAC0080B485B000AF0346FB710023FB60FB79BA
:10CBBC001B09DBB21A4613469B0013445B00FB6057
:10CBCC00FB7903F00F03DAB2FB68DBB21344DBB280
:10CBDC0018461437BD4680BC7047000080B485B041
:10CBEC0000AF78600B46FB701346BB700023BB6034
:10CBFC000023FB607B6803F5FA63BB60FB78022BB8
:10CC0C002DD8FA7813465B001344DB009B1A2C4A90
:10CC1C00A2FB03235A08BB781A44BB681A44BB68AE
:10CC2C00013B9B081A44BB68013B2649A1FB03133B
:10CC3C005B09D21ABB68013B2249A1FB0313DB0938
:10CC4C0013441A1D204BA3FB0213D11A49080B44A1
:10CC5C0099080B46DB005B1AD31AFB6029E0FA78C3
:10CC6C0013465B001344DB009B1A154AA2FB0323FB
:10CC7C005A08BB781A44BB681A44BB689B081A4410
:10CC8C00BB681049A1FB03135B09D21ABB680D49A1
:10CC9C00A1FB0313DB0913449A1C0B4BA3FB0213DC
:10CCAC00D11A49080B4499080B46DB005B1AD31ABE
:10CCBC00FB60FB68DBB218461437BD4680BC70477E
:10CCCC00398EE3381F85EB512549922480B582B00B
:10CCDC0000AF78607B68002B01D1012376E07B6884
:10CCEC005B6A002B08D17B685B68B3F5827F09D047
:10CCFC007B680022DA6105E07B6800221A617B68A0
:10CD0C0000225A617B6800229A627B6893F851304A
:10CD1C00DBB2002B06D17B68002283F850207868A8
:10CD2C00FCF736FC7B68022283F851207B681B6879
:10CD3C001A687B681B6822F040021A607B685B688B
:10CD4C0003F482727B689B6803F404431A437B6888
:10CD5C00DB6803F400631A437B681B6903F002036E
:10CD6C001A437B685B6903F001031A437B689B6978
:10CD7C0003F400731A437B68DB6903F038031A432E
:10CD8C007B681B6A03F0800342EA03017B689B6AA1
:10CD9C0003F400527B681B680A431A607B689B692A
:10CDAC001A0C7B681B6802F004025A607B681B68D3
:10CDBC00DA697B681B6822F40062DA617B68002206
:10CDCC005A657B68012283F85120002318460837E6
:10CDDC00BD4680BD80B582B000AF78607B68002B0B
:10CDEC0001D101234CE07B6893F83D30DBB2002B82
:10CDFC0011D17B68002283F83C20786801F050FE4A
:10CE0C007B689B6C002B02D17B681F4A9A647B6801
:10CE1C009B6C786898477B68022283F83D207B687E
:10CE2C001A687B6804331946104601F0E9F97B68EF
:10CE3C00012283F846207B68012283F83E207B6820
:10CE4C00012283F83F207B68012283F840207B6815
:10CE5C00012283F841207B68012283F842207B6801
:10CE6C00012283F843207B68012283F844207B68ED
:10CE7C00012283F845207B68012283F83D200023A2
:10CE8C0018460837BD4680BDC59A000880B582B0EB
:10CE9C0000AF78607B68022283F83D207B681B68BA
:10CEAC001A6A41F211131340002B0FD17B681B68D7
:10CEBC001A6A40F244431340002B07D17B681B686D
:10CECC001A687B681B6822F001021A607B68DB6CB5
:10CEDC00002B02D17B681B4ADA647B68DB6C7868B8
:10CEEC0098477B68002283F846207B68002283F8F1
:10CEFC003E207B68002283F83F207B68002283F869
:10CF0C0040207B68002283F841207B68002283F854
:10CF1C0042207B68002283F843207B68002283F840
:10CF2C0044207B68002283F845207B68002283F82C
:10CF3C003D207B68002283F83C20002318460837EC
:10CF4C00BD4680BDED9B000880B485B000AF786015
:10CF5C007B6893F83D30DBB2012B01D001233AE022
:10CF6C007B68022283F83D207B681B68DA687B684B
:10CF7C001B6842F00102DA607B681B68184A934216
:10CF8C000ED07B681B68B3F1804F09D07B681B689F
:10CF9C00144A934204D07B681B68134A934211D104
:10CFAC007B681B689B6803F00703FB60FB68062B20
:10CFBC0010D07B681B681A687B681B6842F0010202
:10CFCC001A6007E07B681B681A687B681B6842F074
:10CFDC0001021A60002318461437BD4680BC704706
:10CFEC00002C0140000400400008004080B483B0D5
:10CFFC0000AF78607B681B68DA687B681B6822F07E
:10D00C000102DA607B681B681A6A41F21113134043
:10D01C00002B0FD17B681B681A6A40F24443134003
:10D02C00002B07D17B681B681A687B681B6822F091
:10D03C0001021A607B68012283F83D200023184608
:10D04C000C37BD4680BC704780B582B000AF7860AD
:10D05C007B68002B01D101234CE07B6893F83D30B9
:10D06C00DBB2002B11D17B68002283F83C2078685E
:10D07C0001F016FD7B681B6E002B02D17B681F4AEA
:10D08C001A667B681B6E786898477B68022283F867
:10D09C003D207B681A687B6804331946104601F002
:10D0AC00AFF87B68012283F846207B68012283F865
:10D0BC003E207B68012283F83F207B68012283F8A5
:10D0CC0040207B68012283F841207B68012283F891
:10D0DC0042207B68012283F843207B68012283F87D
:10D0EC0044207B68012283F845207B68012283F869
:10D0FC003D20002318460837BD4680BD0DD10008E1
:10D10C0080B483B000AF786000BF0C37BD4680BCE4
:10D11C007047000080B584B000AF786039603B6820
:10D12C00002B09D17B6893F83E30DBB2012B14BF86
:10D13C0001230023DBB222E03B68042B09D17B687E
:10D14C0093F83F30DBB2012B14BF01230023DBB279
:10D15C0015E03B68082B09D17B6893F84030DBB2B3
:10D16C00012B14BF01230023DBB208E07B6893F88A
:10D17C004130DBB2012B14BF01230023DBB2002BA7
:10D18C0001D001235EE03B68002B04D17B680222B6
:10D19C0083F83E2013E03B68042B04D17B68022209
:10D1AC0083F83F200BE03B68082B04D17B680222FC
:10D1BC0083F8402003E07B68022283F841207B68DF
:10D1CC001B6801223968184601F045FC7B681B6816
:10D1DC001E4A934207D17B681B685A6C7B681B689C
:10D1EC0042F400425A647B681B68184A93420ED082
:10D1FC007B681B68B3F1804F09D07B681B68144AAD
:10D20C00934204D07B681B68124A934211D17B680D
:10D21C001B689B6803F00703FB60FB68062B10D0B0
:10D22C007B681B681A687B681B6842F001021A60F5
:10D23C0007E07B681B681A687B681B6842F0010278
:10D24C001A60002318461037BD4680BD002C0140E3
:10D25C00000400400008004080B582B000AF786048
:10D26C0039607B681B6800223968184601F0F3FBB3
:10D27C007B681B68294A934217D17B681B681A6A22
:10D28C0041F211131340002B0FD17B681B681A6AF3
:10D29C0040F244431340002B07D17B681B685A6C47
:10D2AC007B681B6822F400425A647B681B681A6A0C
:10D2BC0041F211131340002B0FD17B681B681A6AC3
:10D2CC0040F244431340002B07D17B681B681A685B
:10D2DC007B681B6822F001021A603B68002B04D1AA
:10D2EC007B68012283F83E2013E03B68042B04D1B9
:10D2FC007B68012283F83F200BE03B68082B04D1AC
:10D30C007B68012283F8402003E07B68012283F8CC
:10D31C004120002318460837BD4680BD002C014033
:10D32C0080B582B000AF78607B68002B01D10123FF
:10D33C004CE07B6893F83D30DBB2002B11D17B685D
:10D34C00002283F83C20786801F0AAFB7B681B6DF7
:10D35C00002B02D17B681F4A1A657B681B6D7868AD
:10D36C0098477B68022283F83D207B681A687B68AB
:10D37C0004331946104600F043FF7B68012283F802
:10D38C0046207B68012283F83E207B68012283F8CB
:10D39C003F207B68012283F840207B68012283F8C0
:10D3AC0041207B68012283F842207B68012283F8AC
:10D3BC0043207B68012283F844207B68012283F898
:10D3CC0045207B68012283F83D200023184608374E
:10D3DC00BD4680BDE5D3000880B483B000AF786053
:10D3EC0000BF0C37BD4680BC7047000080B584B0D0
:10D3FC0000AF786039603B68002B04D17B6893F8F0
:10D40C003E30DBB213E03B68042B04D17B6893F80D
:10D41C003F30DBB20BE03B68082B04D17B6893F800
:10D42C004030DBB203E07B6893F84130DBB2FB7336
:10D43C003B68002B04D17B6893F84230DBB213E0DD
:10D44C003B68042B04D17B6893F84330DBB20BE0D0
:10D45C003B68082B04D17B6893F84430DBB203E0C3
:10D46C007B6893F84530DBB2BB73FB7B012B02D19D
:10D47C00BB7B012B01D001236DE03B68002B04D159
:10D48C007B68022283F83E2013E03B68042B04D116
:10D49C007B68022283F83F200BE03B68082B04D109
:10D4AC007B68022283F8402003E07B68022283F829
:10D4BC0041203B68002B04D17B68022283F8422078
:10D4CC0013E03B68042B04D17B68022283F84320D1
:10D4DC000BE03B68082B04D17B68022283F84420C4
:10D4EC0003E07B68022283F845207B681B680122DD
:10D4FC003968184601F0AFFA7B681B68184A9342EA
:10D50C000ED07B681B68B3F1804F09D07B681B6819
:10D51C00144A934204D07B681B68134A934211D17E
:10D52C007B681B689B6803F00703BB60BB68062B1A
:10D53C0010D07B681B681A687B681B6842F001027C
:10D54C001A6007E07B681B681A687B681B6842F0EE
:10D55C0001021A60002318461037BD4680BD00BF7B
:10D56C00002C0140000400400008004080B584B04D
:10D57C0000AF786039600023FB733B68002B04D14B
:10D58C007B6893F83E30DBB213E03B68042B04D18C
:10D59C007B6893F83F30DBB20BE03B68082B04D17F
:10D5AC007B6893F84030DBB203E07B6893F8413042
:10D5BC00DBB2BB733B68002B04D17B6893F8423021
:10D5CC00DBB213E03B68042B04D17B6893F8433047
:10D5DC00DBB20BE03B68082B04D17B6893F844303A
:10D5EC00DBB203E07B6893F84530DBB27B73BB7B2B
:10D5FC00012B02D17B7B012B01D00123B8E03B68CE
:10D60C00002B04D17B68022283F83E2013E03B6898
:10D61C00042B04D17B68022283F83F200BE03B688B
:10D62C00082B04D17B68022283F8402003E07B683E
:10D63C00022283F841203B68002B04D17B68022234
:10D64C0083F8422013E03B68042B04D17B68022250
:10D65C0083F843200BE03B68082B04D17B68022243
:10D66C0083F8442003E07B68022283F845203B6862
:10D67C000C2B41D801A252F823F000BFBDD60008F4
:10D68C0005D7000805D7000805D70008CFD6000835
:10D69C0005D7000805D7000805D70008E1D6000813
:10D6AC0005D7000805D7000805D70008F3D60008F1
:10D6BC007B681B68DA687B681B6842F00202DA60E0
:10D6CC001DE07B681B68DA687B681B6842F004020B
:10D6DC00DA6014E07B681B68DA687B681B6842F0D0
:10D6EC000802DA600BE07B681B68DA687B681B68F1
:10D6FC0042F01002DA6002E00123FB7300BFFB7BF7
:10D70C00002B34D17B681B6801223968184601F064
:10D71C00A2F97B681B68184A93420ED07B681B6881
:10D72C00B3F1804F09D07B681B68144A934204D034
:10D73C007B681B68124A934211D17B681B689B68FB
:10D74C0003F00703BB60BB68062B10D07B681B681B
:10D75C001A687B681B6842F001021A6007E07B685C
:10D76C001B681A687B681B6842F001021A60FB7B1D
:10D77C0018461037BD4680BD002C01400004004007
:10D78C000008004080B584B000AF78607B681B68EF
:10D79C00DB68FB607B681B681B69BB60BB6803F0C4
:10D7AC000203002B26D0FB6803F00203002B21D0D0
:10D7BC007B681B686FF002021A617B6801221A7782
:10D7CC007B681B689B6903F00303002B05D07B6807
:10D7DC00D3F890307868984709E07B68D3F8983094
:10D7EC00786898477B68D3F89C30786898477B6852
:10D7FC0000221A77BB6803F00403002B26D0FB68C9
:10D80C0003F00403002B21D07B681B686FF004022B
:10D81C001A617B6802221A777B681B689B6903F488
:10D82C004073002B05D07B68D3F89030786898470C
:10D83C0009E07B68D3F89830786898477B68D3F810
:10D84C009C30786898477B6800221A77BB6803F095
:10D85C000803002B26D0FB6803F00803002B21D013
:10D86C007B681B686FF008021A617B6804221A77C8
:10D87C007B681B68DB6903F00303002B05D07B6816
:10D88C00D3F890307868984709E07B68D3F89830E3
:10D89C00786898477B68D3F89C30786898477B68A1
:10D8AC0000221A77BB6803F01003002B26D0FB680C
:10D8BC0003F01003002B21D07B681B686FF0100263
:10D8CC001A617B6808221A777B681B68DB6903F492
:10D8DC004073002B05D07B68D3F89030786898475C
:10D8EC0009E07B68D3F89830786898477B68D3F860
:10D8FC009C30786898477B6800221A77BB6803F0E5
:10D90C000103002B0ED0FB6803F00103002B09D0A0
:10D91C007B681B686FF001021A617B68D3F880305A
:10D92C0078689847BB6803F08003002B0ED0FB6827
:10D93C0003F08003002B09D07B681B686FF080021A
:10D94C001A617B68D3F8B03078689847BB6803F0ED
:10D95C004003002B0ED0FB6803F04003002B09D0D2
:10D96C007B681B686FF040021A617B68D3F88830C3
:10D97C0078689847BB6803F02003002B0ED0FB6837
:10D98C0003F02003002B09D07B681B686FF020028A
:10D99C001A617B68D3F8A8307868984700BF1037B5
:10D9AC00BD4680BD80B586B000AFF860B9607A60C6
:10D9BC000023FB75FB6893F83C30012B01D102234B
:10D9CC0088E0FB68012283F83C207B68002B1BD18C
:10D9DC00FB681868BB681968BB685A68BB68DB6869
:10D9EC0000F096FEFB681B689A69FB681B6822F0C6
:10D9FC000C029A61FB681B689969BB689A68FB68A2
:10DA0C001B680A439A6160E07B68042B1CD1FB689D
:10DA1C001868BB681968BB685A68BB68DB6800F09B
:10DA2C00FFFEFB681B689A69FB681B6822F4406266
:10DA3C009A61FB681B689969BB689B681A02FB6852
:10DA4C001B680A439A6140E07B68082B1BD1FB687A
:10DA5C001868BB681968BB685A68BB68DB6800F05B
:10DA6C004AFFFB681B68DA69FB681B6822F00C0232
:10DA7C00DA61FB681B68D969BB689A68FB681B682C
:10DA8C000A43DA6121E07B680C2B1CD1FB68186817
:10DA9C00BB681968BB685A68BB68DB6800F066FF36
:10DAAC00FB681B68DA69FB681B6822F44062DA6168
:10DABC00FB681B68D969BB689B681A02FB681B680A
:10DACC000A43DA6101E00123FB75FB68002283F84D
:10DADC003C20FB7D18461837BD4680BD80B586B00E
:10DAEC0000AFF860B9607A600023FB75FB6893F8AF
:10DAFC003C30012B01D10223AEE0FB68012283F8FC
:10DB0C003C207B680C2B00F29F8001A252F823F082
:10DB1C0051DB000855DC000855DC000855DC00081A
:10DB2C0091DB000855DC000855DC000855DC0008CA
:10DB3C00D3DB000855DC000855DC000855DC000878
:10DB4C0013DC0008FB681B68B968184600F0C6FBBC
:10DB5C00FB681B689A69FB681B6842F008029A61B3
:10DB6C00FB681B689A69FB681B6822F004029A61C7
:10DB7C00FB681B689969BB681A69FB681B680A43D8
:10DB8C009A6164E0FB681B68B968184600F00CFCED
:10DB9C00FB681B689A69FB681B6842F400629A6117
:10DBAC00FB681B689A69FB681B6822F480629A61A7
:10DBBC00FB681B689969BB681B691A02FB681B68C8
:10DBCC000A439A6143E0FB681B68B968184600F089
:10DBDC0055FCFB681B68DA69FB681B6842F008029D
:10DBEC00DA61FB681B68DA69FB681B6822F00402C7
:10DBFC00DA61FB681B68D969BB681A69FB681B682A
:10DC0C000A43DA6123E0FB681B68B968184600F028
:10DC1C009FFCFB681B68DA69FB681B6842F40062B6
:10DC2C00DA61FB681B68DA69FB681B6822F48062A6
:10DC3C00DA61FB681B68D969BB681B691A02FB684F
:10DC4C001B680A43DA6102E00123FB7500BFFB6825
:10DC5C00002283F83C20FB7D18461837BD4680BD5A
:10DC6C0080B584B000AF786039600023FB737B68AB
:10DC7C0093F83C30012B01D10223B4E07B680122E4
:10DC8C0083F83C207B68022283F83D207B681B686C
:10DC9C009B68BB60BB6823F07703BB60BB6823F455
:10DCAC007F43BB607B681B68BA689A603B681B68E3
:10DCBC00B3F5005F3ED0B3F5005F00F28780B3F59B
:10DCCC00805F00F08680B3F5805F7FD8702B1AD010
:10DCDC00702B7BD8602B50D0602B77D8502B3CD03E
:10DCEC00502B73D8402B58D0402B6FD8302B64D08E
:10DCFC00302B6BD8202B60D0202B67D8002B5CD01E
:10DD0C00102B5AD062E07B6818683B6899683B68B6
:10DD1C005A683B68DB6800F07FFE7B681B689B6879
:10DD2C00BB60BB6843F07703BB607B681B68BA6859
:10DD3C009A604FE07B6818683B6899683B685A6842
:10DD4C003B68DB6800F068FE7B681B689A687B6840
:10DD5C001B6842F480429A603CE07B6818683B6820
:10DD6C0059683B68DB681A4600F02CFD7B681B6821
:10DD7C005021184600F036FE2CE07B6818683B6892
:10DD8C0059683B68DB681A4600F086FD7B681B68A7
:10DD9C006021184600F026FE1CE07B6818683B6882
:10DDAC0059683B68DB681A4600F00CFD7B681B6801
:10DDBC004021184600F016FE0CE07B681A683B68A0
:10DDCC001B681946104600F00DFE03E00123FB739F
:10DDDC0000E000BF7B68012283F83D207B680022B5
:10DDEC0083F83C20FB7B18461037BD4680BD80B5C0
:10DDFC0082B000AF786039607B6893F83C30012BBF
:10DE0C0001D1022331E07B68012283F83C207B683E
:10DE1C00022283F83D203968786800F0E7FB03465E
:10DE2C00002B09D07B68012283F83D207B680022FF
:10DE3C0083F83C20012318E07B681B68DA687B6858
:10DE4C001B6822F04002DA607B681B68DA687B682A
:10DE5C001B6822F48042DA607B68012283F83D2043
:10DE6C007B68002283F83C20002318460837BD4607
:10DE7C0080BD000080B485B000AF786039600023AD
:10DE8C00FB603B680C2B31D801A252F823F000BF89
:10DE9C00D1DE0008F9DE0008F9DE0008F9DE000822
:10DEAC00DBDE0008F9DE0008F9DE0008F9DE000808
:10DEBC00E5DE0008F9DE0008F9DE0008F9DE0008EE
:10DECC00EFDE00087B681B685B6BFB600FE07B6818
:10DEDC001B689B6BFB600AE07B681B68DB6BFB6061
:10DEEC0005E07B681B681B6CFB6000E000BFFB68F7
:10DEFC0018461437BD4680BC704700BF80B483B051
:10DF0C0000AF786000BF0C37BD4680BC704780B452
:10DF1C0083B000AF786000BF0C37BD4680BC704743
:10DF2C0080B483B000AF786000BF0C37BD4680BCB6
:10DF3C00704780B483B000AF786000BF0C37BD462B
:10DF4C0080BC704780B483B000AF786000BF0C37E2
:10DF5C00BD4680BC704780B483B000AF786000BF12
:10DF6C000C37BD4680BC704780B483B000AF78607E
:10DF7C0000BF0C37BD4680BC704780B483B000AF87
:10DF8C00786000BF0C37BD4680BC704780B487B04A
:10DF9C0000AFF8600B467A60FB720023FB757B6860
:10DFAC00002B01D1012325E1FB6893F83D30DBB256
:10DFBC00012B40F0B980FB7A1A2B00F2B28001A23F
:10DFCC0052F823F03DE0000845E000084DE0000861
:10DFDC0055E000085DE0000865E000086DE0000811
:10DFEC0075E000087DE0000885E000088DE0000881
:10DFFC0095E000089DE00008A5E00008ADE00008F1
:10E00C00B7E00008C1E00008CBE00008D5E000084C
:10E01C00DFE00008E9E00008F3E00008FDE000089C
:10E02C0007E1000811E100081BE1000825E10008E8
:10E03C00FB687A689A64DCE0FB687A68DA64D8E09A
:10E04C00FB687A681A65D4E0FB687A685A65D0E098
:10E05C00FB687A689A65CCE0FB687A68DA65C8E098
:10E06C00FB687A681A66C4E0FB687A685A66C0E096
:10E07C00FB687A689A66BCE0FB687A68DA66B8E096
:10E08C00FB687A681A67B4E0FB687A685A67B0E094
:10E09C00FB687A689A67ACE0FB687A68DA67A8E094
:10E0AC00FB687A68C3F88020A3E0FB687A68C3F841
:10E0BC0084209EE0FB687A68C3F8882099E0FB68AE
:10E0CC007A68C3F88C2094E0FB687A68C3F89020D7
:10E0DC008FE0FB687A68C3F894208AE0FB687A6862
:10E0EC00C3F8982085E0FB687A68C3F89C2080E030
:10E0FC00FB687A68C3F8A0207BE0FB687A68C3F8F9
:10E10C00A42076E0FB687A68C3F8A82071E0FB686D
:10E11C007A68C3F8AC206CE0FB687A68C3F8B0206E
:10E12C0067E00123FB7564E0FB6893F83D30DBB2DC
:10E13C00002B5CD1FB7A0D2B56D801A252F823F0A0
:10E14C0085E100088DE1000895E100089DE10008DB
:10E15C00A5E10008ADE10008B5E10008BDE100084B
:10E16C00C5E10008CDE10008D5E10008DDE10008BB
:10E17C00E5E10008EDE10008FB687A689A6438E094
:10E18C00FB687A68DA6434E0FB687A681A6530E018
:10E19C00FB687A685A652CE0FB687A689A6528E017
:10E1AC00FB687A68DA6524E0FB687A681A6620E016
:10E1BC00FB687A685A661CE0FB687A689A6618E015
:10E1CC00FB687A68DA6614E0FB687A681A6710E014
:10E1DC00FB687A685A670CE0FB687A689A6708E013
:10E1EC00FB687A68DA6704E00123FB7501E0012320
:10E1FC00FB75FB7D18461C37BD4680BC704700BFC5
:10E20C0080B485B000AF786039607B681B68FB60B8
:10E21C007B682F4A93420BD07B68B3F1804F07D0B9
:10E22C007B682C4A934203D07B682B4A934208D1DB
:10E23C00FB6823F07003FB603B685B68FA68134370
:10E24C00FB607B68224A93420BD07B68B3F1804F12
:10E25C0007D07B681F4A934203D07B681E4A9342C7
:10E26C0008D1FB6823F44073FB603B68DB68FA68F9
:10E27C001343FB60FB6823F080023B685B6913432C
:10E28C00FB607B68FA681A603B689A687B68DA62A4
:10E29C003B681A687B689A627B680D4A934203D18B
:10E2AC003B681A697B681A637B6801225A617B6838
:10E2BC001B6903F00103002B05D07B681B6923F05D
:10E2CC0001027B681A6100BF1437BD4680BC7047E1
:10E2DC00002C0140000400400008004080B487B0CE
:10E2EC0000AF786039607B681B6A7B617B681B6A56
:10E2FC0023F001027B681A627B685B683B617B6878
:10E30C009B69FB60FB6823F07003FB60FB6823F0E8
:10E31C000303FB603B681B68FA681343FB607B6973
:10E32C0023F002037B613B689B687A6913437B6132
:10E33C007B681C4A93420CD17B6923F008037B61F8
:10E34C003B68DB687A6913437B617B6923F00403C8
:10E35C007B617B68134A934211D13B6923F4807330
:10E36C003B613B6923F400733B613B685B693A6931
:10E37C0013433B613B689B693A6913433B617B6880
:10E38C003A695A607B68FA689A613B685A687B689C
:10E39C005A637B687A691A6200BF1C37BD4680BC21
:10E3AC00704700BF002C014080B487B000AF78608C
:10E3BC0039607B681B6A7B617B681B6A23F01002E7
:10E3CC007B681A627B685B683B617B689B69FB605E
:10E3DC00FB6823F4E043FB60FB6823F44073FB60B1
:10E3EC003B681B681B02FA681343FB607B6923F0D4
:10E3FC0020037B613B689B681B017A6913437B613B
:10E40C007B681D4A93420DD17B6923F080037B61AD
:10E41C003B68DB681B017A6913437B617B6923F0E2
:10E42C0040037B617B68144A934213D13B6923F40C
:10E43C0080633B613B6923F400633B613B685B6930
:10E44C009B003A6913433B613B689B699B003A69AB
:10E45C0013433B617B683A695A607B68FA689A613E
:10E46C003B685A687B689A637B687A691A6200BF5A
:10E47C001C37BD4680BC7047002C014080B487B06F
:10E48C0000AF786039607B681B6A7B617B681B6AB4
:10E49C0023F480727B681A627B685B683B617B68E3
:10E4AC00DB69FB60FB6823F07003FB60FB6823F007
:10E4BC000303FB603B681B68FA681343FB607B69D2
:10E4CC0023F400737B613B689B681B027A691343DE
:10E4DC007B617B681D4A93420DD17B6923F40063F9
:10E4EC007B613B68DB681B027A6913437B617B6948
:10E4FC0023F480637B617B68144A934213D13B699C
:10E50C0023F480533B613B6923F400533B613B682C
:10E51C005B691B013A6913433B613B689B691B01B7
:10E52C003A6913433B617B683A695A607B68FA68C5
:10E53C00DA613B685A687B68DA637B687A691A62CD
:10E54C0000BF1C37BD4680BC704700BF002C01408B
:10E55C0080B487B000AF786039607B681B6A3B6120
:10E56C007B681B6A23F480527B681A627B685B6849
:10E57C007B617B68DB69FB60FB6823F4E043FB6039
:10E58C00FB6823F44073FB603B681B681B02FA6852
:10E59C001343FB603B6923F400533B613B689B686E
:10E5AC001B033A6913433B617B680F4A934209D1C1
:10E5BC007B6923F480437B613B685B699B017A69CF
:10E5CC0013437B617B687A695A607B68FA68DA610D
:10E5DC003B685A687B681A647B683A691A6200BFA8
:10E5EC001C37BD4680BC7047002C014080B586B0FE
:10E5FC0000AF786039600023FB757B681B689B68F3
:10E60C003B613B6923F070033B613B685B683A6993
:10E61C0013433B613B6923F007033B613B681B6879
:10E62C003A6913433B617B681B683A699A603B68A3
:10E63C005B68702B1AD0702B60D8602B54D0602B79
:10E64C005CD8502B46D0502B58D8402B19D0402B8F
:10E65C0054D8302B55D0302B50D8202B51D0202BC8
:10E66C004CD8002B4DD0102B4BD047E07B68186852
:10E67C003B68D9683B689A683B681B6900F0CCF929
:10E68C0040E03B681B68052B01D101233BE07B6814
:10E69C001B681B6AFB607B681B681A6A7B681B68BB
:10E6AC0022F001021A627B681B689B69BB60BB6825
:10E6BC0023F0F003BB603B681B691B01BA68134372
:10E6CC00BB607B681B68BA689A617B681B68FA68D8
:10E6DC001A6217E07B6818683B6899683B681B698D
:10E6EC001A4600F06FF80DE07B6818683B68996873
:10E6FC003B681B691A4600F0CFF803E00123FB7559
:10E70C0000E000BFFB7D18461837BD4680BD0000F9
:10E71C0080B487B000AFF860B9607A603B60FB688A
:10E72C001B6A3B61FB681B6A23F00102FB681A62DF
:10E73C00FB689B697B61FB681F4A93420BD0FB68AB
:10E74C00B3F1804F07D0FB681C4A934203D0FB689F
:10E75C001B4A934201D1012300E00023002B08D077
:10E76C007B6923F003037B617A697B6813437B61CC
:10E77C0003E07B6943F001037B617B6923F0F003C9
:10E78C007B613B681B01DBB27A6913437B613B699C
:10E79C0023F00A033B61BB6803F00A033A69134395
:10E7AC003B61FB687A699A61FB683A691A6200BF3F
:10E7BC001C37BD4680BC7047002C01400004004053
:10E7CC000008004080B487B000AFF860B9607A6090
:10E7DC00FB681B6A7B61FB681B6A23F00102FB6808
:10E7EC001A62FB689B693B613B6923F0F0033B6158
:10E7FC007B681B013A6913433B617B6923F00A0375
:10E80C007B617A69BB6813437B61FB683A699A61E7
:10E81C00FB687A691A6200BF1C37BD4680BC704722
:10E82C0080B487B000AFF860B9607A603B60FB6879
:10E83C001B6A7B61FB681B6A23F01002FB681A627F
:10E84C00FB689B693B613B6923F440733B617B68CC
:10E85C001B023A6913433B613B6923F470433B61F0
:10E86C003B681B039BB23A6913433B617B6923F002
:10E87C00A0037B61BB681B0103F0A0037A691343FF
:10E88C007B61FB683A699A61FB687A691A6200BF1E
:10E89C001C37BD4680BC704780B487B000AFF860B1
:10E8AC00B9607A60FB681B6A7B61FB681B6A23F0AA
:10E8BC001002FB681A62FB689B693B613B6923F49D
:10E8CC0070433B617B681B033A6913433B617B6973
:10E8DC0023F0A0037B61BB681B017A6913437B6146
:10E8EC00FB683A699A61FB687A691A6200BF1C3747
:10E8FC00BD4680BC704780B487B000AFF860B9608B
:10E90C007A603B60FB681B6A7B61FB681B6A23F4C3
:10E91C008072FB681A62FB68DB693B613B6923F020
:10E92C0003033B613A697B6813433B613B6923F00A
:10E93C00F0033B613B681B01DBB23A6913433B615B
:10E94C007B6923F400737B61BB681B0203F40073C7
:10E95C007A6913437B61FB683A69DA61FB687A690F
:10E96C001A6200BF1C37BD4680BC704780B487B0AC
:10E97C0000AFF860B9607A603B60FB681B6A7B6132
:10E98C00FB681B6A23F48052FB681A62FB68DB6924
:10E99C003B613B6923F440733B617B681B023A6922
:10E9AC0013433B613B6923F470433B613B681B039E
:10E9BC009BB23A6913433B617B6923F400537B613F
:10E9CC00BB681B0303F400537A6913437B61FB6838
:10E9DC003A69DA61FB687A691A6200BF1C37BD4676
:10E9EC0080BC704780B485B000AF786039607B68BC
:10E9FC009B68FB60FB6823F07003FB603A68FB6864
:10EA0C00134343F00703FB607B68FA689A6000BF0E
:10EA1C001437BD4680BC704780B487B000AFF86037
:10EA2C00B9607A603B60FB689B687B617B6923F40F
:10EA3C007F437B613B681A027B681A43BB681343B4
:10EA4C007A6913437B61FB687A699A6000BF1C3753
:10EA5C00BD4680BC704780B487B000AFF860B96029
:10EA6C007A60BB6803F01F03012202FA03F37B6197
:10EA7C00FB681A6A7B69DB431A40FB681A62FB6805
:10EA8C001A6ABB6803F01F03796801FA03F31A438F
:10EA9C00FB681A6200BF1C37BD4680BC7047000083
:10EAAC0080B483B000AF78607B681C4AC3F88020C8
:10EABC007B681B4AC3F884207B681A4AC3F88820F9
:10EACC007B68194AC3F88C207B68184AC3F89020DD
:10EADC007B68174AC3F894207B68164AC3F89820C1
:10EAEC007B68154AC3F89C207B68144AC3F8A020A5
:10EAFC007B68134AC3F8A4207B68124AC3F8A82089
:10EB0C007B68114AC3F8AC207B68104AC3F8B0206C
:10EB1C0000BF0C37BD4680BC704700BFED7D0008C0
:10EB2C0009DF000863DF000875DF0008D77D0008E7
:10EB3C002DDF00081BDF00083FDF000851DF000855
:10EB4C0087DF0008BBEC0008CDEC0008DFEC000808
:10EB5C0080B485B000AF786039607B6893F83C3046
:10EB6C00012B01D1022346E07B68012283F83C2073
:10EB7C007B68022283F83D207B681B685B68FB6026
:10EB8C007B681B689B68BB60FB6823F07003FB60B1
:10EB9C003B681B68FA681343FB607B681B68FA6868
:10EBAC005A607B681B68164A93420ED07B681B68C0
:10EBBC00B3F1804F09D07B681B68124A934204D092
:10EBCC007B681B68104A93420CD1BB6823F080030E
:10EBDC00BB603B685B68BA681343BB607B681B68AF
:10EBEC00BA689A607B68012283F83D207B6800221A
:10EBFC0083F83C20002318461437BD4680BC704770
:10EC0C00002C0140000400400008004080B485B096
:10EC1C0000AF786039600023FB607B6893F83C3070
:10EC2C00012B01D102233DE07B68012283F83C20BB
:10EC3C00FB6823F0FF023B68DB681343FB60FB6857
:10EC4C0023F440723B689B681343FB60FB6823F41E
:10EC5C0080623B685B681343FB60FB6823F40062D3
:10EC6C003B681B681343FB60FB6823F480523B68D2
:10EC7C001B691343FB60FB6823F400523B685B6920
:10EC8C001343FB60FB6823F480423B68DB6913434E
:10EC9C00FB607B681B68FA685A647B68002283F807
:10ECAC003C20002318461437BD4680BC704780B406
:10ECBC0083B000AF786000BF0C37BD4680BC704796
:10ECCC0080B483B000AF786000BF0C37BD4680BC09
:10ECDC00704780B483B000AF786000BF0C37BD467E
:10ECEC0080BC704780B582B000AF78607B68002B29
:10ECFC0001D1012342E07B6893F84130DBB2002B59
:10ED0C0006D17B68002283F840207868FAF7F4FF7C
:10ED1C007B68242283F841207B681B68DA687B6857
:10ED2C001B6822F40052DA60786800F053FF7B68AD
:10ED3C001B681A697B681B6822F490421A617B6815
:10ED4C001B685A697B681B6822F02A025A617B682F
:10ED5C001B68DA687B681B6842F40052DA607B68D7
:10ED6C0000225A647B68202283F841207B68202291
:10ED7C0083F842207B6800225A6300231846083728
:10ED8C00BD4680BD80B582B000AF78607B68002B3B
:10ED9C0001D1012324E07B68242283F841207B6885
:10EDAC001B68DA687B681B6822F40052DA607868AA
:10EDBC00FBF79AF87B6800225A647B68002283F880
:10EDCC0041207B68002283F842207B6800221A6372
:10EDDC007B6800225A637B68002283F84020002362
:10EDEC0018460837BD4680BD80B58AB002AFF860C2
:10EDFC00B9603B601346FB8000237B61FB6893F892
:10EE0C004130DBB2202B75D1BB68002B02D0FB88C4
:10EE1C00002B01D101236EE0FB6800225A64FB68D1
:10EE2C00212283F84120FBF71FF97861FB68FA88EF
:10EE3C009A84FB68FA88DA84FB689B68B3F5805F78
:10EE4C0008D1FB681B69002B04D10023FB61BB6854
:10EE5C00BB6103E0BB68FB610023BB612EE03B6838
:10EE6C0000937B6900228021F86800F05EFC034669
:10EE7C00002B05D0FB68202283F8412003233AE0C5
:10EE8C00FB69002B0BD1BB691B881A46FB681B68FE
:10EE9C00C2F308025A60BB690233BB6107E0FB692D
:10EEAC001A78FB681B685A60FB690133FB61FB68CD
:10EEBC00DB8C9BB2013B9AB2FB68DA84FB68DB8C7F
:10EECC009BB2002BCBD13B6800937B690022402185
:10EEDC00F86800F02AFC0346002B05D0FB682022C2
:10EEEC0083F84120032306E0FB68202283F84120AD
:10EEFC00002300E0022318462037BD4680BD80B4B5
:10EF0C0085B000AFF860B9601346FB80FB6893F8DE
:10EF1C004130DBB2202B21D1BB68002B02D0FB8807
:10EF2C00002B01D101231AE0FB68BA681A62FB6856
:10EF3C00FA889A84FB68FA88DA84FB6800225A649F
:10EF4C00FB68212283F84120FB681B68DA68FB68A8
:10EF5C001B6842F08002DA60002300E002231846AE
:10EF6C001437BD4680BC704780B584B000AFF860E4
:10EF7C00B9601346FB80FB6893F84230DBB2202B60
:10EF8C0012D1BB68002B02D0FB88002B01D10123CE
:10EF9C000BE0FB6800221A63FB881A46B968F86814
:10EFAC0000F01CFC034600E0022318461037BD4657
:10EFBC0080BD000080B58CB000AFF860B96013461E
:10EFCC00FB80FB6893F84130DBB2202B56D1BB6839
:10EFDC00002B02D0FB88002B01D101234FE0BA6833
:10EFEC00FB681A62FB68FA889A84FB68FA88DA84F0
:10EFFC00FB6800225A64FB68212283F84120FB68DD
:10F00C009B6B214A9A62FB689B6B204ADA62FB6815
:10F01C009B6B1F4A1A63FB689B6B00225A6307F1B8
:10F02C000803FB62FB68986BFB6A1968FB681B683A
:10F03C0004331A46FB88FBF76DFEFB681B686FF008
:10F04C0040021A60FB681B681433BB61BB6953E850
:10F05C00003F7B617B6943F08003BB62FB681B68EC
:10F06C001433BA6A7A623B62396A7A6A41E80023DD
:10F07C00FB61FB69002BE5D1002300E0022318465D
:10F08C003037BD4680BD00BFEDF5000887F600089F
:10F09C00A3F6000880B5BAB000AF78607B681B6837
:10F0AC001B68C7F8E4307B681B68DB68C7F8E03086
:10F0BC007B681B685B69C7F8DC300023C7F8D83065
:10F0CC000023C7F8D430D7F8E43003F00F03C7F8A7
:10F0DC00D830D7F8D830002B0FD1D7F8E43003F064
:10F0EC002003002B09D0D7F8E03003F02003002BCD
:10F0FC0003D0786800F0AFFC5BE2D7F8D830002B77
:10F10C0000F0DE80D7F8DC3003F00103002B06D1D1
:10F11C00D7F8E03003F49073002B00F0D180D7F8CF
:10F12C00E43003F00103002B0BD0D7F8E03003F4EC
:10F13C008073002B05D07B685B6C43F001027B680D
:10F14C005A64D7F8E43003F00403002B0BD0D7F843
:10F15C00DC3003F00103002B05D07B685B6C43F0C3
:10F16C0002027B685A64D7F8E43003F00203002BE8
:10F17C000BD0D7F8DC3003F00103002B05D07B68F3
:10F18C005B6C43F004027B685A64D7F8E43003F0FC
:10F19C000803002B11D0D7F8E03003F02003002B2C
:10F1AC0005D1D7F8DC3003F00103002B05D07B68C8
:10F1BC005B6C43F008027B685A647B685B6C002BC9
:10F1CC0000F0F281D7F8E43003F02003002B08D0D4
:10F1DC00D7F8E03003F02003002B02D0786800F061
:10F1EC003AFC7B681B685B6903F04003002B14BF7F
:10F1FC0001230023DBB2C7F8D4307B685B6C03F0CF
:10F20C000803002B03D1D7F8D430002B4FD07868EB
:10F21C0000F044FB7B681B685B6903F04003002B28
:10F22C0041D07B681B681433C7F89C30D7F89C30EE
:10F23C0053E8003FC7F89830D7F8983023F04003D4
:10F24C00C7F8D0307B681B681433D7F8D020C7F8C8
:10F25C00A820C7F8A430D7F8A410D7F8A82041E804
:10F26C000023C7F8A030D7F8A030002BD9D17B6889
:10F27C00DB6B002B13D07B68DB6B7E4A5A637B689D
:10F28C00DB6B1846FBF7E2FD0346002B16D07B68C0
:10F29C00DB6B5B6B7A68D26B104698470EE0786834
:10F2AC00F8F788FD0AE07868F8F784FD06E07868DE
:10F2BC00F8F780FD7B6800225A6475E100BF73E1AA
:10F2CC007B681B6B012B40F04F81D7F8E43003F0C7
:10F2DC001003002B00F04881D7F8E03003F0100346
:10F2EC00002B00F041810023BB607B681B681B680E
:10F2FC00BB607B681B685B68BB60BB687B681B681A
:10F30C005B6903F04003002B00F0B6807B68DB6B7D
:10F31C001B685B68A7F8BE30B7F8BE30002B00F056
:10F32C0045817B689B8DB7F8BE209A4280F03E8168
:10F33C007B68B7F8BE20DA857B68DB6B9B69202B7A
:10F34C0000F088807B681B680C33C7F88830D7F8CE
:10F35C00883053E8003FC7F88430D7F8843023F462
:10F36C008073C7F8B8307B681B680C33D7F8B820AB
:10F37C00C7F89420C7F89030D7F89010D7F894209D
:10F38C0041E80023C7F88C30D7F88C30002BD9D14A
:10F39C007B681B6814337B677B6F53E8003F3B67CC
:10F3AC003B6F23F00103C7F8B4307B681B68143340
:10F3BC00D7F8B420C7F88020FB67F96FD7F8802006
:10F3CC0041E80023BB67BB6F002BE1D17B681B6856
:10F3DC0014333B663B6E53E8003FFB65FB6D23F03B
:10F3EC004003C7F8B0307B681B681433D7F8B020E3
:10F3FC00FA66BB66B96EFA6E41E800237B667B6EDB
:10F40C00002BE3D17B68202283F842207B6800220A
:10F41C001A637B681B680C33FB64FB6C53E8003F7E
:10F42C00BB64BB6C23F01003C7F8AC307B681B6863
:10F43C000C33D7F8AC20BA657B65796DBA6D41E8B1
:10F44C0000233B653B6D002BE3D17B68DB6B1846DF
:10F45C00FBF7C0FC7B6802225A637B689A8D7B6841
:10F46C00DB8D9BB2D31A9BB21946786800F0ADF8CD
:10F47C009CE000BF6DF900087B689A8D7B68DB8D82
:10F48C009BB2D31AA7F8CE307B68DB8D9BB2002BD6
:10F49C0000F08E80B7F8CE30002B00F089807B68AE
:10F4AC001B680C33BB63BB6B53E8003F7B637B6B0C
:10F4BC0023F49073C7F8C8307B681B680C33D7F8FB
:10F4CC00C8207A643B64396C7A6C41E80023FB6396
:10F4DC00FB6B002BE3D17B681B6814337B627B6A6C
:10F4EC0053E8003F3B623B6A23F00103C7F8C4308A
:10F4FC007B681B681433D7F8C4203A63FB62F96A43
:10F50C003A6B41E80023BB62BB6A002BE3D17B68FA
:10F51C00202283F842207B6800221A637B681B68D8
:10F52C000C333B613B6953E8003FFB60FB6823F005
:10F53C001003C7F8C0307B681B680C33D7F8C020A9
:10F54C00FA61BB61B969FA6941E800237B617B69A7
:10F55C00002BE3D17B6802225A63B7F8CE301946F0
:10F56C00786800F032F823E0D7F8E43003F0800339
:10F57C00002B09D0D7F8E03003F08003002B03D028
:10F58C00786800F001FA14E0D7F8E43003F0400397
:10F59C00002B0ED0D7F8E03003F04003002B08D03E
:10F5AC00786800F040FA04E000BF02E000BF00E021
:10F5BC0000BFE837BD4680BD80B483B000AF786033
:10F5CC0000BF0C37BD4680BC704780B483B000AF21
:10F5DC0078600B467B8000BF0C37BD4680BC704703
:10F5EC0080B590B000AF78607B685B6AFB637B682A
:10F5FC001B681B6803F02003002B37D1FB6B002228
:10F60C00DA84FB6B1B6814337B627B6A53E8003F24
:10F61C003B623B6A23F08003BB63FB6B1B681433B8
:10F62C00BA6B3A63FB62F96A3A6B41E80023BB623E
:10F63C00BB6A002BE5D1FB6B1B680C333B613B6950
:10F64C0053E8003FFB60FB6843F040037B63FB6BBC
:10F65C001B680C337A6BFA61BB61B969FA6941E8D2
:10F66C0000237B617B69002BE5D102E0F86BF8F796
:10F67C0096FB00BF4037BD4680BD80B584B000AF5F
:10F68C0078607B685B6AFB60F868FFF795FF00BFEA
:10F69C001037BD4680BD80B584B000AF78600023C4
:10F6AC00FB607B685B6ABB60BB681B685B6903F0D3
:10F6BC008003002B14BF01230023DBB2FB60BB686B
:10F6CC0093F84130DBB2212B08D1FB68002B05D01D
:10F6DC00BB680022DA84B86800F0B9F8BB681B6814
:10F6EC005B6903F04003002B14BF01230023DBB242
:10F6FC00FB60BB6893F84230DBB2222B08D1FB686D
:10F70C00002B05D0BB680022DA85B86800F0C6F87B
:10F71C00BB685B6C43F01002BB685A64B868F8F7BE
:10F72C0049FB00BF1037BD4680BD80B586B000AF29
:10F73C00F860B9603B601346FB713BE03B6AB3F188
:10F74C00FF3F37D0FAF790FC02463B68D31A3A6A6F
:10F75C009A4202D33B6A002B01D103233AE0FB68A7
:10F76C001B68DB6803F00403002B23D0BB68802BE1
:10F77C0020D0BB68402B1DD0FB681B681B6803F0B6
:10F78C000803082B16D100237B61FB681B681B68E0
:10F79C007B61FB681B685B687B617B69F86800F0C8
:10F7AC007DF8FB6808225A64FB68002283F840202D
:10F7BC0001230FE0FB681B681A68BB681340BA682A
:10F7CC009A420CBF01230023DBB21A46FB799A4202
:10F7DC00B4D0002318461837BD4680BD80B485B020
:10F7EC0000AFF860B9601346FB80FB68BA689A6298
:10F7FC00FB68FA889A85FB68FA88DA85FB68002230
:10F80C005A64FB68222283F84220FB681B69002B98
:10F81C0007D0FB681B68DA68FB681B6842F48072CF
:10F82C00DA60FB681B685A69FB681B6842F00102CE
:10F83C005A61FB681B68DA68FB681B6842F020029F
:10F84C00DA60002318461437BD4680BC704780B47C
:10F85C0089B000AF78607B681B680C33FB60FB6879
:10F86C0053E8003FBB60BB6823F0C003FB617B68BF
:10F87C001B680C33FA69BA617B617969BA6941E832
:10F88C0000233B613B69002BE5D17B68202283F888
:10F89C00412000BF2437BD4680BC704780B495B072
:10F8AC0000AF78607B681B680C337B637B6B53E821
:10F8BC00003F3B633B6B23F49073FB647B681B68DA
:10F8CC000C33FA6C3A64FB63F96B3A6C41E8002335
:10F8DC00BB63BB6B002BE5D17B681B6814333B62AD
:10F8EC003B6A53E8003FFB61FB6923F00103BB64F7
:10F8FC007B681B681433BA6CFA62BB62B96AFA6A29
:10F90C0041E800237B627B6A002BE5D17B681B6B93
:10F91C00012B19D17B681B680C33FB60FB6853E827
:10F92C00003FBB60BB6823F010037B647B681B68E3
:10F93C000C337A6CBA617B617969BA6941E800234E
:10F94C003B613B69002BE5D17B68202283F8422088
:10F95C007B6800221A6300BF5437BD4680BC7047D9
:10F96C0080B584B000AF78607B685B6AFB60FB6835
:10F97C000022DA85FB680022DA84F868F8F71AFAB4
:10F98C0000BF1037BD4680BD80B485B000AF786035
:10F99C007B6893F84130DBB2212B3ED17B689B68AE
:10F9AC00B3F5805F14D17B681B69002B10D17B6889
:10F9BC001B6AFB60FB681B881A467B681B68C2F3DA
:10F9CC0008025A607B681B6A9A1C7B681A6208E002
:10F9DC007B681B6A591C7A6811621A787B681B68F1
:10F9EC005A607B68DB8C9BB2013B9BB27A681946F0
:10F9FC00D184002B0FD17B681B68DA687B681B688D
:10FA0C0022F08002DA607B681B68DA687B681B680E
:10FA1C0042F04002DA60002300E00223184614375B
:10FA2C00BD4680BC704780B582B000AF78607B6803
:10FA3C001B68DA687B681B6822F04002DA607B681E
:10FA4C00202283F841207868F8F7A9F9002318469A
:10FA5C000837BD4680BD80B58CB000AF78607B6840
:10FA6C0093F84230DBB2222B40F0AE807B689B686F
:10FA7C00B3F5805F17D17B681B69002B13D1002372
:10FA8C00FB627B689B6ABB627B681B685B689BB292
:10FA9C00C3F308039AB2BB6A1A807B689B6A9A1CF0
:10FAAC007B689A6226E07B689B6AFB620023BB62E0
:10FABC007B689B68B3F5805F07D07B689B68002BE5
:10FACC000AD17B681B69002B06D17B681B685B68BD
:10FADC00DAB2FB6A1A7008E07B681B685B68DBB201
:10FAEC0003F07F03DAB2FB6A1A707B689B6A5A1CBC
:10FAFC007B689A627B68DB8D9BB2013B9BB27A6818
:10FB0C001946D185002B5DD17B681B68DA687B6850
:10FB1C001B6822F02002DA607B681B68DA687B685D
:10FB2C001B6822F48072DA607B681B685A697B68F8
:10FB3C001B6822F001025A617B68202283F8422064
:10FB4C007B6800225A637B681B6B012B35D17B6869
:10FB5C0000221A637B681B680C337B617B6953E85A
:10FB6C00003F3B613B6923F010037B627B681B68A1
:10FB7C000C337A6A3A62FB61F9693A6A41E800230C
:10FB8C00BB61BB69002BE5D17B681B681B6803F06C
:10FB9C001003102B0AD10023FB607B681B681B68C9
:10FBAC00FB607B681B685B68FB60FB687B689B8DFC
:10FBBC0019467868FFF709FD02E07868F8F7E4F871
:10FBCC00002302E0002300E0022318463037BD4634
:10FBDC0080BD000080B584B000AF78607B681B6886
:10FBEC001B6923F440517B68DA687B681B680A4305
:10FBFC001A617B689A687B681B691A437B685B692E
:10FC0C001343BB607B681B68DB6823F4B05323F0A1
:10FC1C000C037A681268B9680B43D3607B681B6865
:10FC2C005B6923F440717B689A697B681B680A43A3
:10FC3C005A617B681B682C4A934203D1FCF724FB66
:10FC4C00F86002E0FCF70CFBF860FA6813469B00C6
:10FC5C0013449A001A447B685B689B00B2FBF3F375
:10FC6C00224AA2FB03235B091901FA6813469B0085
:10FC7C0013449A001A447B685B689B00B2FBF3F256
:10FC8C001A4BA3FB02035B09642000FB03F3D31A9A
:10FC9C001B013233154AA2FB03235B0903F0F0036B
:10FCAC001944FA6813469B0013449A001A447B6863
:10FCBC005B689B00B2FBF3F20C4BA3FB02035B09EA
:10FCCC00642000FB03F3D31A1B013233074AA2FB57
:10FCDC0003235B0903F00F027B681B680A449A60DC
:10FCEC0000BF1037BD4680BD003801401F85EB5169
:10FCFC0010B501390244904201D1002005E003788F
:10FD0C0011F8014FA34201D0181B10BD0130F2E7CE
:10FD1C0003460244934200D1704703F8011BF9E7F4
:10FD2C0070B500260C4D0D4B5B1B9C10A64209D1E7
:10FD3C00002600F027F80A4D0A4B5B1B9C10A642CC
:10FD4C0005D170BD55F8043B98470136EEE755F8E0
:10FD5C00043B98470136F2E758FF000858FF0008AB
:10FD6C0058FF00085CFF00080A44914200F1FF3381
:10FD7C0000D1704710B511F8014B914203F8014FB7
:10FD8C00F9D110BDF8B500BFF8BC08BC9E46704751
:0CFD9C00F8B500BFF8BC08BC9E467047DC
:10FDA800080C00205D770008000000002800000013
:10FDB800000C014000040000CE320A00982F8A424D
:10FDC80091443771CFFBC0B5A5DBB5E95BC25639A5
:10FDD800F111F159A4823F92D55E1CAB98AA07D8BD
:10FDE800015B8312BE853124C37D0C55745DBE72E0
:10FDF800FEB1DE80A706DC9B74F19BC1C1699BE460
:10FE08008647BEEFC69DC10FCCA10C246F2CE92DEF
:10FE1800AA84744ADCA9B05CDA88F97652513E9813
:10FE28006DC631A8C82703B0C77F59BFF30BE0C61A
:10FE38004791A7D55163CA0667292914850AB727A8
:10FE480038211B2EFC6D2C4D130D385354730A6545
:10FE5800BB0A6A762EC9C281852C7292A1E8BFA21C
:10FE68004B661AA8708B4BC2A3516CC719E892D184
:10FE7800240699D685350EF470A06A1016C1A41907
:10FE8800086C371E4C774827B5BCB034B30C1C3906
:10FE98004AAAD84E4FCA9C5BF36F2E68EE828F74C5
:10FEA8006F63A5781478C8840802C78CFAFFBE90DF
:10FEB800EB6C50A4F7A3F9BEF27871C600000000FD
:10FEC80032090900000000004C00000098212103BD
:10FED8001E1F0000640000003C010100000000003B
:10FEE80065000000C217170000000000660000004F
:10FEF80086060600000000006700000051020200AC
:10FF080000000000D0050000AC1010000000000048
:10FF180000000000000000000102030406070809B1
:10FF28000000000001020304020304050607080993
:10FF38000A0B0C0D0E0F101001020000020304053D
:10FF4800060708090A0B0C0D0E0F1010010200001D
:04FF5800313100083B
:04FF5C000D3100085B
:10FF6000FF00D0073200E803460540060000F0D845
:0CFF700000127A001000000001000000E8
:020000040801F1
:04200000FECAFECA4C
:0400000508009F79D7
:00000001FF
