:020000040800F2
:1030000000500020819F0008E9960008F196000812
:10301000359700083D97000845970008000000001C
:103020000000000000000000000000004D970008B4
:103030005997000800000000659700087197000884
:10304000C99F0008C99F0008C99F0008C99F0008C0
:10305000C99F0008C99F0008C99F0008C99F0008B0
:10306000C99F0008C99F0008C99F0008C99F0008A0
:10307000C99F0008C99F000881970008C99F0008E0
:10308000C99F000895970008C99F0008C99F0008BC
:10309000C99F0008C99F0008C99F0008C99F000870
:1030A000C99F0008C99F0008C99F0008C99F000860
:1030B000A9970008C99F0008BD970008C99F00088C
:1030C000C99F0008C99F0008C99F0008C99F000840
:1030D000C99F0008D1970008E5970008C99F00081C
:1030E000C99F0008C99F0008C99F00080000000090
:1030F00000000000000000000000000000000000D0
:0C31000000000000000000005FF808F173
:10310C0010B5054C237833B9044B13B10448AFF315
:10311C0000800123237010BD20000020000000005F
:10312C0098FD000808B5034B1BB103490348AFF3E6
:10313C00008008BD000000002400002098FD00085D
:10314C0080F0004002E000BF81F0004142001FBF50
:10315C005FEA410392EA030F7FEA226C7FEA236C59
:10316C006AD04FEA1262D2EB1363C1BFD21841404E
:10317C0048404140B8BF5B42192B88BF704710F0E4
:10318C00004F40F4000020F07F4018BF404211F087
:10319C00004F41F4000121F07F4118BF494292EAEF
:1031AC00030F3FD0A2F1010241FA03FC10EB0C001B
:1031BC00C3F1200301FA03F100F0004302D54942A8
:1031CC0060EB4000B0F5000F13D3B0F1807F06D355
:1031DC0040084FEA310102F10102FE2A51D2B1F14D
:1031EC00004F40EBC25008BF20F0010040EA030042
:1031FC007047490040EB0000013A28BFB0F5000FC2
:10320C00EDD2B0FA80FCACF1080CB2EB0C0200FA77
:10321C000CF0AABF00EBC25052421843BCBFD040C6
:10322C001843704792F0000F81F4000106BF80F440
:10323C0000000132013BB5E74FEA41037FEA226C03
:10324C0018BF7FEA236C21D092EA030F04D092F0CE
:10325C00000F08BF0846704790EA010F1CBF002002
:10326C00704712F07F4F04D1400028BF40F000405F
:10327C00704712F100723CBF00F50000704700F07F
:10328C00004343F0FE4040F4000070477FEA2262A6
:10329C0016BF08467FEA23630146420206BF5FEA77
:1032AC00412390EA010F40F4800070474FF0000377
:1032BC0004E000BF10F0004348BF40425FEA000C3E
:1032CC0008BF704743F0964301464FF000001CE0E6
:1032DC0050EA010208BF70474FF000030AE000BF3C
:1032EC0050EA010208BF704711F0004302D540427A
:1032FC0061EB41015FEA010C02BF844601460020EC
:10330C0043F0B64308BFA3F18053A3F50003BCFA06
:10331C008CF2083AA3EBC25310DB01FA02FC6344B3
:10332C0000FA02FCC2F12002BCF1004F20FA02F2BA
:10333C0043EB020008BF20F00100704702F12002AD
:10334C0001FA02FCC2F1200250EA4C0021FA02F20E
:10335C0043EB020008BF20EADC7070474FF0FF0C13
:10336C001CEAD0521EBF1CEAD15392EA0C0F93EA0E
:10337C000C0F6FD01A4480EA010C400218BF5FEAB0
:10338C0041211ED04FF0006343EA501043EA511123
:10339C00A0FB01310CF00040B1F5000F3EBF49001D
:1033AC0041EAD3715B0040EA010062F17F02FD2A21
:1033BC001DD8B3F1004F40EBC25008BF20F0010004
:1033CC00704790F0000F0CF0004C08BF49024CEA1B
:1033DC00502040EA51207F3AC2BFD2F1FF0340EAAD
:1033EC00C250704740F400004FF00003013A5DDC1E
:1033FC0012F1190FDCBF00F000407047C2F100025F
:10340C00410021FA02F1C2F1200200FA02FC5FEA4B
:10341C00310040F1000053EA4C0308BF20EADC7095
:10342C00704792F0000F00F0004C02BF400010F407
:10343C00000F013AF9D040EA0C0093F0000F01F0B4
:10344C00004C02BF490011F4000F013BF9D041EAD6
:10345C000C018FE70CEAD15392EA0C0F18BF93EAD8
:10346C000C0F0AD030F0004C18BF31F0004CD8D102
:10347C0080EA010000F00040704790F0000F17BF89
:10348C0090F0004F084691F0000F91F0004F14D0CF
:10349C0092EA0C0F01D142020FD193EA0C0F03D127
:1034AC004B0218BF084608D180EA010000F000402A
:1034BC0040F0FE4040F40000704740F0FE4040F405
:1034CC00400070474FF0FF0C1CEAD0521EBF1CEAA4
:1034DC00D15392EA0C0F93EA0C0F69D0A2EB0302C2
:1034EC0080EA010C49024FEA402037D04FF080535C
:1034FC0043EA111143EA10130CF000408B4238BF21
:10350C005B0042F17D024FF4000C8B4224BF5B1A2E
:10351C0040EA0C00B3EB510F24BFA3EB510340EA7C
:10352C005C00B3EB910F24BFA3EB910340EA9C002A
:10353C00B3EBD10F24BFA3EBD10340EADC001B019A
:10354C0018BF5FEA1C1CE0D1FD2A3FF650AF8B423E
:10355C0040EBC25008BF20F0010070470CF0004C4B
:10356C004CEA50207F32C2BFD2F1FF0340EAC25076
:10357C00704740F400004FF00003013A37E792F037
:10358C00000F00F0004C02BF400010F4000F013A95
:10359C00F9D040EA0C0093F0000F01F0004C02BF90
:1035AC00490011F4000F013BF9D041EA0C0195E7F9
:1035BC000CEAD15392EA0C0F08D142027FF47DAF92
:1035CC0093EA0C0F7FF470AF084676E793EA0C0F82
:1035DC0004D14B023FF44CAF08466EE730F0004C80
:1035EC0018BF31F0004CCAD130F000427FF45CAF10
:1035FC0031F000437FF43CAF5FE700BF4FF0FF3C7E
:10360C0006E000BF4FF0010C02E000BF4FF0010CD0
:10361C004DF804CD4FEA40024FEA41037FEA226C99
:10362C0018BF7FEA236C11D001B052EA530C18BFBB
:10363C0090EA010F58BFB2EB030088BFC81738BF20
:10364C006FEAE17018BF40F0010070477FEA226C0E
:10365C0002D15FEA402C05D17FEA236CE4D15FEA0A
:10366C00412CE1D05DF8040B704700BF844608463E
:10367C006146FFE70FB5FFF7C9FF002848BF10F1FF
:10368C00000F0FBD4DF808EDFFF7F4FF0CBF012044
:10369C0000205DF808FB00BF4DF808EDFFF7EAFFCE
:1036AC0034BF012000205DF808FB00BF4DF808ED89
:1036BC00FFF7E0FF94BF012000205DF808FB00BF7E
:1036CC004DF808EDFFF7D2FF94BF012000205DF804
:1036DC0008FB00BF4DF808EDFFF7C8FF34BF012011
:1036EC0000205DF808FB00BF42000ED2B2F1FE4F85
:1036FC000BD34FF09E03B3EB126209D44FEA0023B5
:10370C0043F0004323FA02F070474FF0000070477B
:10371C0012F1610F01D1420202D14FF0FF3070471C
:10372C004FF00000704700BF80B485B000AF034677
:10373C003960FB713B681B88DAB2FB795340FB7331
:10374C0097F90F301B015AB297F90F3053405BB207
:10375C00FB733B681B881B0A9BB21AB2FB7B1BB228
:10376C001B021BB253401AB2FB7B1BB2DB001BB219
:10377C0053401AB2FB7B1B09DBB21BB253401BB28A
:10378C009AB23B681A8000BF1437BD4680BC7047A4
:10379C0080B483B000AF78607B684FF6FF721A80FC
:1037AC0000BF0C37BD4680BC704780B584B000AFFD
:1037BC0078600B467B8007F10E031846FFF7E8FF95
:1037CC0009E07B685A1C7A601B7807F10E021146DF
:1037DC001846FFF7A9FF7B885A1E7A80002BF0D180
:1037EC00FB8918461037BD4680BD80B586B000AF4A
:1037FC00F860B9601346FB80BB687B6107E07B69AE
:10380C005A1C7A611B78F9681846FFF78DFFFB8804
:10381C005A1EFA80002BF2D100BF00BF1837BD46EC
:10382C0080BD000080B483B000AF78607B6800225C
:10383C001A607B6800225A607B680E4A9A607B682B
:10384C000D4ADA607B680D4A1A617B680C4A5A6132
:10385C007B680C4A9A617B680B4ADA617B680B4A7D
:10386C001A627B680A4A5A6200BF0C37BD4680BC9C
:10387C00704700BF67E6096A85AE67BB72F36E3CA2
:10388C003AF54FA57F520E518C68059BABD9831F1F
:10389C0019CDE05B80B4CFB000AF07F59C73A3F5F6
:1038AC009A73186007F59C73A3F59C73196007F560
:1038BC009C73A3F59A731B689B68C7F8343107F5A2
:1038CC009C73A3F59A731B68DB68C7F8303107F556
:1038DC009C73A3F59A731B681B69C7F82C3107F509
:1038EC009C73A3F59A731B685B69C7F8283107F5BD
:1038FC009C73A3F59A731B689B69C7F8243107F571
:10390C009C73A3F59A731B68DB69C7F8203107F524
:10391C009C73A3F59A731B681B6AC7F81C3107F5D7
:10392C009C73A3F59A731B685B6AC7F81831002364
:10393C00C7F8143116E0D7F814319B0007F59C72C8
:10394C00A2F59C7212681344196807F59C73A3F5D1
:10395C009673D7F8142143F82210D7F81431013399
:10396C00C7F81431D7F814310F2BE4DD1023C7F846
:10397C00143169E0D7F814319A1E07F59C73A3F53E
:10398C00967353F822304FEA7342D7F81431991ECC
:10399C0007F59C73A3F5967353F821304FEAF34364
:1039AC005A40D7F81431991E07F59C73A3F59673FA
:1039BC0053F821309B0A5A40D7F81431D91F07F518
:1039CC009C73A3F5967353F821301A44D7F814312D
:1039DC00A3F10F0107F59C73A3F5967353F82130EF
:1039EC004FEAF311D7F81431A3F10F0007F59C73CC
:1039FC00A3F5967353F820304FEAB3435940D7F8E8
:103A0C001431A3F10F0007F59C73A3F5967353F8CB
:103A1C002030DB084B401A44D7F81431A3F11001C5
:103A2C0007F59C73A3F5967353F82130D11807F55D
:103A3C009C73A3F59673D7F8142143F82210D7F88A
:103A4C0014310133C7F81431D7F814313F2B91DD01
:103A5C000023C7F8143178E0D7F824314FEAB312B9
:103A6C00D7F824314FEAF3235A40D7F824314FEAE0
:103A7C0073635A40D7F818311A44D7F82411D7F881
:103A8C0020311940D7F82431D843D7F81C310340E2
:103A9C004B401A446E49D7F8143151F823301A446C
:103AAC0007F59C73A3F59673D7F8141153F82130CE
:103ABC001344C7F81031D7F834314FEAB302D7F8B2
:103ACC0034314FEA73335A40D7F834314FEAB35399
:103ADC005A40D7F83011D7F82C315940D7F8343137
:103AEC001940D7F83001D7F82C3103404B40134420
:103AFC00C7F80C31D7F81C31C7F81831D7F820317A
:103B0C00C7F81C31D7F82431C7F82031D7F8282151
:103B1C00D7F810311344C7F82431D7F82C31C7F833
:103B2C002831D7F83031C7F82C31D7F83431C7F8F1
:103B3C003031D7F81021D7F80C311344C7F8343191
:103B4C00D7F814310133C7F81431D7F814313F2B9F
:103B5C0082DD07F59C73A3F59A731B689A68D7F8F6
:103B6C0034311A4407F59C73A3F59A731B689A6059
:103B7C0007F59C73A3F59A731B68DA68D7F8303194
:103B8C001A4407F59C73A3F59A731B68DA6007F562
:103B9C009C73A3F59A731B681A69D7F82C311A44D5
:103BAC0007F59C73A3F59A731B681A6107F59C7350
:103BBC00A3F59A731B685A69D7F828311A4407F58C
:103BCC009C73A3F59A731B685A6107F59C73A3F554
:103BDC009A731B689A69D7F824311A4407F59C73B9
:103BEC00A3F59A731B689A6107F59C73A3F59A73F6
:103BFC001B68DA69D7F820311A4407F59C73A3F5D2
:103C0C009A731B68DA6107F59C73A3F59A731B68AA
:103C1C001A6AD7F81C311A4407F59C73A3F59A73EA
:103C2C001B681A6207F59C73A3F59A731B685A6A92
:103C3C00D7F818311A4407F59C73A3F59A731B68CF
:103C4C005A6200BF07F59E77BD4680BC704700BF27
:103C5C00CCFD000880B59CB000AFF860B9607A600C
:103C6C00BB68FB66FB681B68FB65FB681A687B68B6
:103C7C00DB001A44FB681A60FB681B68FA6D9A42F9
:103C8C0004D9FB685B685A1CFB685A60FB6DDB0847
:103C9C0003F03F03BB6657E0BB6EC3F140037B668A
:103CAC007A687B6E9A4201D27B687B66FB6803F173
:103CBC002802BB6E13447A6EF96E18460CF058F855
:103CCC00BA6E7B6E1344BB66FA6E7B6E1344FB6656
:103CDC007A687B6ED31A7B60BB6E402B34D1FB6849
:103CEC002833BB6500233B6623E03B6E9B00BA6D1B
:103CFC0013447B6507F110023B6E9B0013443B653C
:103D0C007B6D03331A783B6D1A707B6D9A1C3B6D7F
:103D1C00013312781A707B6D5A1C3B6D023312788A
:103D2C001A703B6D03337A6D12781A703B6E013347
:103D3C003B663B6E0F2BD8DD07F110031946F86874
:103D4C00FFF7A8FD0023BB667B68002BA4D100BF46
:103D5C0000BF7037BD4680BD80B598B000AF7860AD
:103D6C0039607B681B68DB0803F03F03FB65FB6D68
:103D7C00C3F1770303F03F030133BB657B68083362
:103D8C007B6580233B7307F10C0301334722002131
:103D9C0018460BF0C1FF7B681A68BB6D0733D2B2B3
:103DAC0060333B4403F8542C7B681B681A0ABB6DC8
:103DBC000633D2B260333B4403F8542C7B681B6847
:103DCC001A0CBB6D0533D2B260333B4403F8542C50
:103DDC007B681B681A0EBB6D0433D2B260333B4454
:103DEC0003F8542C7B685A68BB6D0333D2B2603332
:103DFC003B4403F8542C7B685B681A0ABB6D023396
:103E0C00D2B260333B4403F8542C7B685B681A0CC9
:103E1C00BB6D0133D2B260333B4403F8542C7B6846
:103E2C005B681B0ED9B207F10C02BB6D13440A463A
:103E3C001A70BB6D03F1080207F10C031946786880
:103E4C00FFF708FF7B6DDA783B681A703B6801332B
:103E5C007A6D92781A703B6802337A6D52781A70C8
:103E6C003B6803337A6D12781A703B6804337A6DB1
:103E7C00D2791A703B6805337A6D92791A7000BF4B
:103E8C006037BD4680BD000080B483B000AF0346F0
:103E9C00FB71FA7913465B001344DB00034A1344AD
:103EAC0018460C37BD4680BC704700BFC8020020C6
:103EBC0080B483B000AF0346FB71FB7940F2231250
:103ECC0002FB03F3034A134418460C37BD4680BC6F
:103EDC00704700BF28030020B0B5A0B000AFF86059
:103EEC00B9607A60FB70FB68002B05D0FB681B780F
:103EFC0003F00103002B01D100234FE0FB685A783B
:103F0C00BB681A70FB68D3E90223C7E90423BB68BA
:103F1C00013307F11001062218460BF029FFFB684C
:103F2C00D3E90223541C43F10005FB68C3E90245A5
:103F3C0007F118031846FFF775FCFB6803F1100135
:103F4C0007F1180320221846FFF784FEFA7807F1D0
:103F5C00180379681846FFF77DFE97F8942007F14F
:103F6C001803D7F890101846FFF774FE07F11803E2
:103F7C000222D7F898101846FFF76CFE07F11803C9
:103F8C000722B9681846FFF765FEBB68DA1D07F112
:103F9C00180311461846FFF7DFFE0D23184680372D
:103FAC00BD46B0BD80B483B000AF78600B46FB70EB
:103FBC0002E0FB78013BFB70FB78012B06D9FB7808
:103FCC00013B7A6813441B78002BF2D0FB7818461F
:103FDC000C37BD4680BC7047B0B5AAB000AFF860D6
:103FEC00B9607A60FB68002B01D101233EE17B684C
:103FFC000233C7F8A0307B6803F58B73C7F89C308D
:10400C00D7F89C300733C7F8983007F12C031846C3
:10401C00FFF708FCFB6803F1100107F12C032022C9
:10402C001846FFF717FE07F12C030A22D7F8A01049
:10403C001846FFF70FFE7B6803F10C017B68DB78F9
:10404C001A4607F12C031846FFF704FE7B6803F5AC
:10405C008A7107F12C0302221846FFF7FBFD07F1CA
:10406C002C030722D7F89C101846FFF7F3FD07F135
:10407C00240207F12C0311461846FFF76DFE07F1D9
:10408C0024030622D7F8981018460BF035FE034689
:10409C00002B05D0FB68022283F834200023E5E0D6
:1040AC00D7F89C301B7887F897304FF000024FF010
:1040BC000003C7E90623D7F89C30591C07F11803F5
:1040CC00062218460BF054FEBB68002B05D1FB688A
:1040DC00032283F834200023C8E00023A7F8A6307D
:1040EC002BE07B68D979B7F8A620B8681346DB00BB
:1040FC001344034403331B78994219D17B68197A12
:10410C00B7F8A620B8681346DB0013440344043305
:10411C001B7899420CD1B7F8A620B9681346DB007E
:10412C0013440B4402331B7897F897209A420BD018
:10413C00B7F8A6300133A7F8A630BB681B88B7F8D0
:10414C00A6209A42CDD300E000BFBB681B88B7F80D
:10415C00A6209A4246D1BB681B880F2B05D9FB6859
:10416C00042283F83420002380E0D7E90623414958
:10417C00541843F10005FB68D3E90223944275EB14
:10418C00030305D2FB68052283F8342000236DE07D
:10419C00B7F8A6207B68D879B9681346DB001344BE
:1041AC000B44033302461A70B7F8A6207B68187AC2
:1041BC00B9681346DB0013440B44043302461A70EF
:1041CC00B7F8A620B9681346DB0013440B4402333E
:1041DC0097F897201A70BB681B8801339AB2BB689A
:1041EC001A8021E04FF000024FF00003C7E90423CE
:1041FC00B7F8A6201346DB001344BA681344591DC4
:10420C0007F11003062218460BF0B2FDD7E906237E
:10421C00D7E90401904271EB030305D3FB68062236
:10422C0083F83420002321E0B7F8A6201346DB00E6
:10423C001344BA681344581DD7F89C300133062236
:10424C0019460BF095FDD7E90623F968D1E902016F
:10425C00904271EB030304D2D7E90623F968C1E954
:10426C000223FB68012283F8342001231846A83767
:10427C00BD46B0BD808D5B00F0B58FB004AFF8606B
:10428C007B600B46FB721346BB727B681B7B03F097
:10429C000203002B14BF0123002387F8263097F864
:1042AC00263083F00103DBB2002B0CD07B681B693A
:1042BC00002B08D07B681B691B7803F00103002BD3
:1042CC0001D0012300E0002387F8253097F8253032
:1042DC0003F0010387F8253097F82530002B01D027
:1042EC000D2300E0002387F824300A2387F82730B9
:1042FC0097F82630002B06D0FB68FE229A70062316
:10430C0087F8273002E0FB68FD229A7097F8263078
:10431C00002B0AD1FB680C3397F844201146184641
:10432C00FFF740FE03461A4601E097F84020FB6871
:10433C00DA70FB68FA7ADA71FB68BA7A1A72FB687F
:10434C0000221A7197F82530002B06D0FB681B79D8
:10435C0043F00103DAB2FB681A71FB6800225A7150
:10436C007B689A79FB689A717B689B790133DAB226
:10437C007B689A71FB689B783B76FB68DB787B7675
:10438C0097F82630002B13D0FB689B79BB76FB6823
:10439C00DB79FB76FB681B7A3B77FB685A7A997A58
:1043AC0009020A43DB7A1B041343DBB27B7730E050
:1043BC00FB681B79BB76FB685B79FB76FB689B79AA
:1043CC003B77FB68DB797B77FB681B7ABB77FB68F9
:1043DC005A7A997A09020A43DB7A1B041343DBB23B
:1043EC00FB77FB685A7A997A09020A43DB7A1B0439
:1043FC0013431B12DBB287F82030FB685A7A997A88
:10440C0009020A43DB7A1B0413431B14DBB287F843
:10441C00213097F827309BB2013B9AB207F1180371
:10442C00013311461846FFF7C0F90346FB82FB68BF
:10443C0003F10C01FB68DB781A4607F116031846EA
:10444C00FFF7D3F907F1160297F8483011461846D2
:10445C00FFF76AF9F98AFB680C33FA68D2781344CF
:10446C00CAB21A70FB8A1B0A99B2FB6803F10C02E0
:10447C00FB68DB7801331344CAB21A70FA8AFB6802
:10448C001A8097F82530002B1AD07B681C69FB68C2
:10449C0003F58B75FB680C33FA68D278F9680C312C
:1044AC00F868C078014497F8276007F1180002916A
:1044BC00019200933346024629462046FFF70CFD35
:1044CC00FB68DB781A4697F827309BB213449AB2F4
:1044DC0097F824309BB213449BB202339BB218461C
:1044EC002C37BD46F0BD80B588B004AF7860084667
:1044FC0011461A460346FB700B46BB7013467B7085
:10450C007B781846FFF7C0FCF860BA78F97897F812
:10451C00203002933B7F01933B7E0093FB687868CD
:10452C00FFF7AAFE034618461037BD4680BD80B57E
:10453C0086B004AF7860084611461A460346FB70F5
:10454C000B46BB7013467B70BA78F9783B7D0293AF
:10455C003B7C01937B78009300237868FFF7C3FFC3
:10456C00034618460837BD4680BD80B483B000AF03
:10457C0078607B689B780133DAB27B689A7000BFF5
:10458C000C37BD4680BC704780B586B000AF7860F4
:10459C0039603B68DB78FB733B689B78FE2B3AD128
:1045AC000023FB750523BB753B689A787B681A70F2
:1045BC007B680133FA7B1A707B6802333A68927914
:1045CC001A707B6803333A68D2791A707B680433AB
:1045DC003A68127A1A703B685A7A997A09020A4335
:1045EC00DB7A1B0413431A467B680533D2B21A706C
:1045FC007B68981D3B6803F10C013B68DB781A461D
:10460C000BF0B6FBBB7D3A68D278134401337A6861
:10461C0013443B616CE03B680C33FA7B1146184643
:10462C00FFF7C0FC0346FB730923BB753B689A7804
:10463C007B681A707B680133FA7B1A707B680233D3
:10464C003A6812791A707B6803333A6852791A7097
:10465C007B6804333A6892791A707B6805333A6840
:10466C00D2791A707B6806333A68127A1A703B68F2
:10467C005A7A997A09020A43DB7A1B0413431A46C5
:10468C007B680733D2B21A703B685A7A997A09025E
:10469C000A43DB7A1B0413431A0A7B680833D2B231
:1046AC001A703B685A7A997A09020A43DB7A1B041E
:1046BC0013431A0C7B680933D2B21A707B6803F16E
:1046CC000A003B680C33FA7B19460BF051FBBA7DA0
:1046DC00FB7B134401337A6813443B613B681B79C1
:1046EC0003F00103002B01D00D2300E00023FB7528
:1046FC003B681B889BB2DAB23B691A703B681B881B
:10470C009BB21B0A9AB23B690133D2B21A70FB7D81
:10471C00002B08D03B69981C3B6803F58B73FA7D22
:10472C0019460BF025FBBB7D9AB2FB7B9BB2134465
:10473C009AB2FB7D9BB213449BB203339BB21846D7
:10474C001837BD4680BD80B584B000AF78600023BB
:10475C00FB8107F10E031846FFF71AF8FA897B68FC
:10476C001A8000BF1037BD4680BD80B584B000AF45
:10477C0078600B46FB707B681B889BB2FB8107F152
:10478C000E02FB7811461846FEF7CEFFFA897B68BD
:10479C001A8000BF1037BD4680BD000080B487B0C2
:1047AC0000AF786000237B6106233B6125E07A69CA
:1047BC003B69134401335B08FB601E49FA681346DE
:1047CC005B0013449B000B441B687A689A4203D22B
:1047DC00FB68013B3B6110E01649FA6813465B002D
:1047EC0013449B000B441B687A689A4202D9FB68FD
:1047FC007B6102E0FB687B6103E07A693B699A426A
:10480C00D5D30C497A6913465B0013449B000B44C7
:10481C001B687A689A4201D0002306E07A69134635
:10482C005B0013449B00034A134418461C37BD46D7
:10483C0080BC7047CCFE000880B588B000AFF86033
:10484C00B9603B601346FB71BB6800221A70BB68F1
:10485C00DB78102B00F27F8201A252F823F000BF0C
:10486C00B1480008B14800080F4900087549000814
:10487C00A9490008C1490008D9490008F1490008B4
:10488C00094A0008634A0008AF4A00080B4B0008AD
:10489C00434B0008DB4B0008DB4B00089D4C000829
:1048AC009D4C0008FB79FD2B13D1BB680222DA70FA
:1048BC00FB680022DA70FB68FA799A70BB681B7B84
:1048CC0023F00103DAB2BB681A73F868FFF73BFFF9
:1048DC0038E2FB79FE2B40F03582BB680222DA709D
:1048EC00FB680022DA70FB68FA799A70BB681B7B54
:1048FC0043F00103DAB2BB681A73F868FFF723FFC1
:10490C0020E2BB681B78002B0FD0BB685B780133AF
:10491C00DAB2BB685A70B868FFF727FEBB68002292
:10492C001A70BB680122DA7015E2FB68FA79DA704A
:10493C00BB6800221A71FB791946F868FFF715FF5E
:10494C00BB681B7B03F00103002B09D0FB68002222
:10495C001A71FB6800225A71BB680522DA70FAE101
:10496C00BB680322DA70F6E1FB68FA791A71FB680E
:10497C001B79012B09D9B868FFF7F7FDBB6800223A
:10498C001A70BB680122DA70E5E1FB791946F86808
:10499C00FFF7EBFEBB680422DA70DCE1FB68FA7906
:1049AC005A71FB791946F868FFF7DFFEBB680522E0
:1049BC00DA70D0E1FB68FA799A71FB791946F868DC
:1049CC00FFF7D3FEBB680622DA70C4E1FB68FA7904
:1049DC00DA71FB791946F868FFF7C7FEBB68072246
:1049EC00DA70B8E1FB68FA791A72FB791946F86843
:1049FC00FFF7BBFEBB680822DA70ACE1FB7923F051
:104A0C007F43FA68D9B2002001435172190AC9B226
:104A1C000020014391721B0CDBB200210B43D372BB
:104A2C00FB791946F868FFF7A0FEBB681B7B03F007
:104A3C000103002B0BD0FB68DB78002B03D0BB6889
:104A4C000B22DA7087E1BB680C22DA7083E1BB6859
:104A5C000922DA707FE1FB685A7A997A09020A43D3
:104A6C00DB7A1B0413431A46FB791B02134323F016
:104A7C007F42FB68D1B2002001435972110AC9B2BE
:104A8C00002001439972120CD2B200210A43DA724F
:104A9C00FB791946F868FFF768FEBB680A22DA70E2
:104AAC0059E1FB685A7A997A09020A43DB7A1B04AA
:104ABC0013431A46FB791B04134323F07F42FB6814
:104ACC00D1B2002001435972110AC9B2002001432E
:104ADC009972120CD2B200210A43DA72FB79194690
:104AEC00F868FFF742FEFB68DB78002B03D0BB684D
:104AFC000B22DA702FE1BB680C22DA702BE1FB6819
:104B0C0003F10C02BB681B79591CC8B2B968087157
:104B1C001344FA791A70FB791946F868FFF725FEE9
:104B2C00BB681A79FB68DB789A4240F00D81BB6850
:104B3C000C22DA7008E1FB685A7A997A09020A4366
:104B4C00DB7A1B0413431846FFF728FEB861BB69D8
:104B5C00002B07D1BB680E22DA70FB68FA7983F858
:104B6C001421F3E0BB691B79FB75FB7D1946F868D2
:104B7C00FFF7FBFDFA79FB681B889BB2DBB29A420C
:104B8C0003D0BB680E22DA7002E0BB680D22DA702B
:104B9C00FB68FA7983F81421BB69002B00F0D680EE
:104BAC00BB681A79BB699B799A4280F0CF80FB680D
:104BBC000C33BA6812799818BB699B791A46BB6892
:104BCC001B79D31A1A4600210BF0A6F8BEE0BB687D
:104BDC00DB780E2B08D0FB799AB2FB681B889BB252
:104BEC001B0A9BB29A4203D0BB6802221A7002E0E5
:104BFC00BB6801221A70FB68FA7983F81521FB68EF
:104C0C001B7903F00103002B11D0BB681B78022B1E
:104C1C0003D1BB681022DA7005E0BB680F22DA7092
:104C2C00BB6800221A70BB680D225A7390E0BB68F7
:104C3C001B69002B1FD0BB681B691B6B002B13D08F
:104C4C00BB681B691A6BFB68597A987A000201439E
:104C5C00DB7A1B040B431946B8689047034683F074
:104C6C000103DBB2002B06D0BB681B78022B02D0F1
:104C7C00BB6803221A70BB680122DA703B68002BF8
:104C8C0066D040F22312F96838680BF071F85FE0D7
:104C9C00BB685B7BC3F10D03FA681344FA7983F8A4
:104CAC001621BB685B7B013BDAB2BB685A73BB68ED
:104CBC005B7B002B4ED1BB681869BB685B69FA68DB
:104CCC001946FFF789F90346FB77FB7F83F0010355
:104CDC00DBB2002B17D0BB681B691B6B002B12D0EF
:104CEC00BB681B691A6BFB68597A987A00020143FE
:104CFC00DB7A1B040B431946B86890470346002B1C
:104D0C0001D00123FB77BB68DB78102B03D1BB6888
:104D1C0002221A7009E0FB7F002B03D0BB68012232
:104D2C001A7002E0BB6803221A70BB680122DA70A9
:104D3C003B68002B0ED040F22312F96838680BF058
:104D4C0017F807E000BF06E000BF04E000BF02E078
:104D5C0000BF00E000BFBB681B78012B10D1FB68C3
:104D6C009A79BB685A71BB681B89002B02D1BB684E
:104D7C0000225A81BB681B8901339AB2BB681A8125
:104D8C003B68002B03D0FB68DA783B68DA70BB6AAF
:104D9C00002B1AD0BB68DA78BB6ADA70BB681A7958
:104DAC00BB6A1A71BB685B790133DAB2BB6A5A71A0
:104DBC00BB681A89BB6A1A81BB689B781A46BB6AA6
:104DCC005A81BB681A7BBB6A1A73BB6800229A7043
:104DDC00BB681B78022B11D13B68002B0ED0FB68F3
:104DEC0093F814311AB2FB6893F815311BB21B02FD
:104DFC001BB213431BB29AB23B681A80BB681B7878
:104E0C0018462037BD4680BD90B587B002AFBA605A
:104E1C007B600346FB730B46BB73FB7B1846FFF7AB
:104E2C0047F80446FB7B1846FFF72EF80146BA7B81
:104E3C007B680093BB682046FFF7FEFC03461846D0
:104E4C001437BD4690BD80B588B000AFBA607B60AA
:104E5C000346FB730B46BB73B97BF87B7B68BA6864
:104E6C00FFF7D2FF0346FB77FB7F022B02D0FB7FC1
:104E7C00032B20D1FB7B1846FFF71AF8B861FB7B9C
:104E8C001846FFF701F878617869FFF76EFB7B69CC
:104E9C0000221A707B690122DA70BB7BFD2B08D1D2
:104EAC007B690222DA70BB690022DA70B869FFF7FD
:104EBC004AFC002300E0FB7F18462037BD4680BD2E
:104ECC0080B584B000AF786039607B68DB78092BE3
:104EDC0028BF0923FB730922002138680AF01CFF44
:104EEC007B680C33FA7B194638680AF041FF00BF27
:104EFC001037BD4680BD80B58EB002AF3A601A4601
:104F0C000346FB710B46BB7113467B717B6CFB60DC
:104F1C00BB6C3B61FB6C7B613B6DBB617B6DFB6177
:104F2C00BB6D3B62FB6D7B62BB8F3B857B7987F8EE
:104F3C002A3097F8383087F82B3097F8403087F8BC
:104F4C002C303B680C3307F10C01212218460AF077
:104F5C000FFF3B68002242F04C025A7200229A72F8
:104F6C000022DA72BA79F9799823019321230093FC
:104F7C0021233868FFF7DBFA034618463037BD4665
:104F8C0080BD80B584B000AF786039607B68DB7819
:104F9C00212B28BF2123FB732122002138680AF022
:104FAC00BBFE7B680C33FA7B194638680AF0E0FECE
:104FBC0000BF1037BD4680BD80B58AB002AF3A60E5
:104FCC001A460346FB710B46BB7113467B71FB6B98
:104FDC00BB603B6DFB60BB8E3B823B8F7B82B7F82B
:104FEC004030BB82B7F84430FB82B7F84C303B837F
:104FFC007B79BB7697F82830FB7697F82C303B778B
:10500C0097F830307B7797F84830BB773B680C3398
:10501C0007F10801172218460AF0AAFE3B68002285
:10502C0042F065025A7200229A720022DA72BA7940
:10503C00F979C22301931723009317233868FFF7DC
:10504C0076FA034618462037BD4680BD80B586B03B
:10505C0002AF3A601A460346FB710B46BB7113460E
:10506C007B71BB69BB607B793B733B7F7B733B681C
:10507C000C3307F10801062218460AF079FE3B684A
:10508C00002242F066025A7200229A720022DA72F0
:10509C00BA79F9798623019306230093062338689D
:1050AC00FFF745FA034618461037BD4680BD80B55C
:1050BC0084B000AF786039607B68DB78062B28BF42
:1050CC000623FB730622002138680AF025FE7B6854
:1050DC000C33FA7B194638680AF04AFE00BF1037C9
:1050EC00BD4680BD80B586B002AF3A601A46034615
:1050FC00FB710B46BB7113467B717B793B733B7E1B
:10510C007B733B680C33BA891A803B68002242F0EF
:10511C0067025A7200229A720022DA72BA79F9790D
:10512C00512301930223009302233868FFF7FFF900
:10513C00034618461037BD4680BD80B584B000AF1D
:10514C00786039607B68DB78022B28BF0223FB7305
:10515C000222002138680AF0DFFD7B680C33FA7BF1
:10516C00194638680AF004FE00BF1037BD4680BDF2
:10517C0080B58AB002AFBA607B600346FB730B4606
:10518C00BB737B683B61BB6A7B61FB6ABB613B6B3E
:10519C00FB61BB680C3307F11001102218460AF0B2
:1051AC00E7FDBB68002262F02F025A72002242F027
:1051BC0005029A720022DA72BA7BF97BAC23019356
:1051CC00102300931023B868FFF7B1F90346184673
:1051DC002037BD4680BD80B584B000AF78603960A3
:1051EC007B68DB78102B28BF1023FB731022002167
:1051FC0038680AF091FD7B680C33FA7B19463868E5
:10520C000AF0B6FD00BF1037BD4680BD80B582B038
:10521C0000AF7860786800F049F9274B1B78DBB257
:10522C00002B06D0244B00221A707968234800F01A
:10523C0055FA234B1B78DBB2002B06D0204B0022F7
:10524C001A7079681F4800F0C5FA1F4B1B78DBB247
:10525C00002B15D01C4B00221A701C494FF000007B
:10526C0000F0A0F91A4B1B78FF2B09D0184B1B78B8
:10527C00012B05D94FF000014FF0000000F092F91E
:10528C00144B1B78DBB2002B07D0124B00221A7088
:10529C00114B1B68184600F02FF9104B1B78DBB232
:1052AC00002B04D00D4B00221A7000F015FE00BF2D
:1052BC000837BD4680BD00BF480000204C000020D0
:1052CC004900002070010020C402002000008A4226
:1052DC0000000020C502002040000020C602002073
:1052EC0080B485B000AF7860154B1B889BB2002B47
:1052FC0020D0134B1B889BB2013B9AB2104B1A80E7
:10530C000F4B1B889BB2002B14D10E4B1B78FF2B21
:10531C0010D00C4B1B781A466FF00F031341FB6037
:10532C0072B600BF084B1A68FB681340064A13603C
:10533C0062B600BF00BF1437BD4680BC704700BFCB
:10534C0002000020000000204000002080B483B048
:10535C0000AF7860054B1B78002B02D0044B012268
:10536C001A7000BF0C37BD4680BC70473C00002053
:10537C00C402002080B582B000AF7860786801F07C
:10538C004EF80346012B17D10D4B1B889BB2002BFB
:10539C0006D00B4B1B889BB2013B9AB2084B1A8070
:1053AC00074B1B889BB2002B07D1054B32221A806E
:1053BC00044B01221A7000E000BF0837BD4680BDC7
:1053CC0004000020C602002080B582B000AF7860D7
:1053DC00174B1B78012B22D1786801F020F803467B
:1053EC00012B1ED0134B1B78012B1CD1124B1B888D
:1053FC009BB2002B06D0104B1B889BB2013B9AB280
:10540C000D4B1A800C4B1B889BB2002B0CD10A4BFA
:10541C004FF4FA721A80094B01221A7004E000BF93
:10542C0002E000BF00E000BF0837BD4680BD00BFF2
:10543C003C0000200000002006000020C5020020D7
:10544C0080B500AF0121022000F0F6FD00BF80BD49
:10545C0080B582B000AF0346FB71084B1B68002B74
:10546C0007D0064B1B68064A1178FA79184600F0EB
:10547C00B1FD00BF0837BD4680BD00BF4400002011
:10548C000000002080B400AF024B1B781846BD46CC
:10549C0080BC70473C00002080B400AF024B1B78EE
:1054AC001846BD4680BC70470000002080B582B015
:1054BC0000AF78607B689B7B002B15D10D4B1B7864
:1054CC00FF2B13D0786800F0B5FF0346002B05D0F6
:1054DC00084B1B78184600F0C7FD08E0054B1B78FD
:1054EC00184600F0D9FD02E000BF00E000BF08370D
:1054FC00BD4680BD00000020B0B5ADF51C7D0AAFE7
:10550C0007F51273A3F51173186007F51273A3F561
:10551C0011731868FDF7CAFE044602F03FFB034600
:10552C001846FDF7C7FE05461C4B1B781846FDF7C1
:10553C00BDFE034607F590724FF0000109910893E8
:10554C000795174B069305944FF0000304934FF007
:10555C000003039300230293D3230193BE230093F0
:10556C00FF23A9210120FFF7C6FC07F5907207F174
:10557C00080311461846FFF707F80346A7F846320A
:10558C00B7F8462207F108031146184602F03AF91B
:10559C0000BF07F51277BD46B0BD00BF000000206C
:1055AC000064EA4690B5ADF5177D04AF07F51273AC
:1055BC00A3F51173186007F51273A3F51273196034
:1055CC00254B1B781846FDF771FE0446234B1B68D0
:1055DC001846FDF76BFE034607F59072029307F52C
:1055EC001273A3F512731B68019307F51273A3F5DD
:1055FC0011731B6800932346A9210120FFF7B8FD06
:10560C0007F5907207F1080311461846FEF7BCFF28
:10561C000346A7F8463207F51273A3F51273186800
:10562C00FEF762F80346DBB2002B08D1B7F846222E
:10563C0007F108031146184602F0E4F807E0B7F842
:10564C00462207F108031146184602F021F900BF63
:10565C0007F51377BD4690BD0000002040000020E8
:10566C0080B582B000AF0346FB71F979074B084A4D
:10567C000020FFF7E8FB0346002B02D0054B01226C
:10568C001A7000BF0837BD4680BD00BF94020020D1
:10569C004C0000204800002080B582B000AF0346CB
:1056AC00FB71F9790A4B0B4A0120FFF7CCFB03463F
:1056BC00002B09D0074B9B68C3F31723B3F5BA6FC4
:1056CC0002D1054B01221A7000BF0837BD4680BDC0
:1056DC00AC020020700100204900002080B582B08F
:1056EC0000AF786039607B685A7A997A09020A436C
:1056FC00DB7A1B041343B3F5BA6F4DD0B3F5BA6F15
:10570C0062DC002B44D0002B5EDB672B5CDC4C2B6B
:10571C005ADB4C3B1B2B57D801A252F823F000BF8D
:10572C00AF570008D5570008D5570008D5570008C3
:10573C00D5570008D5570008D5570008D55700088D
:10574C00D5570008D5570008D5570008D55700087D
:10575C00D5570008D5570008D5570008D55700086D
:10576C00D5570008D5570008D5570008D55700085D
:10577C00D5570008D5570008D5570008D55700084D
:10578C00B9570008D5570008C3570008CB57000875
:10579C00786800F037F818E03968786800F04EF84F
:1057AC0013E03968786800F0F3F80EE0396878682F
:1057BC0000F0D0F909E0786800F0E4F905E0396808
:1057CC00786800F04DFA00E000BF00BF0837BD4616
:1057DC0080BD00BF80B582B000AF786039607B6857
:1057EC005A7A997A09020A43DB7A1B041343B3F5FC
:1057FC00BA6F03D13968786800F020F800BF083719
:10580C00BD4680BD80B586B000AF786007F10C0353
:10581C0019467868FFF754FB7B7C002B07D0064BAE
:10582C001B78002B03D10121012000F005FC00BFE7
:10583C001837BD4680BD00BF3C00002090B589B034
:10584C0000AF7860396007F1080319467868FFF7F4
:10585C00C2FC3B6949491846FDF714FF0346002B6F
:10586C0014D0474B1B78002B03D0464B1B78FF2BD7
:10587C007DD1BB681846FDF737FF0346DBB2013319
:10588C00DBB21946012000F0D7FB70E03B694FF00A
:10589C0000011846FDF7F6FE0346002B22D03A4BCA
:1058AC004FF4FA621A80374B1B78FF2B61D0354BC3
:1058BC001B781A460F23D340BB6172B600BFBB697D
:1058CC00DA43324B1B6802EA03047B691846FDF786
:1058DC000BFF0246BB69134023432C4A136062B68C
:1058EC0000BF46E0386800F09AFD0346082B0CD147
:1058FC00244B1B7801331846FDF7DCFC02463B6950
:10590C0019461046FFF74EFE34E03B691846FDF78A
:10591C00EBFE0346FB77FC681A4B1B781846FDF729
:10592C00C9FC034619462046FDF7ACFE0346002B86
:10593C0008D1FB684FF000011846FDF7A3FE0346A3
:10594C00002B07D00F4B1B78FA7F1946386800F0F4
:10595C0041FB0FE0FB7F052B02D0FB7F062B09D10F
:10596C00FB683A6911461846FFF71CFE02E000BFBF
:10597C0000E000BF2437BD4690BD00BF00008A4246
:10598C003C0000200000002002000020400000200D
:10599C0090B591B000AF7860396007F108031946F3
:1059AC007868FFF7EEFABB8CD32B40F0C78097F8E2
:1059BC002730A92B40F0C480BB681846FDF794FE35
:1059CC00034687F83B307B691846FDF78DFE03468E
:1059DC007B635D4B1B781A46102313413B63FB68BA
:1059EC00012214464FF000011846FDF74BFE03460A
:1059FC00002B01D100231C46E3B287F82F3004237F
:105A0C00FB632DE01022FB6B42FA03F31A467B6B0F
:105A1C001340002B0CD097F82F30002B08D1F86BCB
:105A2C00FDF748FC0246FB6819461046FFF7BAFD25
:105A3C001022FB6B42FA03F31A467B6B1340002BCC
:105A4C000BD097F82F30002B07D0F86BFDF732FCFA
:105A5C0003463E491846FFF7A5FDFB6B013BFB6374
:105A6C00FB6B012BCEDC7A6B3B6B1340002B19D0FC
:105A7C0097F82F30002B0DD1334B1C78FB68184650
:105A8C00FDF732FE0346DBB21A462146386800F0B9
:105A9C00A1FA56E02C4B1B7805221946386800F009
:105AAC0099FA4EE07B6B002B4BD1386800F0B7FCB9
:105ABC00034687F82E3097F82E30042B19D197F81F
:105ACC002F30002B0DD1204B1C78FB681846FDF7AE
:105ADC000BFE0346DBB21A462146386800F07AFA10
:105AEC002FE0194B1B7806221946386800F072FA21
:105AFC0027E097F82E30072B03D097F82E30082B81
:105B0C001FD197F82F30002B0CD10F4B1B78013382
:105B1C001846FDF7CFFB0246FB6819461046FFF707
:105B2C0041FD0EE0084B1B7801331846FDF7C2FB14
:105B3C00034607491846FFF735FD02E000BF00E0B9
:105B4C0000BF4437BD4690BD000000200000A040BF
:105B5C000000C04080B582B000AF78603960084B5F
:105B6C001B78002B03D10121012000F065FA0121E3
:105B7C00386800F043FC00BF0837BD4680BD00BF4D
:105B8C003C00002080B586B000AF786007F11003B0
:105B9C0019467868FFF78BFA07F10803184600F0EE
:105BAC00B3FA3B7D042B50D801A252F823F000BF6E
:105BBC00D15B0008F75B00081D5C00083F5C000827
:105BCC00455C00083B691846FDF78EFD03469BB209
:105BDC003B8107F10803184600F0A8FA3B897A8943
:105BEC001146184601F066FB30E03B691846FDF79C
:105BFC007BFD03469BB27B8107F10803184600F03E
:105C0C0095FA3B897A891146184601F053FB1DE041
:105C1C003B691846FDF768FD0346DBB23B7307F1A1
:105C2C000803184600F082FA3B7B184601F032F864
:105C3C000CE000F08DFA09E000F04AFA3B897A8911
:105C4C001146184601F036FB00E000BF3B7D3A6977
:105C5C001146184600F005F900BF1837BD4680BD47
:105C6C0080B584B000AF7860396007F10C03194639
:105C7C007868FFF762FA3B7B332B00F2A78001A216
:105C8C0052F823F0615D0008D95D0008695D0008D9
:105C9C00715D0008795D0008815D0008895D000870
:105CAC00D95D0008935D0008A15D0008A95D00089E
:105CBC00D95D0008D95D0008D95D0008D95D0008E0
:105CCC00D95D0008D95D0008D95D0008D95D0008D0
:105CDC00D95D0008D95D0008D95D0008D95D0008C0
:105CEC00D95D0008D95D0008D95D0008D95D0008B0
:105CFC00D95D0008D95D0008D95D0008D95D0008A0
:105D0C00D95D0008D95D0008D95D0008D95D00088F
:105D1C00D95D0008D95D0008D95D0008D95D00087F
:105D2C00D95D0008D95D0008D95D0008D95D00086F
:105D3C00D95D0008D95D0008D95D0008D95D00085F
:105D4C00D95D0008D95D0008D95D0008B15D000877
:105D5C00C55D0008032001F06DFA38E0042001F065
:105D6C0069FA34E0012001F033FA30E0002001F050
:105D7C002FFA2CE0022001F02BFA28E005213868DC
:105D8C0000F03CFB23E0002001F054FA002001F06D
:105D9C001FFA1CE0012000F09DFF18E0002000F02D
:105DAC0099FF14E03B7B184600F02CF8642004F0BB
:105DBC0069F900F0FDF90AE03B7B184600F022F887
:105DCC00642004F05FF900F00DFA00E000BF3B7BAB
:105DDC00184600F017F801224FF48051084805F0DE
:105DEC003CFE4FF4FA7004F04DF900224FF4805150
:105DFC00034805F032FE00BF1037BD4680BD00BF22
:105E0C00000C014080B5ADF5147D02AF024607F5DC
:105E1C001273A3F241231A7007F51273A3F24123F4
:105E2C001B7807F5907201210091A9210120FFF741
:105E3C0059F907F5907207F1080311461846FEF759
:105E4C00A3FB0346A7F84632B7F8462207F108032E
:105E5C001146184601F0D6FC00BF07F51277BD4677
:105E6C0080BD80B5ADF5147D02AF024607F5127307
:105E7C00A3F51273196007F51273A3F241231A707C
:105E8C0007F51273A3F24123197807F590720123D9
:105E9C00019307F51273A3F512731B6800930B465D
:105EAC00A9210120FFF7D2F807F5907207F108033A
:105EBC0011461846FEF768FB0346A7F84632B7F8BA
:105ECC00462207F108031146184601F09BFC00BF5F
:105EDC0007F51277BD4680BD2DE9F043ADF5277D62
:105EEC000CAF01F0CBFA024607F51A73A3F5117348
:105EFC001A6007F51A73A3F51373184600F004F92A
:105F0C0007F51A73A3F5117393F8008007F51A734C
:105F1C00A3F511735C7807F51A73A3F511739D78CB
:105F2C0007F51A73A3F51173DE7801F0B9F903467E
:105F3C007B6101F0ABF903463B6101F0F1FB81465B
:105F4C0007F51A73A3F513731A88FA6007F51A7319
:105F5C00A3F513735988B96007F51A73A3F5137376
:105F6C001879786000F0D4FE0346194607F5A07244
:105F7C0047F232530A93099178680890B9680791EF
:105F8C00F9680691CDF81490396904917B690393F3
:105F9C000296019500944346A9210120FFF70CF8C5
:105FAC0007F5A07207F1280311461846FEF7ECFA24
:105FBC000346A7F86632B7F8662207F128031146A4
:105FCC00184601F01FFC00BF07F51B77BD46BDE866
:105FDC00F083000090B585B000AF78600B46FB7085
:105FEC001346BB70786800F01AFA0346FB73FB7B10
:105FFC00042B05D1BB781946786800F0FFF915E041
:10600C00FB7B072B02D0FB7B082B0FD1094B1B789A
:10601C0001331846FDF74EF90446BB781846FDF7D8
:10602C0045F9034619462046FFF7BCFA00BF143762
:10603C00BD4690BD0000002080B582B000AF034685
:10604C000A46FB711346BB71054AFB791370054A6E
:10605C00BB79137000F024F900BF0837BD4680BD32
:10606C003C0000200000002080B483B000AF034649
:10607C00FB7172B600BFFB791022DA40054B1B682E
:10608C001343044A136062B600BF00BF0C37BD4611
:10609C0080BC70474000002080B483B000AF034642
:1060AC00FB7172B600BFFB796FF0100242FA03F37A
:1060BC001A46064B1B681340044A136062B600BFB5
:1060CC0000BF0C37BD4680BC704700BF40000020AD
:1060DC0080B584B000AF3B46184600F00BFD03467C
:1060EC00002B0BD07B689AB2064B1A80BB689AB215
:1060FC00044B5A80FB68DAB2024B1A7100BF10379E
:10610C00BD4680BD0800002080B483B000AF78602D
:10611C007B68054A1068186092889A8078680C37FA
:10612C00BD4680BC704700BF0800002080B483B01F
:10613C0000AF7860054B7A681068186092889A8076
:10614C0000BF0C37BD4680BC704700BF0800002064
:10615C0080B584B000AF4FF0A5333B60084B1B8873
:10616C007B60074B5B88BB60054B1B79FB603B4638
:10617C00184600F0DBFC00BF1037BD4680BD00BFE9
:10618C000800002080B400AFBFF34F8F00BF064B58
:10619C00DB6803F4E0620449044B1343CB60BFF3A8
:1061AC004F8F00BF00BFFDE700ED00E00400FA05D3
:1061BC0080B500AF084BDB69074A43F0C053D3618D
:1061CC00064B1B68054A43F480731360044B4DF671
:1061DC00AD625A60FFF7D6FF00100240007000401D
:1061EC00006C004080B500AF024B00225A60FFF7F4
:1061FC00C9FF00BF006C004080B582B000AFFFF754
:10620C0041F90346002B3BD103F032FF7860224B5F
:10621C001B78022B25D0022B3BDC002B02D0012B50
:10622C0009D036E000F0C6FD1C4A7B6813601A4B9F
:10623C0001221A702DE0FFF725F90346022B21D01D
:10624C00164B1B687A68D31AD22B1DD900F0C6FDE9
:10625C0001F0C0FA114A7B6813600F4B02221A70CE
:10626C0012E0FFF70FF90346012B0FD00B4B1B6805
:10627C007A68D31A642B0BD9074B00221A7007E0EB
:10628C0000BF06E000BF04E000BF02E000BF00E07A
:10629C0000BF0837BD4680BDB4070020B8070020FA
:1062AC0080B582B000AFFFF7EDF80346FB71FB79C8
:1062BC00012B02D0022B05D007E000F08FFD01F07E
:1062CC0089FA02E000F076FD00BF00BF0837BD463A
:1062DC0080BD80B500AFFFF7D5F80346184680BDEA
:1062EC0080B483B000AF78607B6800221A707B6842
:1062FC0000225A707B6800229A707B680022DA7048
:10630C007B6800225A607B6800229A607B680022BE
:10631C001A737B6800225A737B6800229A7300BF41
:10632C000C37BD4680BC704780B584B000AF786038
:10633C007B689B78002B1DD07B6800229A707B6851
:10634C005B78FB73FB7B052B02D0FB7B062B09D107
:10635C007B681B78042B05D1FB7B1946786800F011
:10636C00B8FB07E0FB7B012B04D1FB7B194678685B
:10637C0000F0AFFB7B681B78082B39D801A252F8D0
:10638C0023F000BFB5630008BD630008C5630008B7
:10639C00CD630008D5630008DD630008E5630008E1
:1063AC00ED630008F5630008786800F05BF820E006
:1063BC00786800F07DF81CE0786800F0A7F818E029
:1063CC00786800F0D1F814E0786800F06FF910E00C
:1063DC00786800F096F90CE0786800F09EF908E017
:1063EC00786800F0A6F904E0786800F0F3F900E0B2
:1063FC0000BF00BF1037BD4680BD00BF80B483B066
:10640C0000AF78600B46FB707B68FA785A707B683B
:10641C0001229A7000BF0C37BD4680BC704780B417
:10642C0083B000AF78607B681B7818460C37BD468C
:10643C0080BC704780B483B000AF78607B681B78F9
:10644C00042B07D07B681B78052B03D07B681B784B
:10645C00062B01D1012300E0002318460C37BD4662
:10646C0080BC704780B584B000AF7860FFF731FF17
:10647C000346002B18D001F001F80346FB603B7B70
:10648C00002B04D00221786800F023FB0DE07B7B0D
:10649C00002B04D00421786800F01BFB05E00321DD
:1064AC00786800F016FB00E000BF1037BD4680BDD9
:1064BC0080B584B000AF7860134B1B78002B08D1EB
:1064CC00042000F0B7FE002000F082FE0E4B0122EB
:1064DC001A7000F0D3FF0346FB60BB7B002B04D08B
:1064EC0000F0D4FE0346012B07D0FB7B002B07D01A
:1064FC0000F0CCFE0346022B02D1002000F068FE17
:10650C0000BF1037BD4680BDBC07002080B584B0ED
:10651C0000AF786000F0B2FF0346FB60BB7B002B42
:10652C000CBF01230023DBB2184600F051FE3B7B6D
:10653C00002B07D0032000F07DFE03F099FD0246EE
:10654C007B685A6003F094FD02467B685B68D31A43
:10655C0041F27072934203D90321786800F0B9FAC2
:10656C0000BF1037BD4680BD80B584B000AF7860E9
:10657C0000F084FF0346FB607B68DB78072B00F29E
:10658C00888001A252F823F0B5650008CD6500089B
:10659C009F6600089F6600089F6600089F660008BB
:1065AC00F76500087B660008042000F043FE7B685A
:1065BC000122DA7003F05CFD02467B685A6071E0E0
:1065CC0003F056FD02467B685B68D31AB3F5C87FAF
:1065DC0063D3022000F0FCFD03F04AFD02467B6809
:1065EC005A607B680622DA7057E03B7B002B04D0A4
:1065FC000221786800F06DFA54E07B7B002B07D009
:10660C00002000F0E5FD0421786800F062FA49E012
:10661C00FB7B002B07D0002000F0DAFD0721786807
:10662C0000F057FA3EE003F023FD02467B685B68FE
:10663C00D31AB3F57A5F32D9002000F0C9FD7B681C
:10664C001B7B002B07D07B6801229A73082178688A
:10665C0000F03FFA23E07B6801221A737B68072263
:10666C00DA7003F005FD02467B685A6017E003F010
:10667C00FFFC02467B685B68D31AB3F5FA7F10D334
:10668C007B680022DA7003F0F3FC02467B685A60E8
:10669C0007E07B680022DA7004E000BF02E000BF74
:1066AC0000E000BF00BF1037BD4680BD80B584B090
:1066BC0000AF786000F0E2FE0346FB603B7B002BF2
:1066CC0004D00221786800F004FA17E000F0DEFD37
:1066DC000346002B07D0002000F07AFD03F0C8FC25
:1066EC0002467B685A6003F0C3FC02467B685B6819
:1066FC00D31AC72B02D9042000F09CFD1037BD46DD
:10670C0080BD80B582B000AF78600021786800F061
:10671C00BBF800BF0837BD4680BD80B582B000AF66
:10672C0078600121786800F0AFF800BF0837BD46EB
:10673C0080BD80B584B000AF786000F09FFE03464A
:10674C00FB603B7B002B04D00221786800F0C1F980
:10675C003DE0032000F06EFDFB7B002B0BD07B6833
:10676C00DB78002B07D103F083FC02467B685A6070
:10677C007B680122DA707B68DB78012B0ED103F089
:10678C0077FC02467B685B68D31AB3F5FA7F05D9B0
:10679C00012000F01DFD7B680222DA70BB7B002B10
:1067AC0008D0FB7B002B05D17B6801225A73022099
:1067BC0000F00EFDBB7B002B02D0FB7B002B06D028
:1067CC007B685B7B002B02D0002000F001FD1037B2
:1067DC00BD4680BD80B584B000AF7860FEF75CFE2E
:1067EC000346FB7303F044FC0246244B1B68D31A8C
:1067FC00B3F5967F2AD303F03BFC03461F4A136084
:10680C004FF400511E4805F040F91E4B1B78002B2D
:10681C000ED0FB7B1846FFF727FC1A4B1B78002B7E
:10682C000CBF01230023DBB21A46164B1A700DE085
:10683C00FB7B1846FFF730FC124B1B78002B0CBF70
:10684C0001230023DBB21A460E4B1A7000F016FE21
:10685C000346BB603B7A002B0CD07B6800229A73FA
:10686C000221786800F035F900224FF440610448A9
:10687C0005F0F3F800BF1037BD4680BDC0070020FF
:10688C00000C0140C407002080B584B000AF7860D4
:10689C000B46FB7000F0F2FD0346FB607B68DB7877
:1068AC00023B052B00F2E98001A252F823F000BF55
:1068BC00D5680008ED6800081D69000849690008E2
:1068CC00796900086D6A0008012000F081FC03F072
:1068DC00CFFB02467B685A607B680322DA70D9E0F2
:1068EC0003F0C6FB02467B685B68D31AC82B03D83F
:1068FC00BB7B002B00F0C580002000F069FC03F08E
:10690C00B7FB02467B685A607B680422DA70B8E0F9
:10691C0003F0AEFB02467B685B68D31AB3F5967F37
:10692C0040F2B180032000F085FC03F0A1FB02468D
:10693C007B685A607B680522DA70A4E003F098FB50
:10694C0002467B685B68D31AC82B40F29E800220FB
:10695C0000F03EFC03F08CFB02467B689A604F4BC8
:10696C0000221A707B680622DA708EE0FB7B002B0B
:10697C000DD0002000F02CFC7B6800225A73474B92
:10698C0000221A700721786800F0A3F882E07B7B64
:10699C00002B0ED0414B1B78002B0AD13F4B012210
:1069AC001A70FB78002B04D003F062FB02467B6864
:1069BC009A607B7B002B0BD1384B1B78012B07D1BA
:1069CC00364B02221A7003F053FB02467B689A6026
:1069DC007B7B002B1DD0314B1B78022B19D1FB7804
:1069EC00002B08D02D4B00221A7003F041FB0246FD
:1069FC007B689A6009E0294B00221A70002000F095
:106A0C00E7FB0421786800F064F87B6800221A73B5
:106A1C0040E003F02DFB02467B689B68D31AB3F56C
:106A2C00FA5F34D91D4B00221A70002000F0D0FB05
:106A3C007B681B7B002B07D07B6801229A73082193
:106A4C00786800F046F822E07B6801221A737B68B4
:106A5C000722DA7003F00CFB02467B685A6016E0E2
:106A6C0003F006FB02467B685B68D31AB3F5FA7F2A
:106A7C000FD97B680222DA700BE07B680222DA7095
:106A8C0008E000BF06E000BF04E000BF02E000BF6A
:106A9C0000E000BF00BF1037BD4680BDC507002019
:106AAC0080B582B000AF78607B680022DA7003F0AA
:106ABC00DFFA02467B685A607B6800229A607B682A
:106ACC0000221A737B6800225A7300BF0837BD4638
:106ADC0080BD80B582B000AF78600B46FB707B68E0
:106AEC00FA781A707868FFF7DBFF00BF0837BD46ED
:106AFC0080BD000090B484B000AF78600A4BFB609E
:106B0C00FB681B68B3F1A53F01D0002306E07A684F
:106B1C00FB6814460FCB84E80F000123184610378E
:106B2C00BD4690BC704700BF00240108B0B58AB0C8
:106B3C0000AF786004F0AAFB07F10C0300221A6086
:106B4C005A609A60DA601A4B7B610123BB610023A7
:106B5C00BB6007F1080207F10C031146184604F05C
:106B6C007DFC7B683B620423FB6100237B6215E0A8
:106B7C007B6A03F1007303F5924399007B6A9B00D7
:106B8C003A6A13441B6800221C46154622462B46C3
:106B9C00022004F00BFB7B6A01337B627A6AFB698F
:106BAC009A42E5D304F098FB00BF2837BD46B0BD30
:106BBC000024010880B582B000AF3B461846FFF7B1
:106BCC00A3FA3A79084B1A70084B00221A80064B2C
:106BDC001B78184600F0BCF8002000F0A3F800BFAA
:106BEC000837BD4680BD00BFC6070020C80700207F
:106BFC0080B584B000AF7860396000F0BBFD03460F
:106C0C00002B3BD03868FFF70AFC0346FB721D498A
:106C1C007868FCF75FFD0346002B02D1FB7A042B4E
:106C2C0002D00023FB6023E017497868FCF748FD8D
:106C3C000346002B03D04FF4FA63FB6018E01349B2
:106C4C007868FCF73DFD0346002B03D04FF47A63C4
:106C5C00FB600DE00E497868FCF732FD0346002B13
:106C6C0003D042F21073FB6002E044F26823FB6035
:106C7C00F86800F057F800F087FD00E000BF10370F
:106C8C00BD4680BD0000A0410000704100002041C5
:106C9C000000A04080B582B000AF0346FB710B4AE8
:106CAC00FB791370094B1B78184600F051F8084B10
:106CBC001B88002B02D044F61F6300E0002318460B
:106CCC0000F030F800BF0837BD4680BDC607002075
:106CDC00C807002080B582B000AF0346FB71FB797A
:106CEC00002B02D04FF4807200E00022074B1A8078
:106CFC00FB79002B02D044F61F6300E000231846FA
:106D0C0000F010F800BF0837BD4680BDC807002052
:106D1C0080B400AF024B1B881846BD4680BC704740
:106D2C00C807002080B582B000AF78600421074806
:106D3C0006F096FA054B1B687A689A63042103489F
:106D4C0006F0ECF900BF0837BD4680BD540B00209F
:106D5C0080B58AB000AF0346FB710421144806F0DD
:106D6C007FFA07F10C0300221A605A609A60DA600D
:106D7C001A615A619A616023FB6000233B61FB79C5
:106D8C00002B01D0022300E000237B610023FB6178
:106D9C0007F10C0304221946054806F0A3FE042152
:106DAC00034806F0BBF900BF2837BD4680BD00BFC5
:106DBC00540B002080B500AF252003F0D8FE054809
:106DCC0007F0E4FF044B00221A7000F03BF900BFFF
:106DDC0080BD00BF700D0020CA07002080B500AF39
:106DEC000C4B93F83D30DBB2012B11D1094806F066
:106DFC0001F9084B1B686FF001021A611E2003F0A9
:106E0C00B6FE044806F046F8024802F0EDFE00E03B
:106E1C0000BF80BDBC0C002090B587B000AF78607F
:106E2C007B681B681E4A934234D17B681B7F012B05
:106E3C0032D10021786807F021F878610421786854
:106E4C0007F01CF838617B685B6801331846FCF767
:106E5C002DFA034613491846FCF780FA03461C46E4
:106E6C00114B1B681846FCF721FA034619462046BD
:106E7C00FCF728FB0346FB603869FCF717FA03465E
:106E8C001946F868FCF76AFA0346BB60B86800F06C
:106E9C000DF802E000BF00E000BF1C37BD4690BDFE
:106EAC0000080040002474491000002080B584B014
:106EBC0000AF7860FEF7E6FA0346FB72FB7A002B14
:106ECC0021D145497868FCF705FC0346002B15D009
:106EDC0042497868FCF7E0FB0346002B0ED0404B90
:106EEC001B780133DAB23E4B1A703D4B1B78092BE1
:106EFC0008D9FEF7A5FAFFF7D3F903E0384B0022C7
:106F0C001A7065E064E0374B1B6819467868FCF72B
:106F1C001BF90346FB604FF00001F868FCF7BCFB63
:106F2C000346002B03D0FB6883F00043FB602E4923
:106F3C00F868FCF7B1FB0346002B0AD02B4B1B78EF
:106F4C000133DAB2294B1A70284B1B78042B07D863
:106F5C003EE0244A7B681360244B00221A7037E011
:106F6C00224B00221A7040F24C424FF46171786847
:106F7C0000F040F80346002B03D01D4B01221A7081
:106F8C0026E01B4B1B78002B21D04FF4C8624FF42A
:106F9C00AF61786800F02EF80346002B06D0144B36
:106FAC0000221A700520FEF753FA11E040F6340265
:106FBC0040F26C71786800F01DF80346002B07D086
:106FCC000B4B00221A700620FEF742FA00E000BFBD
:106FDC001037BD4680BD00BF0080474400A0094566
:106FEC00CB070020CC07002000002041D007002058
:106FFC00CA07002080B582B000AF78600B467B805A
:10700C0013463B807B881846FCF750F9034619461B
:10701C007868FCF75FFB0346002B0DD03B881846C5
:10702C00FCF744F9034619467868FCF735FB034630
:10703C00002B01D0012300E0002318460837BD4681
:10704C0080BD000080B590B000AF07F13003002286
:10705C001A605A609A60DA6007F11C0300221A6009
:10706C005A609A60DA601A6107F10C0300221A6008
:10707C005A609A60DA603B1D00221A605A60424BDB
:10708C00424A1A60404B3F225A603F4B00229A60A2
:10709C003D4B4FF6FF72DA603B4B00221A613A4BC4
:1070AC0000229A61384805F099FE0346002B01D066
:1070BC0001F07DF94FF480533B6307F1300319461F
:1070CC00314806F0D1FD0346002B01D001F06FF9D9
:1070DC002D4806F029F90346002B01D001F067F981
:1070EC000423FB6150233B6200237B620023BB62C1
:1070FC000023FB6207F11C031946234806F07BFEB4
:10710C000346002B01D001F052F90023FB60012350
:10711C003B6100237B610023BB6107F10C03002260
:10712C001946194806F042FC0346002B01D001F029
:10713C003EF90223FB6002233B6107F10C0304229E
:10714C001946114806F032FC0346002B01D001F021
:10715C002EF900237B600023BB603B1D19460A48B7
:10716C0007F0FAFC0346002B01D001F020F90021B6
:10717C00054806F0FFF90421034806F03BF900BF6F
:10718C004037BD4680BD00BFBC0C0020000800404D
:10719C0080B582B000AF3B461846FEF7B5FF3A8883
:1071AC00084B1A807A88084B1A800021074805F092
:1071BC00B5FF0821054805F0B1FF00BF0837BD46F3
:1071CC0080BD00BFD4070020D6070020540B002040
:1071DC0080B483B000AF0346FB71144B1B78FA7973
:1071EC009A421DD0FB79012B05D1114B1B684FF432
:1071FC007A72DA6310E0FB79022B05D10C4B1B6819
:10720C004FF4FA62DA6307E0FB79002B04D1084BE8
:10721C001B6840F2DC52DA63044AFB79137000E01D
:10722C0000BF0C37BD4680BC704700BFD1070020A3
:10723C00540B002080B483B000AF0346FB710F4B9E
:10724C001B78FA799A4214D0FB79032B05D10C4B9D
:10725C001A880C4B1B685A6307E0FB79042B04D18A
:10726C00094B1A88074B1B685A63044AFB79137045
:10727C0000E000BF0C37BD4680BC7047D207002031
:10728C00D4070020540B0020D607002080B400AF98
:10729C00024B1B781846BD4680BC7047D1070020B6
:1072AC0080B400AF024B1B781846BD4680BC7047BB
:1072BC00D207002080B483B000AF03460A46FB809F
:1072CC001346BB800E4AFB8813800E4ABB88138082
:1072DC000D4B1B78032B05D1094B1A880B4B1B68E4
:1072EC005A6308E0084B1B78042B04D1054B1A8811
:1072FC00064B1B685A6300BF0C37BD4680BC7047F9
:10730C00D4070020D6070020D2070020540B002001
:10731C0098B500AF524B1B785BB25B005CB24FF47C
:10732C008041504804F082FB0346002B0CBF012324
:10733C000023DBB25BB223435BB2DAB2484B1A7068
:10734C00474B1B7803F00F030F2B03D1464B012245
:10735C001A7008E0424B1B7803F00F03002B02D18C
:10736C00414B00221A70414B1B785BB25B005CB244
:10737C004FF400413B4804F059FB0346002B0CBF73
:10738C0001230023DBB25BB223435BB2DAB2374B8F
:10739C001A70364B1B7803F00F030F2B03D1324BB3
:1073AC0001225A7008E0314B1B7803F00F03002BBD
:1073BC0002D12D4B00225A702D4B1B785BB25B0017
:1073CC005CB201212B4804F031FB0346002B0CBFAF
:1073DC0001230023DBB25BB223435BB2DAB2244B52
:1073EC001A70234B1B7803F00F030F2B03D11E4B8A
:1073FC000122DA7008E01E4B1B7803F00F03002B00
:10740C0002D1194B0022DA701B4B1B785BB25B006C
:10741C005CB24FF40051134804F008FB0346002BF8
:10742C000CBF01230023DBB25BB223435BB2DAB2A5
:10743C00114B1A70104B1B7803F00F030F2B03D159
:10744C00094B01229A7008E00B4B1B7803F00F03D9
:10745C00002B02D1044B00229A7000BF98BD00BFD4
:10746C00D807002000100140DC070020D9070020BD
:10747C00DA07002000140140DB07002080B483B041
:10748C0000AF0A4B1B687B6000233A7962F3070359
:10749C007A7962F30F23BA7962F31743FA7962F3BC
:1074AC001F6318460C37BD4680BC7047DC070020B4
:1074BC00B0B588B000AF194B07F108041D460FCDCD
:1074CC000FC495E8030084E8030007F1080319468C
:1074DC00134800F0BBFC124800F0D8FC00BF104869
:1074EC0000F0C7FC0346002BF9D10E4A3B1D126875
:1074FC00114619800233120C1A703B1D19460848AC
:10750C0000F0E7FC00BF064800F0B3FC0346002B7C
:10751C00F9D100BF00BF2037BD46B0BDB0FD00089B
:10752C00E0070020C8FD000880B582B000AF1B4802
:10753C0000F0B9FC00BF194800F09BFC0346002B7F
:10754C00F9D100BF154800F030FD034683F001036C
:10755C00DBB2002BF6D10021104800F03CFD00BF3F
:10756C000E4800F086FC0346002BF9D10B4800F0C6
:10757C0047FD0346FB80B7F90630094A934208DB06
:10758C00B7F9063043F2D302934202DC054AFB887A
:10759C00138000BF0837BD4680BD00BFE007002048
:1075AC0085EAFFFF0E00002080B582B000AF02F02C
:1075BC005FFD78603C4B1B78002B0DD13B4B1B685F
:1075CC007A68D31A41F28732934205D9364B01229D
:1075DC001A70364A7B681360334B1B78052B5ED8C8
:1075EC0001A252F823F000BFA17600080D76000826
:1075FC002576000843760008537600089976000833
:10760C002B4800F050FC02F033FD0346294A13606E
:10761C00254B02221A7042E002F02AFD0246254B4D
:10762C001B68D31A224AB2F87820934234D31E4BEB
:10763C0003221A7030E000211D4800F0CCFC1A4BDC
:10764C0004221A702BE01A4800F013FC034683F056
:10765C000103DBB2002B21D0154800F0D1FC03460E
:10766C007B80B7F90230144A934208DBB7F9023039
:10767C0043F2D302934202DC104A7B8813800A4BFC
:10768C0000221A700E4B01221A7007E0064B0022E2
:10769C001A7004E000BF02E000BF00E000BF00BFB2
:1076AC000837BD4680BD00BF5C0800206408002080
:1076BC00E00700206008002085EAFFFF0E00002094
:1076CC006808002080B400AF00BFBD4680BC704786
:1076DC0080B582B000AF7860034800F0AFFE00BF09
:1076EC000837BD4680BD00BFE007002080B400AF66
:1076FC00094BB3F90030094A934208DB064BB3F946
:10770C00003043F2D302934201DC012300E000235A
:10771C001846BD4680BC70470E00002085EAFFFF6E
:10772C0080B500AFFFF7E2FF0346002B02D14FF00C
:10773C0000030BE0064BB3F900301846FBF7BAFD1B
:10774C00034604491846FBF709FE0346184680BD5C
:10775C000E0000200AD7233C80B582B000AF7860C1
:10776C00034800F06BFE00BF0837BD4680BD00BF6C
:10777C00E007002080B400AF024B1B781846BD46D2
:10778C0080BC70476808002080B400AF034B002217
:10779C001A7000BFBD4680BC704700BF680800204F
:1077AC0080B500AF02F082FA074800F04DF9074BA4
:1077BC0000221A7001220649034807F0D9FB00F099
:1077CC0009F800BF80BD00BFB80D00206C08002078
:1077DC006A08002080B500AF02F03EFA064800F0BF
:1077EC0033F9064B00221A7001220549024807F0B2
:1077FC00BFFB00BF80BD00BF700D00206B080020D8
:10780C006908002080B586B000AF78600B467B809D
:10781C007B88002B2FD07B88B3F58C7F2BD8EFF394
:10782C001083FB60FB687B6172B600BF154B1B7845
:10783C00FB74FB7C002B02D1124B01221A707B696A
:10784C00BB60BB6883F3108800BFFB7C002B14D19A
:10785C007B881A4679680C4808F08AFA7B881A46A5
:10786C0009490A4807F04FFB0346002B06D0054B8D
:10787C0000221A7002E000BF00E000BF1837BD46BE
:10788C0080BD00BF6B08002070080020700D002028
:10789C0080B586B000AF78600B467B807B88002B70
:1078AC0035D07B88B3F58C7F31D8EFF31083FB6038
:1078BC00FB687B6172B600BF184B1B78FB74FB7CBA
:1078CC00002B02D1154B01221A707B69BB60BB687F
:1078DC0083F3108800BFFB7C002B1AD17B881A46DF
:1078EC0079680F4808F044FA7B881A460C490D4811
:1078FC0007F064FB0346002B0CD07A880A23084956
:10790C00084807F075FA054B00221A7002E000BF18
:10791C0000E000BF1837BD4680BD00BF6C080020DA
:10792C0088090020B80D002080B584B000AF7860C5
:10793C007B681B68124A93420CD1124B1B78BB73A9
:10794C0001221049104807F013FBBB7B1846FDF7CA
:10795C0087FE10E07B681B680C4A93420BD10C4BE2
:10796C001B78FB7301220A490A4807F001FBFB7BD9
:10797C001846FDF791FE00BF1037BD4680BD00BF15
:10798C000038014069080020700D002000440040C0
:10799C006A080020B80D002080B483B000AF786076
:1079AC007B681B68094A934203D1094B00221A7069
:1079BC0007E07B681B68074A934202D1064B002202
:1079CC001A7000BF0C37BD4680BC704700380140B0
:1079DC006B080020004400406C08002080B582B089
:1079EC0000AF7860786800F02FF87B681B680E4A4F
:1079FC00934208D10D4B00221A7001220C490D48FC
:107A0C0007F0B6FA0CE07B681B680B4A934207D16F
:107A1C000A4B00221A70012209490A4807F0A8FAF9
:107A2C0000BF0837BD4680BD003801406B08002000
:107A3C0069080020700D0020004400406C080020F4
:107A4C006A080020B80D002080B485B000AF7860C3
:107A5C007B681B681B68FB607B681B685B68FB6052
:107A6C00FB6800BF1437BD4680BC704780B400AFC4
:107A7C00034B4FF000021A6000BFBD4680BC70473C
:107A8C00A00A002080B582B000AF02F0F1FA786055
:107A9C002EE000F007F903461846FBF707FC0346F7
:107AAC0036491846FBF70EFD034635491846FBF7D9
:107ABC0055FC034633491846FBF750FC03463B6024
:107ACC00314B1B6831491846FBF748FC03463968B3
:107ADC001846FBF73BFB03464FF081411846FBF77A
:107AEC00F1FC03461A46284B1A600A2002F0CAFA27
:107AFC0002F0BEFA02467B68D31AB3F5FA7FC8D3FC
:107B0C00214B1B6821491846FBF7E4FD0346002B6B
:107B1C0017D01D4B1B681E491846FBF7C7FD0346C3
:107B2C00002B0ED0002210211A4803F096FF1E20C5
:107B3C0002F0A8FA01224FF40041174803F08DFF20
:107B4C0017E0114B1B6812491846FBF7C3FD03469F
:107B5C00002B00D10DE0012210210E4803F07DFF17
:107B6C001E2002F08FFA00224FF400410A4803F065
:107B7C0074FF00BF0837BD4680BD00BF00F07F45D5
:107B8C00CDCC044133335340A00A002000004040C8
:107B9C003333F34000080140000C014080B400AFC7
:107BAC00024B1B681846BD4680BC7047A00A0020DB
:107BBC0080B584B000AF3B1D00221A605A609A60F9
:107BCC00184B194A1A60174B00229A60154B002269
:107BDC001A73144B00221A75124B4FF46022DA619F
:107BEC00104B00225A600F4B01221A610D4802F013
:107BFC006DFA0346002B01D000F0D9FB00237B600B
:107C0C000123BB600023FB603B1D1946054802F0B5
:107C1C00F5FC0346002B01D000F0C9FB00BF103768
:107C2C00BD4680BDA40A00200024014080B588B068
:107C3C0000AF786007F1100300221A605A609A6056
:107C4C00DA607B681B68144A934221D1134B9B6901
:107C5C00124A43F400739361104B9B6903F4007355
:107C6C00FB60FB680D4B9B690C4A43F0040393616A
:107C7C000A4B9B6903F00403BB60BB6801233B61A7
:107C8C0003237B6107F110031946054803F08EFCB2
:107C9C0000BF2037BD4680BD0024014000100240CB
:107CAC000008014080B500AF064802F0E7FA4FF03B
:107CBC00FF31044802F090FB024802F093FC0346AB
:107CCC00184680BDA40A002080B500AFFEF700FA6C
:107CDC00FFF75EFAFFF764FDFFF7EAFBFFF724FC02
:107CEC00FFF7C4FEFFF7CEFEFEF764FF0248FEF777
:107CFC00F7FA00BF80BD00BFD40A002080B500AFEA
:107D0C00FEF77AFA0A48FDF781FAFFF74DFCFFF708
:107D1C00EDFC0346002B06D0FFF702FD0346044999
:107D2C001846FEF765FF0248FEF7FEFA00BF80BD5D
:107D3C00D40A002080B500AF124B1B8801339AB2D5
:107D4C00104B1A80FFF7E4FAFFF7BCFC0E48FDF766
:107D5C00C7FA0C4B1B88B3F5FA7F0AD3094B0022E8
:107D6C001A804FF48041094803F08FFE0648FDF756
:107D7C00EDFA0548FDF7FEFA0348FDF725FB00BFB9
:107D8C0080BD00BFE40A0020D40A0020000C014092
:107D9C0080B582B000AF78607868FFF7C5FD00BF92
:107DAC000837BD4680BD80B582B000AF786078687A
:107DBC00FFF7F2FD00BF0837BD4680BD80B582B02D
:107DCC0000AF78607868FFF709FE00BF0837BD4642
:107DDC0080BD80B582B000AF78607868FFF71CF882
:107DEC0000BF0837BD4680BD80B582B000AF78605B
:107DFC007868FFF76DFC00BF0837BD4680BD0000FA
:107E0C0080B582B000AF104B5B690F4A43F00103A1
:107E1C0053610D4B5B6903F001037B607B680022AF
:107E2C0000210E2002F079FE0E2002F092FE0022BC
:107E3C000021112002F071FE112002F08AFE00BF19
:107E4C000837BD4680BD00BF0010024080B582B02F
:107E5C0000AF786039607B684FF44872A3F87820E3
:107E6C007B683968184600F0A8FA00BF0837BD4691
:107E7C0080BD80B582B000AF78607B68184601F099
:107E8C00E8F8034618460837BD4680BD80B582B079
:107E9C0000AF78607B68184601F0ECF80346184692
:107EAC000837BD4680BD80B584B002AF786002F063
:107EBC00DFF802467B685A6778680023009300233A
:107ECC000022442101F00BF9034618460837BD4641
:107EDC0080BD80B586B002AF786039607F23FB73BC
:107EEC003B689B780B2B14D00B2B1ADC092B02D084
:107EFC000A2B07D015E01F23FB737B686422A3F8C1
:107F0C00782016E03F23FB737B68C822A3F8782007
:107F1C000FE05F23FB737B684FF4C872A3F87820E3
:107F2C0007E07F23FB737B684FF44872A3F878203B
:107F3C0000BF3B6893F901307D2B02DD3B687D224D
:107F4C005A703B6893F9013013F1370F02DA3B6832
:107F5C00C9225A703B6893F900307D2B02DD3B68D7
:107F6C007D221A703B6893F9003013F1370F02DA57
:107F7C003B68C9221A703B6893F90130DBB23B7342
:107F8C003B6893F90030DBB27B73FB7BBB73786887
:107F9C0007F10C020023009303234E2101F09FF8FC
:107FAC00034618461037BD4680BD80B582B000AF81
:107FBC00786002F05DF802467B685B6FD31A7A68D2
:107FCC00B2F8782093422CBF01230023DBB2184671
:107FDC000837BD4680BD80B584B002AF78600B46D3
:107FEC00FB707868F9780923019300230093002330
:107FFC00BE2201F0DEF8034618460837BD4680BDA8
:10800C0080B588B000AF78604B4BBB610123FB752A
:10801C007B6807F10C010922184601F05EF9034652
:10802C00092B7FD107F10C030821184600F0DAFF69
:10803C0003461A463B7D9A4276D13B7B1AB27B7B38
:10804C001BB21B021BB213431BB2FB83B7F91E30CE
:10805C00002B04DAFB8B5B42FB83FF23FB753B7C21
:10806C005B11DBB203F00303DBB20933BB75BB7DE1
:10807C00093B032B4CD801A252F823F0998000083D
:10808C00B3800008D1800008FB800008FB8BDB0864
:10809C009BB21A46322302FB03F3BB617B680922B5
:1080AC0083F87A2037E0FB8B9B089BB21A46134669
:1080BC009B0013449A001344BB617B680A2283F82B
:1080CC007A2028E0FB8B5B089BB21A4613465B01B7
:1080DC009B1A9B001344194A82FB03129210DB1764
:1080EC00D31ABB617B680B2283F87A2013E0FB8BDD
:1080FC0040F2712202FB03F3114A82FB031252116C
:10810C00DB17D31ABB617B680C2283F87A2002E060
:10811C000123FB7500BF97F91720BB6902FB03F322
:10812C00BB6102E000BF00E000BFBB691BB2184698
:10813C002037BD4680BD00BFF0D8FFFF676666667E
:10814C001F85EB5180B58AB000AF07F114030022F4
:10815C001A605A609A60DA60504B9B694F4A43F040
:10816C00100393614D4B9B6903F010033B613B691A
:10817C004A4B9B69494A43F020039361474B9B69E7
:10818C0003F02003FB60FB68444B9B69434A43F0BC
:10819C0004039361414B9B6903F00403BB60BB6810
:1081AC003E4B9B693D4A43F0080393613B4B9B69F3
:1081BC0003F008037B607B6800221021384803F031
:1081CC004CFC00224FF47441364803F046FC4FF44B
:1081DC0060437B610023BB610123FB6107F1140346
:1081EC001946314803F0E2F901237B610023BB619E
:1081FC000123FB6107F1140319462C4803F0D6F94F
:10820C0010237B610123BB610023FB6102233B62D2
:10821C0007F114031946224803F0C8F94FF48063A0
:10822C007B611123BB610023FB6102233B6207F1DD
:10823C00140319461B4803F0B9F94FF4E0437B6172
:10824C000123BB610023FB6102233B6207F1140392
:10825C001946144803F0AAF94FF400437B6101233B
:10826C00BB610223FB6102233B6207F11403194635
:10827C000C4803F09BF90E4B5B687B627B6A43F006
:10828C00E0637B627B6A43F400437B62084A7B6A4F
:10829C00536000BF2837BD4680BD00BF00100240B0
:1082AC0000080140000C0140001001400014014086
:1082BC000000014080B500AF62B600BF01F080FE47
:1082CC0000F019F8FFF73EFFFFF79AFD01F032F9C5
:1082DC0001F09AFA01F0EAFC01F0BEFC01F0A2FBFD
:1082EC0001F054FBFFF764FC01F0B6F8FFF7ECFC6F
:1082FC00FFF704FDFCE780B594B000AF07F128034D
:10830C0028220021184607F007FD07F1140300226C
:10831C001A605A609A60DA601A613B1D00221A607A
:10832C005A609A60DA600A23BB620123BB63102394
:10833C00FB6301233B6402237B640023BB644FF487
:10834C006013FB6407F12803184603F0C3FB0346D4
:10835C00002B01D000F02BF80F237B610223BB61B3
:10836C000023FB614FF480633B6200237B6207F1C7
:10837C0014030221184603F02FFE0346002B01D0F4
:10838C0000F015F803237B604FF40073BB604FF4CF
:10839C004043FB603B1D184603F0ACFF0346002B2B
:1083AC0001D000F004F800BF5037BD4680BD80B44A
:1083BC0000AF72B600BF00BFFDE780B584B000AF60
:1083CC00786039603B689B8A1A467B68DA603B6848
:1083DC009B8A1A047B681A613B689B8A1A467B68E5
:1083EC005A613B681A697B689A603B681A687B68BB
:1083FC001A603B689A687B685A603B681A7B7B689A
:10840C0083F83C207B6818683B685B681A460E2131
:10841C0005F0C0FD7B68FB600123FB72FB7A002B2F
:10842C0002D0FB68DB6801E0FB681B69FA689268A4
:10843C00136100BF00BF1037BD4680BD80B5AAB028
:10844C0000AF78607B6893F83A30012B04D0022B94
:10845C0000F0618200F0BDBD7B68C7F8A430D7F88E
:10846C00A43093F83230072B00F2508201A252F85C
:10847C0023F000BFA1840008FF8400085985000880
:10848C00C38500087186000895870008E7870008F7
:10849C0039880008D7F8A4301B681B6840F2F31227
:1084AC00DA62D7F8A4301B6840F2F312DA60D7F81E
:1084BC00A430C7F8A030002387F89F3097F89F307E
:1084CC00002B03D0D7F8A030DB6802E0D7F8A0303F
:1084DC001B69D7F8A0209268136100BFD7F8A430AD
:1084EC0093F832300133DAB2D7F8A43083F8322063
:1084FC000FE2D7F8A4301B681B686322DA62D7F846
:10850C00A4301B686322DA60D7F8A430C7F898301F
:10851C00012387F8973097F89730002B03D0D7F8C2
:10852C009830DB6802E0D7F898301B69D7F89820B0
:10853C009268136100BFD7F8A43093F8323001333E
:10854C00DAB2D7F8A43083F83220E2E1D7F8A430BD
:10855C00C7F89030D7F890309B689A68D7F890306D
:10856C005B691340002B14BF01230023DBB2002BEB
:10857C0009D0D7F8A430032283F83B20D7F8A40005
:10858C0000F03EFFC5E1D7F8A4301B681B6840F231
:10859C00F312DA62D7F8A4301B6840F2F312DA60F7
:1085AC00D7F8A43093F832300133DAB2D7F8A430CC
:1085BC0083F83220ADE1D7F8A4309B8E1A46D7F859
:1085CC00A43013441B7E1A46D7F8A43093F83330EA
:1085DC0042FA03F303F00103002B01D0092200E05F
:1085EC004522D7F8A4301B681B68DA62D7F8A43090
:1085FC009B8E1A46D7F8A43013441B7E1A46D7F824
:10860C00A43093F8333042FA03F303F00103002B48
:10861C0001D0092200E04522D7F8A4301B68DA60AB
:10862C00D7F8A430C7F88C30002387F88B3097F834
:10863C008B30002B03D0D7F88C30DB6802E0D7F8F6
:10864C008C301B69D7F88C209268136100BFD7F867
:10865C00A43093F832300133DAB2D7F8A43083F86F
:10866C00322056E1D7F8A4309B8E1A46D7F8A430A6
:10867C0013441B7E1A46D7F8A43093F8333042FAD1
:10868C0003F303F00103002B01D0452200E0092283
:10869C00D7F8A4301B681B68DA62D7F8A4309B8E1D
:1086AC001A46D7F8A43013441B7E1A46D7F8A430C8
:1086BC0093F8333042FA03F303F00103002B01D09B
:1086CC00452200E00922D7F8A4301B68DA60D7F8FD
:1086DC00A430C7F88430012387F8833097F88330AF
:1086EC00002B03D0D7F88430DB6802E0D7F8843055
:1086FC001B69D7F884209268136100BFD7F8A430A7
:10870C0093F833300133DAB2D7F8A43083F833203E
:10871C00D7F8A43093F83330082B2FD1D7F8A430E6
:10872C00002283F83320D7F8A4309B8E01339AB201
:10873C00D7F8A4309A86D7F8A4309A8ED7F8A430FC
:10874C00DB8E9A4214D1D7F8A4301B8F002B09D0A2
:10875C00D7F8A430052283F83220D7F8A4300022B1
:10876C009A86D6E0D7F8A430032283F83A20D0E0DA
:10877C00D7F8A430032283F83220CAE0D7F8A4300B
:10878C00032283F83220C4E0D7F8A4301B681B689E
:10879C000922DA62D7F8A4301B680922DA60D7F80C
:1087AC00A430FB67002387F87B3097F87B30002BD5
:1087BC0002D0FB6FDB6801E0FB6F1B69FA6F9268FC
:1087CC00136100BFD7F8A43093F832300133DAB21A
:1087DC00D7F8A43083F832209BE0D7F8A4301B687C
:1087EC001B680922DA62D7F8A4301B680922DA6008
:1087FC00D7F8A4307B67012387F8733097F8733070
:10880C00002B02D07B6FDB6801E07B6F1B697A6FFA
:10881C009268136100BFD7F8A43093F8323001335B
:10882C00DAB2D7F8A43083F8322072E0D7F8A4304B
:10883C001B681B683B22DA62D7F8A4301B683B220A
:10884C00DA60D7F8A430FB66FB6E9B689A68FB6E07
:10885C005B691340002B14BF01230023DBB2002BF8
:10886C0024D0D7F8A430DB8E1A46D7F8A4309B8ED0
:10887C001344D7F8A42013441B7E5AB2D7F8A43063
:10888C0093F83330194601238B405BB213435AB231
:10889C00D7F8A430DB8E1946D7F8A4309B8E0B4446
:1088AC00D1B2D7F8A42013440A461A76D7F8A430CC
:1088BC00052283F83220D7F8A43093F833300133F3
:1088CC00DAB2D7F8A43083F83320D7F8A43093F871
:1088DC003330082B1CD1D7F8A430002283F8332076
:1088EC00D7F8A4309B8E01339AB2D7F8A4309A866D
:1088FC00D7F8A4309A8ED7F8A4301B8F9A4207D1A0
:10890C00D7F8A430032283F83A2001E000BF00E03E
:10891C0000BF00BF61E37B68BB66BB6E93F832306F
:10892C000C2B00F2518301A252F823F06D89000840
:10893C00B9890008018A0008578A0008CB8A000808
:10894C00638B0008AB8B0008F38B0008478C000886
:10895C008F8C0008D78C0008C98D0008638E000826
:10896C00BB6E1B681B6840F2F312DA62BB6E1B68AD
:10897C0040F2F312DA60BB6E7B66002387F863303B
:10898C0097F86330002B02D07B6EDB6801E07B6EC6
:10899C001B697A6E9268136100BFBB6E93F832301C
:1089AC000133DAB2BB6E83F8322010E3BB6E1B6866
:1089BC001B686322DA62BB6E1B686322DA60BB6ED3
:1089CC00FB65012387F85B3097F85B30002B02D0F6
:1089DC00FB6DDB6801E0FB6D1B69FA6D926813613E
:1089EC0000BFBB6E93F832300133DAB2BB6E83F842
:1089FC003220ECE2BB6E7B657B6D9B689A687B6D6D
:108A0C005B691340002B14BF01230023DBB2002B46
:108A1C0007D0BB6E032283F83B20B86E00F0F0FC4D
:108A2C00D5E2BB6E1B681B6840F2F312DA62BB6EB8
:108A3C001B6840F2F312DA60BB6E93F832300133EC
:108A4C00DAB2BB6E83F83220C1E2BB6E1B7E1A46D3
:108A5C00BB6E93F8333042FA03F303F00103002B9F
:108A6C0009D0BB6E1B681B680922DA62BB6E1B68DF
:108A7C000922DA6008E0BB6E1B681B684522DA62CB
:108A8C00BB6E1B684522DA60BB6E3B65002387F822
:108A9C004F3097F84F30002B02D03B6DDB6801E074
:108AAC003B6D1B693A6D9268136100BFBB6E93F806
:108ABC0032300133DAB2BB6E83F8322087E2BB6E00
:108ACC001B7E1A46BB6E93F8333042FA03F303F065
:108ADC000103002B09D0BB6E1B681B684522DA62B0
:108AEC00BB6E1B684522DA6008E0BB6E1B681B6816
:108AFC000922DA62BB6E1B680922DA60BB6EBB64AA
:108B0C00012387F8473097F84730002B02D0BB6C15
:108B1C00DB6801E0BB6C1B69BA6C9268136100BF27
:108B2C00BB6E93F833300133DAB2BB6E83F833206B
:108B3C00BB6E93F83330082B08D1BB6E002283F840
:108B4C003320BB6E052283F8322040E2BB6E032239
:108B5C0083F832203BE2BB6E1B681B680922DA6289
:108B6C00BB6E1B680922DA60BB6E3B64002387F87E
:108B7C003F3097F83F30002B02D03B6CDB6801E0B4
:108B8C003B6C1B693A6C9268136100BFBB6E93F827
:108B9C0032300133DAB2BB6E83F8322017E2BB6E8F
:108BAC001B681B680922DA62BB6E1B680922DA603B
:108BBC00BB6EBB63012387F8373097F83730002B37
:108BCC0002D0BB6BDB6801E0BB6B1B69BA6B9268B4
:108BDC00136100BFBB6E93F832300133DAB2BB6E57
:108BEC0083F83220F3E1BB6E1B681B683B22DA6210
:108BFC00BB6E1B683B22DA60BB6E3B633B6B9B68B6
:108C0C009A683B6B5B691340002B14BF0123002354
:108C1C00DBB2002B04D0BB6E102283F8662003E07D
:108C2C00BB6E002283F86620BB6E93F832300133A2
:108C3C00DAB2BB6E83F83220C9E1BB6E1B681B68CD
:108C4C000922DA62BB6E1B680922DA60BB6EFB621A
:108C5C00002387F82B3097F82B30002B02D0FB6ABF
:108C6C00DB6801E0FB6A1B69FA6A9268136100BF5A
:108C7C00BB6E93F832300133DAB2BB6E83F832201C
:108C8C00A5E1BB6E1B681B680922DA62BB6E1B6810
:108C9C000922DA60BB6E7B62012387F8233097F8D8
:108CAC002330002B02D07B6ADB6801E07B6A1B69F6
:108CBC007A6A9268136100BFBB6E93F8323001334D
:108CCC00DAB2BB6E83F8322081E1BB6E1B681B6885
:108CDC003B22DA62BB6E1B683B22DA60BB6EFB6127
:108CEC00FB699B689A68FB695B691340002B14BF96
:108CFC0001230023DBB2002B08D0BB6E93F8663047
:108D0C0043F00103DAB2BB6E83F86620BB6E93F8B6
:108D1C0032300133DAB2BB6E83F83220BB6E93F87B
:108D2C0033300133FB76BB6E93F86630002B37D1B2
:108D3C000023BB76BB6E93F86730FA7E9A4216D24C
:108D4C00BB6E93F83330DB08DBB21A46BB6E1344B0
:108D5C0093F86A301A46BB6E93F8333003F007036E
:108D6C0042FA03F3DBB203F00103BB760EE0BB6EF9
:108D7C0093F86730FA7E9A4202D10123BB7605E064
:108D8C000023BB76BB6EFA7E83F86820BB7E002B7B
:108D9C0001D0102200E00122BB6E83F8662015E1A1
:108DAC00BB6E93F86630112B40F01081BB6E052220
:108DBC0083F83B20B86E00F023FB07E1BB6E93F801
:108DCC006630102B25D1BB6E1B681B680922DA623A
:108DDC00BB6E1B680922DA60BB6E93F83330DB087C
:108DEC00D8B20246BB6E134493F86A305AB2BB6ECB
:108DFC0093F8333003F00703012101FA03F35BB25C
:108E0C0013435BB20146DAB2BB6E0B4483F86A20A3
:108E1C0008E0BB6E1B681B684522DA62BB6E1B68E0
:108E2C004522DA60BB6E7B610023FB74FB7C002B5C
:108E3C0002D07B69DB6801E07B691B697A69926807
:108E4C00136100BFBB6E93F832300133DAB2BB6EE4
:108E5C0083F83220BBE0BB6E93F86630102B09D13F
:108E6C00BB6E1B681B684522DA62BB6E1B68452211
:108E7C00DA6008E0BB6E1B681B680922DA62BB6E05
:108E8C001B680922DA60BB6EFB600123FB72FB7A64
:108E9C00002B02D0FB68DB6801E0FB681B69FA68F9
:108EAC009268136100BFBB6E93F833300133DAB2B2
:108EBC00BB6E83F83320BB6E93F83330402B7ED1DE
:108ECC00BB6E002283F83320BB6E002283F8322065
:108EDC00BB6E6A330721184600F084F803461A4625
:108EEC00BB6E93F871309A4239D1BB6E93F83C301B
:108EFC00002B16D1BB6E93F865300733DB00BA6ECE
:108F0C001344581DBB6E6A330822194606F030FF15
:108F1C00BB6E93F865300133DAB2BB6E83F8652013
:108F2C001DE0BB6E93F83C20BB6E93F86A309A42FE
:108F3C0015D1BB6E93F865300733DB00BA6E134462
:108F4C00581DBB6E6A330822194606F011FFBB6E22
:108F5C0093F865300133DAB2BB6E83F86520BB6ED3
:108F6C006A3308220021184606F0D6FEBB6E93F831
:108F7C006820BB6E83F86720BB6E002283F86820E4
:108F8C00BB6E93F86730002B04D0BB6E93F8653042
:108F9C00052B08D1BB6E012283F86920BB6E03221E
:108FAC0083F83A2013E0BB6EF0221A76BB6E0022D7
:108FBC0083F83320BB6E002283F8322007E0BB6EAF
:108FCC00052283F8322002E000BF00E000BF00BFA2
:108FDC0003E0786800F014FA00BF00BFA837BD4664
:108FEC0080BD00BF80B485B000AF78600B467B803D
:108FFC000023FB7322E07B685A1C7A601B78BB73DE
:10900C0008237B7317E0FA7BBB7B5340DBB203F086
:10901C0001033B73FB7B5B08FB733B7B002B04D096
:10902C00FB7B83F07303DB43FB73BB7B5B08BB7382
:10903C007B7B013B7B737B7B002BE4D17B885A1EB3
:10904C007A80002BD7D1FB7B18461437BD4680BCE9
:10905C00704780B483B000AF78607B6893F83A3087
:10906C00002B14BF01230023DBB218460C37BD467E
:10907C0080BC704780B582B000AF7860786800F033
:10908C006BF903461A467B6883F83B207B6893F8A0
:10909C003B30002B03D0786800F0B2F918E07B6805
:1090AC00022283F83A207B68F0221A767B68002231
:1090BC0083F865207B6866330C220021184606F085
:1090CC002BFE7B683D3328220021184606F024FE37
:1090DC007B6893F83B3018460837BD4680BD80B599
:1090EC0086B000AFF8607A601A460B46FB721346E6
:1090FC003B817B68002B0AD13B89002B07D0FB6896
:10910C00042283F83B20F86800F07AF94AE03A89A7
:10911C003B8C1344102B07DDFB68042283F83B20A7
:10912C00F86800F06DF93DE0F86800F015F90346B9
:10913C001A46FB6883F83B20FB6893F83B30002B06
:10914C0003D0F86800F05CF92CE0FB68012283F88E
:10915C003A20FB68CC221A76FB68FA7A5A767B683E
:10916C00002B19D00023FB820CE0FB8A7A681A448E
:10917C00FB8A02331178FA6813440A461A76FB8A82
:10918C000133FB82FA8A3B899A42EED33B89023344
:10919C009AB2FB68DA8602E0FB680222DA86FB6888
:1091AC003A8C1A87FB6893F83B3018461837BD4643
:1091BC0080BD80B586B000AFF8607B600B46FB725B
:1091CC001346BB727B68002B0AD13B8C002B07D05B
:1091DC00FB68042283F83B20F86800F011F975E075
:1091EC003A8CBB8C1344102B07DDFB68042283F8EC
:1091FC003B20F86800F004F968E0FB6893F86530F0
:10920C00002B05D0FB6893F86530FA7A9A4207D3A5
:10921C00FB68052283F83B20F86800F0F1F855E074
:10922C00F86800F099F803461A46FB6883F83B206F
:10923C00FB6893F83B30002B03D0F86800F0E0F8A3
:10924C0044E0FB68012283F83A20FB6855221A7629
:10925C000023FB7510E0F97AFA7DFB7D0133F86889
:10926C00C90001440A443D321178FA6813440A4695
:10927C001A76FB7D0133FB75FB7D072BEBD9FB6865
:10928C00BA7A83F821207B68002B19D00023BB828B
:10929C000CE0BB8A7A681A44BB8A0A331178FA68E4
:1092AC0013440A461A76BB8A0133BB82BA8A3B8CBA
:1092BC009A42EED33B8C0A339AB2FB68DA8602E010
:1092CC00FB680A22DA86FB68BA8C1A87FB6893F86B
:1092DC003B3018461837BD4680BD80B487B000AF10
:1092EC00F860B9601346FB80FB681B8FFB82FA8821
:1092FC00FB8A9A4201D2FB88FB82FB68DB8E1A4602
:10930C00FB8A13441A2B0BD9FB68DB8E192B05D85F
:10931C00FB68DB8EC3F11A03FB8201E0002316E02D
:10932C000023BB820EE0FB68DB8E1A46BB8A1A4414
:10933C00BB8AB9680B44F9680A44127E1A70BB8A5E
:10934C000133BB82BA8AFB8A9A42ECD3FB8A184659
:10935C001C37BD4680BC704780B586B000AF7860C6
:10936C000023FB757B6893F83A30002B02D0012365
:10937C00FB7540E07B68FB600123FB72FB7A002BE2
:10938C0002D0FB68DB6801E0FB681B69FA68926835
:10939C00136100BF7B683B613B699B689A683B69C2
:1093AC005B691340002B14BF01230023DBB2002B9D
:1093BC0002D10223FB751EE07B681B681B68002230
:1093CC001A617B68183322220021184606F0A4FC8F
:1093DC007B681B681B6800225A627B681B681B68D1
:1093EC006322DA627B681B686322DA607B681B6825
:1093FC00184603F0ADFDFB7D18461837BD4680BD01
:10940C0080B584B000AF78607B681B68184603F0A9
:10941C00F1FD7B68FB600123FB72FB7A002B02D011
:10942C00FB68DB6801E0FB681B69FA6892681361F2
:10943C0000BF7B68002283F83A207B685B68002BB6
:10944C0006D07B685B687A6892F83B201046984798
:10945C0000BF1037BD4680BD80B582B000AF3B1D4C
:10946C0000210A461A800A469A7000233B601D4B65
:10947C001D4A1A601B4B4FF0FF325A60194B0022E9
:10948C009A60184803F0A2F80346002B01D0FEF7AF
:10949C008EFF00233B7100237B710023BB713B1DAE
:1094AC00012219460F4803F01DF90346002B01D089
:1094BC00FEF77DFF01233B7001237B700123BB7002
:1094CC000023FB703B4601221946064803F0A2F923
:1094DC000346002B01D0FEF76AFF00BF0837BD46DC
:1094EC0080BD00BFE80A00200028004080B584B091
:1094FC0000AF78607B681B680B4A934210D102F076
:10950C00DDFA0A4BDB69094A43F00063D361074B70
:10951C00DB6903F00063FB60FB68054B01221A60FA
:10952C0000BF1037BD4680BD00280040001002402F
:10953C003C04424280B500AF154B164A1A60144BDE
:10954C0000225A60124B00229A60114B0022DA6002
:10955C000F4B00221A610E4B00225A610C4B4FF438
:10956C0000729A610A4B00221A62094B00225A625D
:10957C00074B00229A62064B0A22DA62044803F077
:10958C00A9FB0346002B01D0FEF711FF00BF80BDE5
:10959C00FC0A00200030014080B58AB000AF786032
:1095AC0007F1140300221A605A609A60DA607B6833
:1095BC001B68224A93423DD1214B9B69204A43F4BC
:1095CC00805393611E4B9B6903F480533B613B6951
:1095DC001B4B9B691A4A43F008039361184B9B6918
:1095EC0003F00803FB60FB6828237B610023BB614D
:1095FC000023FB6107F114031946124801F0D6FF52
:10960C0010237B610223BB6103233B6207F114032C
:10961C0019460C4801F0CAFF0B4B5B687B627B6AF6
:10962C0043F0E0637B627B6A43F001037B62064A92
:10963C007B6A536000BF2837BD4680BD00300140B7
:10964C0000100240000C01400000014080B485B0C5
:10965C0000AF154B9B69144A43F001039361124B05
:10966C009B6903F00103BB60BB680F4BDB690E4ABF
:10967C0043F08053D3610C4BDB6903F080537B6068
:10968C007B680A4B5B68FB60FB6823F0E063FB6064
:10969C00FB6843F00073FB60044AFB68536000BF37
:1096AC001437BD4680BC70470010024000000140DA
:1096BC0080B400AFBFF34F8F00BF064BDB6803F4E1
:1096CC00E0620449044B1343CB60BFF34F8F00BFE0
:1096DC0000BFFDE700ED00E00400FA0580B400AF28
:1096EC0000BFFDE780B582B000AF00237B6011E0C6
:1096FC004FF400510A4802F0C8F900233B6002E025
:10970C003B6801333B603B68064A9342F8DD7B685B
:10971C0001337B607B68132BEADDFFF7C9FF00BFC9
:10972C00000C01403F0D030080B400AF00BFFDE70B
:10973C0080B400AF00BFFDE780B400AF00BFFDE711
:10974C0080B400AF00BFBD4680BC704780B400AF92
:10975C0000BFBD4680BC704780B400AF00BFBD46A3
:10976C0080BC704780B500AF00F070FC01F019FAB6
:10977C0000BF80BD80B500AF024801F0E3FB00BF25
:10978C0080BD00BF000E002080B500AF024801F084
:10979C00D9FB00BF80BD00BF440E002080B500AFD8
:1097AC00024803F0F3FF00BF80BD00BF080C00208F
:1097BC0080B500AF024803F0E9FF00BF80BD00BFD9
:1097CC00BC0C002080B500AF024805F067FC00BF60
:1097DC0080BD00BF700D002080B500AF024805F0C1
:1097EC005DFC00BF80BD00BFB80D002080B400AF91
:1097FC00034B044A9A6000BFBD4680BC704700BF53
:10980C0000ED00E00030000880B596B000AF07F125
:10981C00480300221A605A609A60DA6007F140032C
:10982C0000221A605A6007F1240300221A605A6061
:10983C009A60DA601A615A619A613B1D20220021FC
:10984C00184606F069FA4F4B4F4A1A604D4B3F22AF
:10985C005A604C4B00229A604A4B44F61F62DA6005
:10986C00484B00221A61474B00225A61454B00229B
:10987C009A61444803F0B2FA0346002B01D0FEF77C
:10988C0096FD4FF48053BB6407F1480319463D48DD
:10989C0004F0EAF90346002B01D0FEF788FD3948A5
:1098AC0003F0D6FB0346002B01D0FEF780FD00230E
:1098BC003B6400237B6407F140031946314805F0F3
:1098CC004BF90346002B01D0FEF771FD60237B6240
:1098DC000023BB620023FB6200233B6300237B63FA
:1098EC000023BB630023FB6307F12403002219460A
:1098FC00244804F0F7F80346002B01D0FEF757FD7F
:10990C0044F61F63BB620223FB6207F124030422AB
:10991C0019461C4804F0E6F80346002B01D0FEF76C
:10992C0046FD0023BB620023FB6207F124030822DF
:10993C001946144804F0D6F80346002B01D0FEF764
:10994C0036FD00237B600023BB600023FB600023FB
:10995C003B6100237B614FF40053BB6100233B62EE
:10996C003B1D1946074805F055F90346002B01D05D
:10997C00FEF71DFD034800F0F7F800BF5837BD4651
:10998C0080BD00BF540B0020002C014080B586B078
:10999C0000AF07F1080300221A605A609A60DA607F
:1099AC003B4600221A605A601D4B4FF080421A60F1
:1099BC001B4B3F225A601A4B00229A60184B4FF6F1
:1099CC00FF72DA60164B00221A61154B00229A6165
:1099DC00134803F003FA0346002B01D0FEF7E7FC13
:1099EC004FF48053BB6007F1080319460C4804F090
:1099FC003BF90346002B01D0FEF7D9FC00233B605A
:109A0C0000237B603B461946054805F0A5F8034644
:109A1C00002B01D0FEF7CBFC00BF1837BD4680BD34
:109A2C00080C002080B586B000AF07F108030022B7
:109A3C001A605A609A60DA603B4600221A605A60DB
:109A4C001D4B1E4A1A601C4B00225A601A4B0022F6
:109A5C009A60194B4FF6FF72DA60174B00221A61AD
:109A6C00154B00229A61144803F0B8F90346002BF9
:109A7C0001D0FEF79CFC4FF48053BB6007F1080348
:109A8C0019460D4804F0F0F80346002B01D0FEF700
:109A9C008EFC00233B6000237B603B461946064846
:109AAC0005F05AF80346002B01D0FEF780FC00BFEE
:109ABC001837BD4680BD00BFBC0C0020000800401C
:109ACC0080B586B000AF78607B681B68234A9342F0
:109ADC000CD1234B9B69224A43F400639361204BC6
:109AEC009B6903F400637B617B6932E07B681B68D4
:109AFC00B3F1804F14D11A4BDB69194A43F00103BF
:109B0C00D361174BDB6903F001033B613B69002216
:109B1C0000211C2001F001F81C2001F01AF818E0BB
:109B2C007B681B680F4A934213D10D4BDB690C4ABF
:109B3C0043F00403D3610A4BDB6903F00403FB60BD
:109B4C00FB68002200211E2000F0E7FF1E2001F020
:109B5C0000F800BF1837BD4680BD00BF002C014087
:109B6C00001002400008004080B588B000AF78605B
:109B7C0007F1100300221A605A609A60DA607B6861
:109B8C001B68164A934225D1154B9B69144A43F026
:109B9C0004039361124B9B6903F00403FB60FB68A5
:109BAC004FF4A0633B6102237B610223FB6107F14D
:109BBC00100319460B4801F0F9FC4FF400733B619C
:109BCC0012237B610223FB6107F110031946054840
:109BDC0001F0ECFC00BF2037BD4680BD002C0140DD
:109BEC00001002400008014080B582B000AF7860E0
:109BFC007B681B68154A934206D1154B9B69144A26
:109C0C0023F4006393611CE07B681B68B3F1804F05
:109C1C0009D10F4BDB690E4A23F00103D3611C20E1
:109C2C0000F0A5FF0DE07B681B680A4A934208D13F
:109C3C00074BDB69064A23F00403D3611E2000F0B6
:109C4C0096FF00BF0837BD4680BD00BF002C014009
:109C5C00001002400008004080B500AF114B124AC2
:109C6C001A60104B4FF461425A600E4B00229A60FE
:109C7C000C4B0022DA600B4B00221A61094B0C22B0
:109C8C005A61084B00229A61064B0022DA610548A2
:109C9C0005F02CF80346002B01D0FEF788FB00BF23
:109CAC0080BD00BF700D00200038014080B500AFB2
:109CBC00114B124A1A60104B4FF461425A600E4B12
:109CCC0000229A600C4B0022DA600B4B00221A61C6
:109CDC00094B0C225A61084B00229A61064B002258
:109CEC00DA61054805F002F80346002B01D0FEF7B7
:109CFC005EFB00BF80BD00BFB80D002000440040DB
:109D0C0080B58CB000AF786007F11C0300221A609C
:109D1C005A609A60DA607B681B686B4A93426CD11C
:109D2C006A4B9B69694A43F480439361674B9B6917
:109D3C0003F48043BB61BB69644B9B69634A43F08A
:109D4C0008039361614B9B6903F008037B617B699A
:109D5C004023FB6102233B620323BB6207F11C031C
:109D6C0019465B4801F022FC8023FB6100233B6217
:109D7C0000237B6207F11C031946554801F016FCC1
:109D8C00544B5B68FB62FB6A43F0E063FB62FB6A6B
:109D9C0043F00403FB624F4AFB6A53604E4B4F4A3D
:109DAC001A604D4B10225A604B4B00229A604A4B62
:109DBC008022DA60484B00221A61474B00225A611C
:109DCC00454B00229A61444B0022DA61424800F074
:109DDC00EFFE0346002B01D0FEF7E9FA7B683E4A02
:109DEC009A633D4A7B68536200220021252000F0D3
:109DFC0094FE252000F0ADFE62E07B681B68384ABB
:109E0C0093425DD1314BDB69304A43F40033D3616B
:109E1C002E4BDB6903F400333B613B692B4B9B6995
:109E2C002A4A43F004039361284B9B6903F0040313
:109E3C00FB60FB680423FB6102233B620323BB62D0
:109E4C0007F11C031946274801F0B0FB0823FB61FE
:109E5C0000233B6200237B6207F11C031946214857
:109E6C0001F0A4FB204B214A1A601F4B10225A60B0
:109E7C001D4B00229A601C4B8022DA601A4B002288
:109E8C001A61194B00225A61174B00229A61164B2A
:109E9C000022DA61144800F08BFE0346002B01D03F
:109EAC00FEF785FA7B68104A9A630F4A7B68536207
:109EBC0000220021262000F030FE262000F049FE72
:109ECC0000BF3037BD4680BD003801400010024055
:109EDC00000C014000000140000E00204400024034
:109EEC000044004000080140440E00208000024065
:109EFC0080B582B000AF78607B681B68184A9342CB
:109F0C0012D1184B9B69174A23F480439361C021EB
:109F1C00154801F0CFFC7B689B6B184600F0A2FE45
:109F2C00252000F024FE16E07B681B680F4A934244
:109F3C0011D10C4BDB690B4A23F40033D3610C2198
:109F4C000B4801F0B7FC7B689B6B184600F08AFE4F
:109F5C00262000F00CFE00BF0837BD4680BD00BFB8
:109F6C000038014000100240000C01400044004049
:109F7C0000080140FFF73AFC0B480C490C4A00233F
:109F8C0002E0D458C4500433C4188C42F9D3094AA3
:109F9C00094C002301E013600432A242FBD305F00C
:109FAC00C3FEFEF787F97047000000201C0000205C
:109FBC0068FF000820000020B00E0020FEE7000023
:109FCC0080B500AF084B1B68074A43F010031360C1
:109FDC00032000F097FD0F2000F008F8FFF736FB88
:109FEC000023184680BD00BF0020024080B582B01F
:109FFC0000AF7860124B1A68124B1B7819464FF45D
:10A00C007A73B3FBF1F3B2FBF3F3184600F0BDFD2A
:10A01C000346002B01D001230EE07B680F2B0AD8DE
:10A02C00002279684FF0FF3000F077FD064A7B681C
:10A03C001360002300E0012318460837BD4680BD9D
:10A04C0010000020180000201400002080B400AF85
:10A05C00054B1B781A46054B1B681344034A1360C7
:10A06C0000BFBD4680BC704718000020880E002041
:10A07C0080B400AF024B1B681846BD4680BC7047CD
:10A08C00880E002080B584B000AF7860FFF7F0FF39
:10A09C00B8607B68FB60FB68B3F1FF3F05D00A4BEF
:10A0AC001B781A46FB681344FB6000BFFFF7E0FF08
:10A0BC000246BB68D31AFA689A42F7D800BF00BFB1
:10A0CC001037BD4680BD00BF1800002080B586B09B
:10A0DC0000AF78600023FB7500233B610023BB605D
:10A0EC000023FB607B68002B01D10123BEE07B6861
:10A0FC009B68002B7B689B6A002B09D17B68002234
:10A10C00DA627B68002283F824207868FDF78EFDE4
:10A11C00786800F0C5FB0346FB757B689B6A03F00F
:10A12C001003002B40F09980FB7D002B40F09580B4
:10A13C007B689B6A23F4885323F0020343F00202EA
:10A14C007B689A627B685A687B68DB691A437B6818
:10A15C001B7B5B001343BA681343BB607B689B6833
:10A16C00B3F5807F03D07B689B68012B02D14FF441
:10A17C00807300E000233A6913433B617B681B7DCD
:10A18C00012B19D17B681B7B002B09D17B689B6948
:10A19C00013B5A033B69134343F400633B610BE0FF
:10A1AC007B689B6A43F020027B689A627B68DB6A5F
:10A1BC0043F001027B68DA627B681B685B6823F4FE
:10A1CC0069417B681B683A690A435A607B681B6863
:10A1DC009A68284B13407A681268B9680B439360ED
:10A1EC007B689B68B3F5807F03D07B689B68012BF1
:10A1FC0004D17B681B69013B1B05FB607B681B68FA
:10A20C00DB6A23F470017B681B68FA680A43DA6224
:10A21C007B681B689A68184B1340BA689A420BD13A
:10A22C007B680022DA627B689B6A23F0030343F0AD
:10A23C0001027B689A6218E07B689B6A23F0120328
:10A24C0043F010027B689A627B68DB6A43F0010280
:10A25C007B68DA620123FB7507E07B689B6A43F03D
:10A26C0010027B689A620123FB75FB7D1846183738
:10A27C00BD4680BDFDF7E1FFFE0E1FFF80B584B02B
:10A28C0000AF78600023FB737B6893F82430012BBC
:10A29C0001D1022398E07B68012283F8242078689E
:10A2AC0000F0A4FA0346FB73FB7B002B40F0878085
:10A2BC007B689B6A23F4407323F0010343F48072A0
:10A2CC007B689A627B681B68414A934205D1414B7B
:10A2DC005B6803F47023002B15D17B689B6A23F415
:10A2EC0080127B689A627B681B685B6803F48063EE
:10A2FC00002B26D07B689B6A23F4405343F4805296
:10A30C007B689A621DE07B689B6A43F480127B68D1
:10A31C009A627B681B682F4A934204D07B681B6847
:10A32C002B4A93420DD12B4B5B6803F48063002BBB
:10A33C0007D07B689B6A23F4405343F480527B68BC
:10A34C009A627B689B6A03F48053002B06D07B686F
:10A35C00DB6A23F006027B68DA6202E07B6800228B
:10A36C00DA627B68002283F824207B681B686FF01C
:10A37C0002021A607B681B689B6803F46023B3F5C8
:10A38C00602F13D17B681B68114A934205D1114B86
:10A39C005B6803F47023002B08D17B681B689A68F8
:10A3AC007B681B6842F4A0029A600CE07B681B6817
:10A3BC009A687B681B6842F480129A6003E07B68A1
:10A3CC00002283F82420FB7B18461037BD4680BD45
:10A3DC00002801400024014090B587B000AF7860A0
:10A3EC00396000237B610023FB6000233B61FFF796
:10A3FC003FFE78617B681B689B6803F48073002BBD
:10A40C000BD07B689B6A43F020027B689A627B6866
:10A41C00002283F824200123D3E07B681B685B684F
:10A42C0003F48073002B31D17B681B68DB6A03F467
:10A43C007003002B2AD121E03B68B3F1FF3F1DD004
:10A44C003B68002B07D0FFF713FE02467B69D31A3B
:10A45C003A689A4212D27B681B681B6803F00203AD
:10A46C00002B0BD17B689B6A43F004027B689A62D9
:10A47C007B68002283F824200323A2E07B681B68FE
:10A48C001B6803F00203002BD6D070E04F4B1C6806
:10A49C00022001F0E5FF0346B4FBF3F27B681B6876
:10A4AC0019694B4B0B40002B18D17B681B68D96882
:10A4BC00484B0B40002B11D17B681B681969464B2C
:10A4CC000B40002B08D17B681B68D968434B0B40B1
:10A4DC00002B01D1142320E029231EE07B681B688C
:10A4EC0019693D4B0B40002B06D17B681B68D96862
:10A4FC003A4B0B40002B0DD07B681B681969384B0D
:10A50C000B40002B08D17B681B68D968344B0B407F
:10A51C00002B01D1542300E0FC2302FB03F33B612D
:10A52C0021E03B68B3F1FF3F1AD03B68002B07D00A
:10A53C00FFF79EFD02467B69D31A3A689A420FD206
:10A54C00FB683A699A420BD97B689B6A43F0040218
:10A55C007B689A627B68002283F82420032330E016
:10A56C00FB680133FB60FB683A699A42D9D87B6877
:10A57C001B686FF012021A607B689B6A43F40072CE
:10A58C007B689A627B681B689B6803F46023B3F555
:10A59C00602F15D17B681B7B002B11D17B689B6ACC
:10A5AC0023F480727B689A627B689B6A03F4805305
:10A5BC00002B05D17B689B6A43F001027B689A6291
:10A5CC00002318461C37BD4690BD00BF100000206C
:10A5DC00244992242449920092244912922449003D
:10A5EC004992240080B483B000AF78607B681B680C
:10A5FC00DB6C18460C37BD4680BC704780B485B008
:10A60C0000AF786039600023FB730023BB607B686C
:10A61C0093F82430012B01D10223DCE07B6801226A
:10A62C0083F824203B685B68062B1CD87B681B686E
:10A63C00596B3B685A6813469B001344053B1F2219
:10A64C0002FA03F3DB4319403B6818683B685A680D
:10A65C0013469B001344053B00FA03F27B681B680E
:10A66C000A435A633CE03B685B680C2B1CD87B6844
:10A67C001B68196B3B685A6813469B001344233BB9
:10A68C001F2202FA03F3DB4319403B6818683B684E
:10A69C005A6813469B001344233B00FA03F27B6871
:10A6AC001B680A431A631BE07B681B68D96A3B680A
:10A6BC005A6813469B001344413B1F2202FA03F3D2
:10A6CC00DB4319403B6818683B685A6813469B008B
:10A6DC001344413B00FA03F27B681B680A43DA62BD
:10A6EC003B681B68092B1CD97B681B68D9683B68C5
:10A6FC001A6813465B0013441E3B072202FA03F34D
:10A70C00DB4319403B6898683B681A6813465B004A
:10A71C0013441E3B00FA03F27B681B680A43DA60A1
:10A72C0019E07B681B6819693B681A6813465B0063
:10A73C001344072202FA03F3DB4319403B68986881
:10A74C003B681A6813465B00134400FA03F27B68FB
:10A75C001B680A431A613B681B68102B03D03B68CB
:10A76C001B68112B32D17B681B681D4A934225D183
:10A77C007B681B689B6803F40003002B26D17B6865
:10A78C001B689A687B681B6842F400029A603B68FD
:10A79C001B68102B1AD1134B1B68134AA2FB032303
:10A7AC009A0C13469B0013445B00BB6002E0BB6831
:10A7BC00013BBB60BB68002BF9D107E07B689B6A4F
:10A7CC0043F020027B689A620123FB737B680022B2
:10A7DC0083F82420FB7B18461437BD4680BC704799
:10A7EC00002401401000002083DE1B4380B584B0A0
:10A7FC0000AF78600023FB600023BB607B681B68A4
:10A80C009B6803F00103012B40D07B681B689A689E
:10A81C007B681B6842F001029A601F4B1B681F4A41
:10A82C00A2FB03239B0CBB6002E0BB68013BBB603B
:10A83C00BB68002BF9D1FFF71BFCF8601FE0FFF79A
:10A84C0017FC0246FB68D31A022B18D97B681B68CD
:10A85C009B6803F00103012B11D07B689B6A43F0CA
:10A86C0010027B689A627B68DB6A43F001027B68AA
:10A87C00DA627B68002283F82420012307E07B68DE
:10A88C001B689B6803F00103012BD8D100231846E9
:10A89C001037BD4680BD00BF1000002083DE1B4377
:10A8AC0080B584B000AF78600023FB607B681B68C8
:10A8BC009B6803F00103012B2ED17B681B689A68FF
:10A8CC007B681B6822F001029A60FFF7D1FBF860ED
:10A8DC001BE0FFF7CDFB0246FB68D31A022B14D901
:10A8EC007B681B689B6803F00103012B0DD17B680F
:10A8FC009B6A43F010027B689A627B68DB6A43F0C8
:10A90C0001027B68DA62012307E07B681B689B68A5
:10A91C0003F00103012BDCD0002318461037BD4691
:10A92C0080BD000080B485B000AF78607B6803F018
:10A93C000703FB600C4BDB68BB60BA684FF6FF0388
:10A94C001340BB60FB681A02BB68134343F0BF6340
:10A95C0043F40033BB60044ABB68D36000BF1437B8
:10A96C00BD4680BC704700BF00ED00E080B400AF76
:10A97C00044BDB681B0A03F007031846BD4680BC7A
:10A98C00704700BF00ED00E080B483B000AF034619
:10A99C00FB7197F90730002B0BDBFB7903F01F02DF
:10A9AC00064997F907305B09012000FA02F241F8D9
:10A9BC00232000BF0C37BD4680BC704700E100E08F
:10A9CC0080B483B000AF0346FB7197F90730002BBE
:10A9DC0012DBFB7903F01F020A4997F907305B0978
:10A9EC00012000FA02F2203341F82320BFF34F8FED
:10A9FC0000BFBFF36F8F00BF00BF0C37BD4680BCDC
:10AA0C00704700BF00E100E080B483B000AF0346A4
:10AA1C003960FB7197F90730002B0ADB3B68DAB21F
:10AA2C000C4997F907301201D2B20B4483F800237A
:10AA3C000AE03B68DAB20849FB7903F00F03043BE8
:10AA4C001201D2B20B441A7600BF0C37BD4680BC43
:10AA5C00704700BF00E100E000ED00E080B489B079
:10AA6C0000AFF860B9607A60FB6803F00703FB6124
:10AA7C00FB69C3F10703042B28BF0423BB61FB69EB
:10AA8C000433062B02D9FB69033B00E000237B61F6
:10AA9C004FF0FF32BB6902FA03F3DA43BB681A408A
:10AAAC007B699A404FF0FF317B6901FA03F3D9437C
:10AABC007B680B40134318462437BD4680BC704757
:10AACC0080B582B000AF78607B68013BB3F1807FCA
:10AADC0001D301230FE00A4A7B68013B53600F212D
:10AAEC004FF0FF30FFF790FF054B00229A60044BAC
:10AAFC0007221A60002318460837BD4680BD00BFE8
:10AB0C0010E000E080B582B000AF78607868FFF7A5
:10AB1C0009FF00BF0837BD4680BD80B586B000AFC9
:10AB2C000346B9607A60FB7300237B61FFF71EFF5D
:10AB3C0078617A68B9687869FFF790FF024697F9EF
:10AB4C000F3011461846FFF75FFF00BF1837BD46A0
:10AB5C0080BD80B582B000AF0346FB7197F907301A
:10AB6C001846FFF711FF00BF0837BD4680BD80B502
:10AB7C0082B000AF0346FB7197F907301846FFF718
:10AB8C001FFF00BF0837BD4680BD80B582B000AF47
:10AB9C0078607868FFF794FF034618460837BD467F
:10ABAC0080BD80B500AFFDF7C5F800BF80BD0000CB
:10ABBC0080B485B000AF78600023FB607B68002B0D
:10ABCC0001D1012343E07B681B681A46224B1344D6
:10ABDC00224AA2FB03231B099A007B681A647B6838
:10ABEC001F4ADA637B68022283F821207B681B688A
:10ABFC001B68FB60FB6823F47F5323F03003FB607E
:10AC0C007B685A687B689B681A437B68DB681A43CD
:10AC1C007B681B691A437B685B691A437B689B6979
:10AC2C001A437B68DB691343FA681343FB607B6848
:10AC3C001B68FA681A607B6800229A637B680122A1
:10AC4C0083F821207B68002283F8202000231846FB
:10AC5C001437BD4680BC7047F8FFFDBFCDCCCCCCC3
:10AC6C000000024080B483B000AF78607B68002B9A
:10AC7C0001D1012346E07B681B681A687B681B685E
:10AC8C0022F001021A607B681B6800221A607B6844
:10AC9C001B6800225A607B681B6800229A607B68E4
:10ACAC001B680022DA607B681B681A46184B134439
:10ACBC00184AA2FB03231B099A007B681A647B6861
:10ACCC00154ADA637B681A6C7B68DB6B012101FA2D
:10ACDC0002F25A607B6800229A627B680022DA6278
:10ACEC007B6800221A637B6800225A637B6800220F
:10ACFC009A637B68002283F821207B68002283F80A
:10AD0C002020002318460C37BD4680BC704700BF7E
:10AD1C00F8FFFDBFCDCCCCCC0000024080B586B096
:10AD2C0000AFF860B9607A603B600023FB75FB688C
:10AD3C0093F82030012B01D102234BE0FB68012258
:10AD4C0083F82020FB6893F82130DBB2012B3AD139
:10AD5C00FB68022283F82120FB6800229A63FB68BF
:10AD6C001B681A68FB681B6822F001021A603B68BA
:10AD7C007A68B968F86800F0EBF9FB68DB6A002BBD
:10AD8C0008D0FB681B681A68FB681B6842F00E024F
:10AD9C001A600FE0FB681B681A68FB681B6822F0DE
:10ADAC0004021A60FB681B681A68FB681B6842F097
:10ADBC000A021A60FB681B681A68FB681B6842F081
:10ADCC0001021A6005E0FB68002283F820200223B0
:10ADDC00FB75FB7D18461837BD4680BD80B485B029
:10ADEC0000AF78600023FB737B6893F82130DBB2F3
:10ADFC00022B08D07B6804229A637B68002283F8BC
:10AE0C002020012320E07B681B681A687B681B6884
:10AE1C0022F00E021A607B681B681A687B681B683C
:10AE2C0022F001021A607B681A6C7B68DB6B0121D3
:10AE3C0001FA02F25A607B68012283F821207B68B8
:10AE4C00002283F82020FB7B18461437BD4680BCBB
:10AE5C007047000080B584B000AF78600023FB73AE
:10AE6C007B6893F82130DBB2022B05D07B6804227F
:10AE7C009A630123FB7351E07B681B681A687B683B
:10AE8C001B6822F00E021A607B681B681A687B68CC
:10AE9C001B6822F001021A607B681B68224A9342ED
:10AEAC0029D07B681B68214A934222D07B681B689F
:10AEBC001F4A93421AD07B681B681E4A934212D0D9
:10AECC007B681B681C4A93420AD07B681B681B4A30
:10AEDC00934202D14FF480130EE04FF080730BE0DD
:10AEEC004FF4803308E04FF4805305E04FF4807347
:10AEFC0002E0102300E00123114A53607B68012219
:10AF0C0083F821207B68002283F820207B685B6B10
:10AF1C00002B03D07B685B6B78689847FB7B1846EB
:10AF2C001037BD4680BD00BF080002401C00024027
:10AF3C003000024044000240580002406C000240C5
:10AF4C000000024080B584B000AF78607B68DB6B9A
:10AF5C001B68FB607B681B681B68BB607B681B6C99
:10AF6C0004229A40FB681340002B4FD0BB6803F0BF
:10AF7C000403002B4AD07B681B681B6803F020037A
:10AF8C00002B07D17B681B681A687B681B6822F052
:10AF9C0004021A607B681B68664A934229D07B685E
:10AFAC001B68654A934222D07B681B68634A9342B4
:10AFBC001AD07B681B68624A934212D07B681B686C
:10AFCC00604A93420AD07B681B685F4A934202D165
:10AFDC004FF480030EE04FF080630BE04FF48023BE
:10AFEC0008E04FF4804305E04FF4806302E0402317
:10AFFC0000E00423554A53607B68DB6A002B00F0A9
:10B00C0094807B68DB6A786898478EE07B681B6C61
:10B01C0002229A40FB681340002B56D0BB6803F009
:10B02C000203002B51D07B681B681B6803F02003C4
:10B03C00002B0BD17B681B681A687B681B6822F09D
:10B04C000A021A607B68012283F821207B681B6846
:10B05C00384A934229D07B681B68374A934222D0E6
:10B06C007B681B68354A93421AD07B681B68344A4C
:10B07C00934212D07B681B68324A93420AD07B6899
:10B08C001B68314A934202D14FF400130EE04FF08B
:10B09C0000730BE04FF4003308E04FF4005305E06D
:10B0AC004FF4007302E0202300E00223274A536090
:10B0BC007B68002283F820207B689B6A002B34D0AD
:10B0CC007B689B6A786898472FE07B681B6C08222A
:10B0DC009A40FB681340002B28D0BB6803F0080390
:10B0EC00002B23D07B681B681A687B681B6822F0D6
:10B0FC000E021A607B681A6C7B68DB6B012101FA0B
:10B10C0002F25A607B6801229A637B68012283F801
:10B11C0021207B68002283F820207B681B6B002B8E
:10B12C0004D07B681B6B7868984700BF00BF103752
:10B13C00BD4680BD080002401C00024030000240A9
:10B14C0044000240580002406C00024000000240E3
:10B15C0080B485B000AFF860B9607A603B60FB6882
:10B16C001A6CFB68DB6B012101FA02F25A60FB6876
:10B17C001B683A685A60FB685B68102B08D1FB6847
:10B18C001B687A689A60FB681B68BA68DA6007E02B
:10B19C00FB681B68BA689A60FB681B687A68DA609F
:10B1AC0000BF1437BD4680BC70470000F0B587B0B7
:10B1BC0000AFF860B960C7E900230123FB750023D9
:10B1CC00BB7500237B752F4B1B7E012B01D10223FA
:10B1DC0054E02C4B01221A764CF2503000F0A8F8B7
:10B1EC000346FB75FB7D002B44D1FB68012B02D180
:10B1FC0001237B7507E0FB68022B02D102237B75D0
:10B20C0001E004237B750023BB752DE0BB7D5A0048
:10B21C00BB6802EB030CBB7D1901D7E90023C1F11C
:10B22C002006A1F1200022FA01F403FA06F63443B9
:10B23C0023FA00F0044323FA01F5A3B21946604641
:10B24C0000F05AF84CF2503000F072F80346FB75DF
:10B25C000D4B1B690C4A23F001031361FB7D002B82
:10B26C0007D1BB7D0133BB75BA7D7B7D9A42CDD3B3
:10B27C0000E000BF034B00221A76FB7D18461C37FA
:10B28C00BD46F0BD900E00200020024080B483B07B
:10B29C0000AF0023FB710D4B1B6903F08003002BE7
:10B2AC000DD00A4B0A4A5A60084B0A4A5A60074B9F
:10B2BC001B6903F08003002B01D00123FB71FB7988
:10B2CC0018460C37BD4680BC704700BF00200240BA
:10B2DC0023016745AB89EFCD80B400AF054B1B69EB
:10B2EC00044A43F08003136100231846BD4680BC1A
:10B2FC00704700BF0020024080B483B000AF78607C
:10B30C000B467B80084B0022DA61084B1B69074A0D
:10B31C0043F0010313617B687A881A8000BF0C37F5
:10B32C00BD4680BC704700BF900E0020002002403C
:10B33C0080B584B000AF7860FEF79AFEF86010E03C
:10B34C007B68B3F1FF3F0CD07B68002B07D0FEF776
:10B35C008FFE0246FB68D31A7A689A4201D2032305
:10B36C0025E0154BDB6803F00103002BE8D1124BF1
:10B37C00DB6803F02003002B02D00F4B2022DA6095
:10B38C000D4BDB6803F01003002B0BD10A4BDB6970
:10B39C0003F00103002B05D1074BDB6803F004031A
:10B3AC00002B03D000F00AF8012300E0002318461C
:10B3BC001037BD4680BD00BF0020024080B483B072
:10B3CC0000AF00237B60234BDB6803F01003002BE2
:10B3DC0009D0214BDB6943F002031F4AD3617B6820
:10B3EC0043F010037B601B4BDB6803F00403002B62
:10B3FC0009D0194BDB6943F00103174AD3617B6811
:10B40C0043F004037B60134BDB6903F00103002B57
:10B41C000BD0114BDB6943F004030F4AD3610D4B86
:10B42C00DB690C4A23F00103D3617B6840F2011203
:10B43C00934206D1074BDB69064A23F00103D36123
:10B44C0002E0044A7B68D36000BF0C37BD4680BC69
:10B45C00704700BF00200240900E002080B584B0E1
:10B46C0000AF786039600123FB730023BB602F4B66
:10B47C001B7E012B01D1022353E02C4B01221A76A7
:10B48C007B681B68022B16D14CF25030FFF750FF33
:10B49C000346002B41D1012000F04CF84CF2503007
:10B4AC00FFF746FF0346FB73214B1B69204A23F031
:10B4BC000403136131E04CF25030FFF739FF0346BF
:10B4CC00002B2AD13B684FF0FF321A607B689B68D7
:10B4DC00BB6019E0B86800F049F84CF25030FFF747
:10B4EC0027FF0346FB73124B1B69114A23F002031F
:10B4FC001361FB7B002B03D03B68BA681A600CE02D
:10B50C00BB6803F58063BB607B68DB689A027B6871
:10B51C009B681344BA689A42DCD3044B00221A7617
:10B52C00FB7B18461037BD4680BD00BF900E002037
:10B53C000020024080B483B000AF7860094B002239
:10B54C00DA61094B1B69084A43F004031361064B8B
:10B55C001B69054A43F04003136100BF0C37BD461D
:10B56C0080BC7047900E00200020024080B483B055
:10B57C0000AF78600B4B0022DA610B4B1B690A4A57
:10B58C0043F002031361084A7B685361064B1B6945
:10B59C00054A43F04003136100BF0C37BD4680BC25
:10B5AC00704700BF900E00200020024080B48BB08A
:10B5BC0000AF7860396000237B6200233B6269E155
:10B5CC0001227B6A02FA03F3FB613B681B68FA6990
:10B5DC001340BB61BA69FB699A4240F058813B68E1
:10B5EC005B689A4A93425ED0984A934275D8984ABF
:10B5FC00934258D0964A93426FD8964A934252D06F
:10B60C00944A934269D8944A93424CD0924A9342BA
:10B61C0063D8924A934246D0904A93425DD8122BFB
:10B62C002AD8122B59D801A252F823F0B3B600082D
:10B63C008DB600089FB60008E1B60008E7B6000812
:10B64C00E7B60008E7B60008E7B60008E7B600085A
:10B65C00E7B60008E7B60008E7B60008E7B600084A
:10B66C00E7B60008E7B60008E7B60008E7B600083A
:10B67C0095B60008A9B60008794A934213D02CE07D
:10B68C003B68DB683B6229E03B68DB6804333B6268
:10B69C0024E03B68DB6808333B621FE03B68DB68F7
:10B6AC000C333B621AE03B689B68002B02D10423ED
:10B6BC003B6213E03B689B68012B05D108233B627E
:10B6CC007B68FA691A6109E008233B627B68FA69B6
:10B6DC005A6103E000233B6200E000BFBB69FF2B13
:10B6EC0001D87B6801E07B6804337B61BB69FF2B6D
:10B6FC0002D87B6A9B0002E07B6A083B9B003B61A3
:10B70C007B691A680F213B6901FA03F3DB431A408A
:10B71C00396A3B6901FA03F31A437B691A603B6887
:10B72C005B6803F08053002B00F0B1804D4B9B699C
:10B73C004C4A43F0010393614A4B9B6903F00103AC
:10B74C00BB60BB68484A7B6A9B08023352F82330C3
:10B75C00FB607B6A03F003039B000F2202FA03F3E6
:10B76C00DB43FA681340FB607B68404A934213D07A
:10B77C007B683F4A93420DD07B683E4A934207D088
:10B78C007B683D4A934201D1032306E0042304E085
:10B79C00022302E0012300E000237A6A02F0030294
:10B7AC0092009340FA681343FB602F497B6A9B0815
:10B7BC000233FA6841F823203B685B6803F480137A
:10B7CC00002B06D02D4B9A682C49BB6913438B6018
:10B7DC0006E02A4B9A68BB69DB43284913408B600F
:10B7EC003B685B6803F40013002B06D0234BDA682C
:10B7FC002249BB691343CB6006E0204BDA68BB6976
:10B80C00DB431E491340CB603B685B6803F4003399
:10B81C00002B06D0194B5A681849BB6913434B606F
:10B82C0006E0164B5A68BB69DB43144913404B6066
:10B83C003B685B6803F48033002B21D00F4B1A68F4
:10B84C000E49BB6913430B6021E000BF00003210AE
:10B85C000000311000002210000021100000121016
:10B86C0000001110001002400000014000080140CF
:10B87C00000C014000100140001401400004014084
:10B88C000B4B1A68BB69DB43094913400B607B6A9D
:10B89C0001337B623B681A687B6A22FA03F3002B44
:10B8AC007FF48EAE00BF00BF2C37BD4680BC704706
:10B8BC000004014080B489B000AF78603960002387
:10B8CC00FB619AE00122FB6902FA03F33A68134028
:10B8DC00BB61BB69002B00F08D804E4AFB699B0855
:10B8EC00023352F823307B61FB6903F003039B00A6
:10B8FC000F2202FA03F37A6913407B617B68464A94
:10B90C00934213D07B68454A93420DD07B68444ADE
:10B91C00934207D07B68434A934201D1032306E04C
:10B92C00042304E0022302E0012300E00023FA696F
:10B93C0002F00302920093407A699A4232D13A4B58
:10B94C001A68BB69DB43384913400B60364B5A68A5
:10B95C00BB69DB43344913404B60334BDA68BB693A
:10B96C00DB4331491340CB602F4B9A68BB69DB43F7
:10B97C002D4913408B60FB6903F003039B000F22DE
:10B98C0002FA03F37B61234AFB699B08023352F8EA
:10B99C0023107B69DA431F48FB699B080A4002337A
:10B9AC0040F82320BB69FF2B01D87B6801E07B6842
:10B9BC0004333B61BB69FF2B02D8FB699B0002E09F
:10B9CC00FB69083B9B00FB603B691A680F21FB6815
:10B9DC0001FA03F3DB431A400421FB6801FA03F379
:10B9EC001A433B691A607B68DA68BB69DB431A400F
:10B9FC007B68DA60FB690133FB613A68FB6922FA08
:10BA0C0003F3002B7FF45EAF00BF00BF2437BD46AD
:10BA1C0080BC70470000014000080140000C014050
:10BA2C0000100140001401400004014080B485B0B6
:10BA3C0000AF78600B467B807B689A687B881340EC
:10BA4C00002B02D00123FB7301E00023FB73FB7B73
:10BA5C0018461437BD4680BC704780B483B000AF25
:10BA6C0078600B467B8013467B707B78002B03D071
:10BA7C007A887B681A6103E07B881A047B681A61F8
:10BA8C0000BF0C37BD4680BC704780B485B000AF9A
:10BA9C0078600B467B807B68DB68FB607A88FB6890
:10BAAC0013401A04FB68D9437B880B401A437B680C
:10BABC001A6100BF1437BD4680BC704780B400AF1C
:10BACC00034B01221A6000BFBD4680BC704700BF0B
:10BADC0020000E4280B586B000AF78607B68002BEA
:10BAEC0001D1012372E27B681B6803F00103002B78
:10BAFC0000F08780924B5B6803F00C03042B0CD096
:10BB0C008F4B5B6803F00C03082B12D18C4B5B68DA
:10BB1C0003F48033B3F5803F0BD1894B1B6803F4DE
:10BB2C000033002B6CD07B685B68002B68D1012341
:10BB3C004CE27B685B68B3F5803F06D1804B1B6899
:10BB4C007F4A43F4803313602EE07B685B68002BE4
:10BB5C000CD17B4B1B687A4A23F480331360784BEF
:10BB6C001B68774A23F4802313601DE07B685B68B5
:10BB7C00B3F5A02F0CD1724B1B68714A43F4802390
:10BB8C0013606F4B1B686E4A43F4803313600BE0F9
:10BB9C006B4B1B686A4A23F480331360684B1B6839
:10BBAC00674A23F4802313607B685B68002B13D0F7
:10BBBC00FEF75EFA386108E0FEF75AFA02463B6976
:10BBCC00D31A642B01D9032300E25D4B1B6803F4E9
:10BBDC000033002BF0D014E0FEF74AFA386108E08D
:10BBEC00FEF746FA02463B69D31A642B01D90323AC
:10BBFC00ECE1534B1B6803F40033002BF0D100E055
:10BC0C0000BF7B681B6803F00203002B63D04C4B16
:10BC1C005B6803F00C03002B0BD0494B5B6803F003
:10BC2C000C03082B1CD1464B5B6803F48033002BB0
:10BC3C0016D1434B1B6803F00203002B05D07B6825
:10BC4C001B69012B01D00123C0E13D4B1B6823F084
:10BC5C00F8027B685B69DB00394913430B603AE0FF
:10BC6C007B681B69002B20D0364B01221A60FEF733
:10BC7C00FFF9386108E0FEF7FBF902463B69D31A7D
:10BC8C00022B01D90323A1E12D4B1B6803F0020306
:10BC9C00002BF0D02A4B1B6823F0F8027B685B6901
:10BCAC00DB00274913430B6015E0264B00221A607A
:10BCBC00FEF7DEF9386108E0FEF7DAF902463B6977
:10BCCC00D31A022B01D9032380E11D4B1B6803F00F
:10BCDC000203002BF0D17B681B6803F00803002BD8
:10BCEC003AD07B689B69002B19D0174B01221A6044
:10BCFC00FEF7BEF9386108E0FEF7BAF902463B6977
:10BD0C00D31A022B01D9032360E10D4B5B6A03F0BC
:10BD1C000203002BF0D0012000F0CEFA1CE00A4BFD
:10BD2C0000221A60FEF7A4F938610FE0FEF7A0F9C3
:10BD3C0002463B69D31A022B08D9032346E100BF04
:10BD4C00001002400000424280044242924B5B6A67
:10BD5C0003F00203002BE9D17B681B6803F004039A
:10BD6C00002B00F0A6800023FB758B4BDB6903F0E6
:10BD7C008053002B0DD1884BDB69874A43F08053ED
:10BD8C00D361854BDB6903F08053BB60BB68012337
:10BD9C00FB75824B1B6803F48073002B18D17F4B0F
:10BDAC001B687E4A43F480731360FEF761F93861B7
:10BDBC0008E0FEF75DF902463B69D31A642B01D902
:10BDCC00032303E1754B1B6803F48073002BF0D045
:10BDDC007B68DB68012B06D16F4B1B6A6E4A43F004
:10BDEC00010313622DE07B68DB68002B0CD16A4BDE
:10BDFC001B6A694A23F001031362674B1B6A664A8C
:10BE0C0023F0040313621CE07B68DB68052B0CD168
:10BE1C00614B1B6A604A43F0040313625E4B1B6A5E
:10BE2C005D4A43F0010313620BE05B4B1B6A5A4AF9
:10BE3C0023F001031362584B1B6A574A23F0040387
:10BE4C0013627B68DB68002B15D0FEF711F93861A3
:10BE5C000AE0FEF70DF902463B69D31A41F288322B
:10BE6C00934201D90323B1E04B4B1B6A03F002034D
:10BE7C00002BEED014E0FEF7FBF838610AE0FEF779
:10BE8C00F7F802463B69D31A41F28832934201D942
:10BE9C0003239BE0404B1B6A03F00203002BEED103
:10BEAC00FB7D012B05D13C4BDB693B4A23F08053D6
:10BEBC00D3617B68DB69002B00F08780364B5B68B5
:10BECC0003F00C03082B61D07B68DB69022B46D195
:10BEDC00334B00221A60FEF7CBF8386108E0FEF70E
:10BEEC00C7F802463B69D31A022B01D903236DE034
:10BEFC00294B1B6803F00073002BF0D17B681B6A85
:10BF0C00B3F5803F08D1244B5B6823F400327B6887
:10BF1C009B68214913434B601F4B5B6823F47412DD
:10BF2C007B68196A7B685B6A0B431B4913434B6044
:10BF3C001B4B01221A60FEF79BF8386108E0FEF7F4
:10BF4C0097F802463B69D31A022B01D903233DE033
:10BF5C00114B1B6803F00073002BF0D035E0104B35
:10BF6C0000221A60FEF784F8386108E0FEF780F8CA
:10BF7C0002463B69D31A022B01D9032326E0064B58
:10BF8C001B6803F00073002BF0D11EE07B68DB69AB
:10BF9C00012B07D1012319E0001002400070004072
:10BFAC00600042420B4B5B68FB60FB6803F4803221
:10BFBC007B681B6A9A4206D1FB6803F470127B689B
:10BFCC005B6A9A4201D0012300E00023184618371F
:10BFDC00BD4680BD0010024080B584B000AF7860D3
:10BFEC0039607B68002B01D10123D0E06A4B1B68C0
:10BFFC0003F007033A689A4210D9674B1B6823F089
:10C00C00070265493B6813430B60634B1B6803F0E5
:10C01C0007033A689A4201D00123B8E07B681B6899
:10C02C0003F00203002B20D07B681B6803F0040391
:10C03C00002B05D0594B5B68584A43F4E0635360BE
:10C04C007B681B6803F00803002B05D0534B5B681F
:10C05C00524A43F460535360504B5B6823F0F00238
:10C06C007B689B684D4913434B607B681B6803F0EE
:10C07C000103002B40D07B685B68012B07D1474B39
:10C08C001B6803F40033002B15D101237FE07B6880
:10C09C005B68022B07D1414B1B6803F00073002B2C
:10C0AC0009D1012373E03D4B1B6803F00203002B05
:10C0BC0001D101236BE0394B5B6823F003027B68F1
:10C0CC005B68364913434B60FDF7D2FFF8600AE01A
:10C0DC00FDF7CEFF0246FB68D31A41F28832934239
:10C0EC0001D9032353E02D4B5B6803F00C027B68F2
:10C0FC005B689B009A42EBD1274B1B6803F007034C
:10C10C003A689A4210D2244B1B6823F0070222494A
:10C11C003B6813430B60204B1B6803F007033A6822
:10C12C009A4201D0012332E07B681B6803F00403C0
:10C13C00002B08D0194B5B6823F4E0627B68DB684A
:10C14C00164913434B607B681B6803F00803002BF4
:10C15C0009D0124B5B6823F460527B681B69DB00CF
:10C16C000E4913434B6000F021F802460B4B5B6801
:10C17C001B0903F00F030A49CB5C22FA03F3094AAB
:10C18C001360094B1B681846FDF730FF0023184657
:10C19C001037BD4680BD00BF002002400010024099
:10C1AC0020FF0008100000201400002080B487B08D
:10C1BC0000AF0023FB600023BB6000237B610023E6
:10C1CC007B6000233B611E4B5B68FB60FB6803F0EC
:10C1DC000C03042B02D0082B03D027E0194B3B6136
:10C1EC0027E0FB689B0C03F00F03174AD35C7B60C2
:10C1FC00FB6803F48033002B10D0114B5B685B0C95
:10C20C0003F00103114AD35CBB607B680D4A03FB4E
:10C21C0002F2BB68B2FBF3F37B6104E07B680C4A6F
:10C22C0002FB03F37B617B693B6102E0054B3B61E5
:10C23C0000BF3B6918461C37BD4680BC704700BF29
:10C24C000010024000127A0038FF000848FF000876
:10C25C0000093D0080B400AF024B1B681846BD4678
:10C26C0080BC70471000002080B500AFFFF7F2FFD4
:10C27C000246054B5B681B0A03F007030349CB5CC2
:10C28C0022FA03F3184680BD0010024030FF00086C
:10C29C0080B500AFFFF7DEFF0246054B5B68DB0A9B
:10C2AC0003F007030349CB5C22FA03F3184680BD65
:10C2BC000010024030FF000880B485B000AF7860F9
:10C2CC000A4B1B680A4AA2FB03235B0A7A6802FB2F
:10C2DC0003F3FB6000BFFB685A1EFA60002BF9D118
:10C2EC0000BF00BF1437BD4680BC70471000002053
:10C2FC00D34D621080B586B000AF786000233B61EF
:10C30C000023FB607B681B6803F00103002B7DD0CE
:10C31C000023FB754F4BDB6903F08053002B0DD1D1
:10C32C004C4BDB694B4A43F08053D361494BDB697F
:10C33C0003F08053BB60BB680123FB75464B1B6845
:10C34C0003F48073002B18D1434B1B68424A43F40F
:10C35C0080731360FDF78CFE386108E0FDF788FEF2
:10C36C0002463B69D31A642B01D903236DE03A4B87
:10C37C001B6803F48073002BF0D0364B1B6A03F45C
:10C38C004073FB60FB68002B2ED07B685B6803F46A
:10C39C004073FA689A4227D02E4B1B6A23F44073E1
:10C3AC00FB602E4B01221A602C4B00221A60294A8A
:10C3BC00FB681362FB6803F00103002B14D0FDF73C
:10C3CC0057FE38610AE0FDF753FE02463B69D31A6B
:10C3DC0041F28832934201D9032336E01D4B1B6A8C
:10C3EC0003F00203002BEED01A4B1B6A23F44072AD
:10C3FC007B685B68174913430B62FB7D012B05D1EE
:10C40C00144BDB69134A23F08053D3617B681B68A0
:10C41C0003F00203002B08D00E4B5B6823F4404260
:10C42C007B689B680B4913434B607B681B6803F06C
:10C43C001003002B08D0074B5B6823F480027B6849
:10C44C00DB68044913434B60002318461837BD467C
:10C45C0080BD00BF0010024000700040400442420A
:10C46C0080B588B000AF786000237B610023FB614E
:10C47C0000233B610023FB600023BB617B68102B16
:10C48C000AD07B68102B00F28A807B68012B45D088
:10C49C007B68022B75D082E0464B5B68FB60454B9A
:10C4AC001B6803F08073002B7BD0FB689B0C03F0A4
:10C4BC000F03414AD35C3B61FB6803F48033002BD0
:10C4CC0015D03C4B5B685B0C03F001033B4AD35C1F
:10C4DC007B61FB6803F48033002B0DD0384A7B69F9
:10C4EC00B2FBF3F23B6902FB03F3FB6104E03B6933
:10C4FC00344A02FB03F3FB612E4B5B6803F48003AD
:10C50C00B3F5800F02D1FB69BB614AE0FB695B00AC
:10C51C002D4AA2FB03235B08BB6142E0254B1B6A3F
:10C52C00FB60FB6803F44073B3F5807F08D1FB68B4
:10C53C0003F00203002B03D04FF40043BB611FE058
:10C54C00FB6803F44073B3F5007F09D1194B5B6AA8
:10C55C0003F00203002B03D049F64043BB610FE00C
:10C56C00FB6803F44073B3F5407F1CD1114B1B687F
:10C57C0003F40033002B16D04FF22443BB6112E0BE
:10C58C0011E0FFF785FE02460A4B5B689B0B03F03C
:10C59C00030301335B00B2FBF3F3BB6104E000BFA8
:10C5AC0002E000BF00E000BFBB6918462037BD4663
:10C5BC0080BD00BF001002404CFF00085CFF00086B
:10C5CC0000127A0000093D00ABAAAAAA80B584B07B
:10C5DC0000AF78600023FB607B68002B01D1012346
:10C5EC007AE07B685B7CDBB2002B05D17B68002298
:10C5FC001A747868FCF77AFF7B6802225A747868A0
:10C60C0000F0BEF90346002B04D07B6804225A7458
:10C61C00012361E0786800F077FA0346002B04D020
:10C62C007B6804225A74012356E07B681B685A68A5
:10C63C007B681B6822F007025A607B689B68002BA2
:10C64C0005D0274B1B6B264A23F001031363244BA5
:10C65C00DB6A23F460727B689B6821491343CB62CD
:10C66C007B685B68B3F1FF3F03D07B685B68FB6062
:10C67C000EE00120FFF7F4FEF860FB68002B04D1FC
:10C68C007B6804225A74012326E0FB68013BFB60A3
:10C69C00FB681A0C7B681B6802F00F029A607B68BF
:10C6AC001B68FA6892B2DA60786800F055FA0346B3
:10C6BC00002B04D07B6804225A7401230CE07B68A5
:10C6CC000022DA737B6801225A737B6801229A7309
:10C6DC007B6801225A74002318461037BD4680BD72
:10C6EC00006C004090B587B000AFF860B9607A601C
:10C6FC0000237B6100233B61FB68002B02D0BB68ED
:10C70C00002B01D1012380E0FB681B7C012B01D1A4
:10C71C0002237AE0FB6801221A74FB6802225A7425
:10C72C007B68002B13D1BB681B781A464FF46163EE
:10C73C0003FB02F2BB685B7819460B461B015B1AC4
:10C74C009B001344BA68927813447B611EE0BB686B
:10C75C001B78184600F028FA03461A464FF461631A
:10C76C0003FB02F4BB685B78184600F01DFA034625
:10C77C001A4613461B019B1A9B001C44BB689B78F2
:10C78C00184600F011FA034623447B617969F86876
:10C79C0000F053F90346002B07D0FB6804225A74AF
:10C7AC00FB6800221A7401232FE0FB681B685A688F
:10C7BC00FB681B6822F005025A60F86800F064F907
:10C7CC0038613B69B3F1FF3F18D03A697B699A42F3
:10C7DC0014D23B6903F5A83303F5C0733B61396987
:10C7EC00F86800F06AF90346002B07D0FB680422B6
:10C7FC005A74FB6800221A74012306E0FB680122BC
:10C80C005A74FB6800221A74002318461C37BD4664
:10C81C0090BD000080B588B000AFF860B9607A6058
:10C82C000023FB610023BB6100237B61FB68002BB1
:10C83C0002D0BB68002B01D1012397E0FB681B7C65
:10C84C00012B01D1022391E0FB6801221A74FB68D1
:10C85C0002225A747B68002B0CD1BB68DA78FB6817
:10C86C00DA73BB685A78FB685A73BB689A78FB68B2
:10C87C009A731AE0BB68DB78184600F095F903460A
:10C88C001A46FB68DA73BB685B78184600F08CF9C3
:10C89C0003461A46FB685A73BB689B78184600F02F
:10C8AC0083F903461A46FB689A73FB68DB7B1846D0
:10C8BC00FB68597BFB689B7B1A4600F093F9034697
:10C8CC001A46FB681A73FB681A7BBB681A70F86807
:10C8DC0000F083F8F861FB69264AA2FB0323DB0A0C
:10C8EC007B617B69182B3AD97B69234AA2FB032312
:10C8FC001B09224A02FB03F3FA69D31AFB61F9699B
:10C90C00F86800F09AF80346002B07D0FB68042265
:10C91C005A74FB6800221A74012327E0F86800F0AF
:10C92C00B3F8B861BB69B3F1FF3F18D0BA69FB69C2
:10C93C009A4214D2BB6903F5A83303F5C073BB61EB
:10C94C00B969F86800F0B9F80346002B07D0FB680A
:10C95C0004225A74FB6800221A74012306E0FB6857
:10C96C0001225A74FB6800221A74002318462037DF
:10C97C00BD4680BDC5B3A291ABAAAAAA8051010045
:10C98C0080B584B000AF78600023FB607B68002B1F
:10C99C0001D101231DE07B681B685A687B681B680A
:10C9AC0022F008025A60FDF763FBF86009E0FDF71E
:10C9BC005FFB0246FB68D31AB3F57A7F01D90323D8
:10C9CC0007E07B681B685B6803F00803002BEED064
:10C9DC00002318461037BD4680BD80B487B000AF29
:10C9EC00786000237B8200233B820023FB810023A1
:10C9FC007B617B681B689B697B827B681B68DB693E
:10CA0C00FB817B681B689B693B827A8A3B8A9A42D2
:10CA1C0008D03B8A1A047B681B68DB699BB2134302
:10CA2C007B6104E07B8A1A04FB8913437B617B697D
:10CA3C0018461C37BD4680BC704780B584B000AF2B
:10CA4C00786039600023FB73786800F05DF803466A
:10CA5C00002B02D00123FB7311E07B681B683A6842
:10CA6C00120C9A617B681B683A6892B2DA6178683A
:10CA7C0000F072F80346002B01D00123FB73FB7B03
:10CA8C0018461037BD4680BD80B485B000AF7860C5
:10CA9C000023FB810023BB817B681B681B6AFB8125
:10CAAC007B681B685B6ABB81FB891A04BB891343D7
:10CABC0018461437BD4680BC704780B584B000AFB3
:10CACC00786039600023FB73786800F01DF803462A
:10CADC00002B02D00123FB7311E07B681B683A68C2
:10CAEC00120C1A627B681B683A6892B25A627868B8
:10CAFC0000F032F80346002B01D00123FB73FB7BC3
:10CB0C0018461037BD4680BD80B584B000AF786044
:10CB1C000023FB60FDF7ACFAF86009E0FDF7A8FA1A
:10CB2C000246FB68D31AB3F57A7F01D903230FE0D1
:10CB3C007B681B685B6803F02003002BEED07B68DE
:10CB4C001B685A687B681B6842F010025A6000230D
:10CB5C0018461037BD4680BD80B584B000AF7860F4
:10CB6C000023FB607B681B685A687B681B6822F09B
:10CB7C0010025A60FDF77CFAF86009E0FDF778FACC
:10CB8C000246FB68D31AB3F57A7F01D9032307E079
:10CB9C007B681B685B6803F02003002BEED000233E
:10CBAC0018461037BD4680BD80B485B000AF034633
:10CBBC00FB710023FB60FB791B09DBB21A461346A1
:10CBCC009B0013445B00FB60FB7903F00F03DAB2AC
:10CBDC00FB68DBB21344DBB218461437BD4680BC8D
:10CBEC007047000080B485B000AF78600B46FB70D6
:10CBFC001346BB700023BB600023FB607B6803F50E
:10CC0C00FA63BB60FB78022B2DD8FA7813465B00D5
:10CC1C001344DB009B1A2C4AA2FB03235A08BB7853
:10CC2C001A44BB681A44BB68013B9B081A44BB6896
:10CC3C00013B2649A1FB03135B09D21ABB68013BDC
:10CC4C002249A1FB0313DB0913441A1D204BA3FB40
:10CC5C000213D11A49080B4499080B46DB005B1AE6
:10CC6C00D31AFB6029E0FA7813465B001344DB000F
:10CC7C009B1A154AA2FB03235A08BB781A44BB68BB
:10CC8C001A44BB689B081A44BB681049A1FB0313E8
:10CC9C005B09D21ABB680D49A1FB0313DB091344D2
:10CCAC009A1C0B4BA3FB0213D11A49080B4499088D
:10CCBC000B46DB005B1AD31AFB60FB68DBB2184631
:10CCCC001437BD4680BC7047398EE3381F85EB5155
:10CCDC002549922480B582B000AF78607B68002B28
:10CCEC0001D1012376E07B685B6A002B08D17B685D
:10CCFC005B68B3F5827F09D07B680022DA6105E0BE
:10CD0C007B6800221A617B6800225A617B680022D2
:10CD1C009A627B6893F85130DBB2002B06D17B68AA
:10CD2C00002283F850207868FCF736FC7B680222DE
:10CD3C0083F851207B681B681A687B681B6822F09B
:10CD4C0040021A607B685B6803F482727B689B68A4
:10CD5C0003F404431A437B68DB6803F400631A434F
:10CD6C007B681B6903F002031A437B685B6903F061
:10CD7C0001031A437B689B6903F400731A437B68B5
:10CD8C00DB6903F038031A437B681B6A03F08003EA
:10CD9C0042EA03017B689B6A03F400527B681B68C0
:10CDAC000A431A607B689B691A0C7B681B6802F04B
:10CDBC0004025A607B681B68DA697B681B6822F482
:10CDCC000062DA617B6800225A657B68012283F875
:10CDDC005120002318460837BD4680BD80B582B06F
:10CDEC0000AF78607B68002B01D101234CE07B689D
:10CDFC0093F83D30DBB2002B11D17B68002283F815
:10CE0C003C20786801F050FE7B689B6C002B02D1B3
:10CE1C007B681F4A9A647B689B6C786898477B6830
:10CE2C00022283F83D207B681A687B68043319461C
:10CE3C00104601F0E9F97B68012283F846207B68F3
:10CE4C00012283F83E207B68012283F83F207B6817
:10CE5C00012283F840207B68012283F841207B6803
:10CE6C00012283F842207B68012283F843207B68EF
:10CE7C00012283F844207B68012283F845207B68DB
:10CE8C00012283F83D20002318460837BD4680BD9B
:10CE9C00CD9A000880B582B000AF78607B68022222
:10CEAC0083F83D207B681B681A6A41F2111313400A
:10CEBC00002B0FD17B681B681A6A40F24443134065
:10CECC00002B07D17B681B681A687B681B6822F0F3
:10CEDC0001021A607B68DB6C002B02D17B681B4A59
:10CEEC00DA647B68DB6C786898477B68002283F88F
:10CEFC0046207B68002283F83E207B68002283F862
:10CF0C003F207B68002283F840207B68002283F856
:10CF1C0041207B68002283F842207B68002283F842
:10CF2C0043207B68002283F844207B68002283F82E
:10CF3C0045207B68002283F83D207B68002283F823
:10CF4C003C20002318460837BD4680BDF59B0008E1
:10CF5C0080B485B000AF78607B6893F83D30DBB26D
:10CF6C00012B01D001233AE07B68022283F83D209B
:10CF7C007B681B68DA687B681B6842F00102DA6028
:10CF8C007B681B68184A93420ED07B681B68B3F110
:10CF9C00804F09D07B681B68144A934204D07B688D
:10CFAC001B68134A934211D17B681B689B6803F082
:10CFBC000703FB60FB68062B10D07B681B681A68A4
:10CFCC007B681B6842F001021A6007E07B681B68F3
:10CFDC001A687B681B6842F001021A60002318462D
:10CFEC001437BD4680BC7047002C01400004004043
:10CFFC000008004080B483B000AF78607B681B6889
:10D00C00DA687B681B6822F00102DA607B681B68B7
:10D01C001A6A41F211131340002B0FD17B681B6865
:10D02C001A6A40F244431340002B07D17B681B68FB
:10D03C001A687B681B6822F001021A607B68012267
:10D04C0083F83D20002318460C37BD4680BC704742
:10D05C0080B582B000AF78607B68002B01D10123D2
:10D06C004CE07B6893F83D30DBB2002B11D17B6830
:10D07C00002283F83C20786801F016FD7B681B6E5B
:10D08C00002B02D17B681F4A1A667B681B6E78687E
:10D09C0098477B68022283F83D207B681A687B687E
:10D0AC0004331946104601F0AFF87B68012283F86F
:10D0BC0046207B68012283F83E207B68012283F89E
:10D0CC003F207B68012283F840207B68012283F893
:10D0DC0041207B68012283F842207B68012283F87F
:10D0EC0043207B68012283F844207B68012283F86B
:10D0FC0045207B68012283F83D2000231846083721
:10D10C00BD4680BD15D1000880B483B000AF7860F7
:10D11C0000BF0C37BD4680BC7047000080B584B0A2
:10D12C0000AF786039603B68002B09D17B6893F8BD
:10D13C003E30DBB2012B14BF01230023DBB222E013
:10D14C003B68042B09D17B6893F83F30DBB2012B91
:10D15C0014BF01230023DBB215E03B68082B09D177
:10D16C007B6893F84030DBB2012B14BF0123002302
:10D17C00DBB208E07B6893F84130DBB2012B14BFC3
:10D18C0001230023DBB2002B01D001235EE03B68BE
:10D19C00002B04D17B68022283F83E2013E03B680D
:10D1AC00042B04D17B68022283F83F200BE03B6800
:10D1BC00082B04D17B68022283F8402003E07B68B3
:10D1CC00022283F841207B681B68012239681846CB
:10D1DC0001F045FC7B681B681E4A934207D17B68B3
:10D1EC001B685A6C7B681B6842F400425A647B686B
:10D1FC001B68184A93420ED07B681B68B3F1804FB2
:10D20C0009D07B681B68144A934204D07B681B6866
:10D21C00124A934211D17B681B689B6803F0070389
:10D22C00FB60FB68062B10D07B681B681A687B6858
:10D23C001B6842F001021A6007E07B681B681A68E1
:10D24C007B681B6842F001021A60002318461037F5
:10D25C00BD4680BD002C0140000400400008004089
:10D26C0080B582B000AF786039607B681B680022A3
:10D27C003968184601F0F3FB7B681B68294A934216
:10D28C0017D17B681B681A6A41F211131340002BEB
:10D29C000FD17B681B681A6A40F244431340002B81
:10D2AC0007D17B681B685A6C7B681B6822F40042B0
:10D2BC005A647B681B681A6A41F211131340002BE5
:10D2CC000FD17B681B681A6A40F244431340002B51
:10D2DC0007D17B681B681A687B681B6822F0010207
:10D2EC001A603B68002B04D17B68012283F83E2036
:10D2FC0013E03B68042B04D17B68012283F83F20A8
:10D30C000BE03B68082B04D17B68012283F840209A
:10D31C0003E07B68012283F841200023184608377C
:10D32C00BD4680BD002C014080B582B000AF786056
:10D33C007B68002B01D101234CE07B6893F83D30D6
:10D34C00DBB2002B11D17B68002283F83C2078687B
:10D35C0001F0AAFB7B681B6D002B02D17B681F4A76
:10D36C001A657B681B6D786898477B68022283F886
:10D37C003D207B681A687B6804331946104600F020
:10D38C0043FF7B68012283F846207B68012283F8E7
:10D39C003E207B68012283F83F207B68012283F8C2
:10D3AC0040207B68012283F841207B68012283F8AE
:10D3BC0042207B68012283F843207B68012283F89A
:10D3CC0044207B68012283F845207B68012283F886
:10D3DC003D20002318460837BD4680BDEDD300081C
:10D3EC0080B483B000AF786000BF0C37BD4680BC02
:10D3FC007047000080B584B000AF786039603B683E
:10D40C00002B04D17B6893F83E30DBB213E03B6811
:10D41C00042B04D17B6893F83F30DBB20BE03B6804
:10D42C00082B04D17B6893F84030DBB203E07B68B7
:10D43C0093F84130DBB2FB733B68002B04D17B6863
:10D44C0093F84230DBB213E03B68042B04D17B68C9
:10D45C0093F84330DBB20BE03B68082B04D17B68BC
:10D46C0093F84430DBB203E07B6893F84530DBB2D1
:10D47C00BB73FB7B012B02D1BB7B012B01D00123A6
:10D48C006DE03B68002B04D17B68022283F83E20C0
:10D49C0013E03B68042B04D17B68022283F83F2005
:10D4AC000BE03B68082B04D17B68022283F84020F8
:10D4BC0003E07B68022283F841203B68002B04D1F7
:10D4CC007B68022283F8422013E03B68042B04D1D2
:10D4DC007B68022283F843200BE03B68082B04D1C5
:10D4EC007B68022283F8442003E07B68022283F8E5
:10D4FC0045207B681B6801223968184601F0AFFA99
:10D50C007B681B68184A93420ED07B681B68B3F18A
:10D51C00804F09D07B681B68144A934204D07B6807
:10D52C001B68134A934211D17B681B689B6803F0FC
:10D53C000703BB60BB68062B10D07B681B681A689E
:10D54C007B681B6842F001021A6007E07B681B686D
:10D55C001A687B681B6842F001021A6000231846A7
:10D56C001037BD4680BD00BF002C014000040040B8
:10D57C000008004080B584B000AF786039600023AB
:10D58C00FB733B68002B04D17B6893F83E30DBB215
:10D59C0013E03B68042B04D17B6893F83F30DBB27B
:10D5AC000BE03B68082B04D17B6893F84030DBB26E
:10D5BC0003E07B6893F84130DBB2BB733B68002B14
:10D5CC0004D17B6893F84230DBB213E03B68042B48
:10D5DC0004D17B6893F84330DBB20BE03B68082B3B
:10D5EC0004D17B6893F84430DBB203E07B6893F89A
:10D5FC004530DBB27B73BB7B012B02D17B7B012BD8
:10D60C0001D00123B8E03B68002B04D17B680222D7
:10D61C0083F83E2013E03B68042B04D17B68022284
:10D62C0083F83F200BE03B68082B04D17B68022277
:10D63C0083F8402003E07B68022283F841203B689A
:10D64C00002B04D17B68022283F8422013E03B6854
:10D65C00042B04D17B68022283F843200BE03B6847
:10D66C00082B04D17B68022283F8442003E07B68FA
:10D67C00022283F845203B680C2B41D801A252F8BA
:10D68C0023F000BFC5D600080DD700080DD7000841
:10D69C000DD70008D7D600080DD700080DD7000805
:10D6AC000DD70008E9D600080DD700080DD70008E3
:10D6BC000DD70008FBD600087B681B68DA687B680E
:10D6CC001B6842F00202DA601DE07B681B68DA68B6
:10D6DC007B681B6842F00402DA6014E07B681B680C
:10D6EC00DA687B681B6842F00802DA600BE07B6842
:10D6FC001B68DA687B681B6842F01002DA6002E093
:10D70C000123FB7300BFFB7B002B34D17B681B68B0
:10D71C0001223968184601F0A2F97B681B68184A87
:10D72C0093420ED07B681B68B3F1804F09D07B68A5
:10D73C001B68144A934204D07B681B68124A9342BC
:10D74C0011D17B681B689B6803F00703BB60BB6847
:10D75C00062B10D07B681B681A687B681B6842F02C
:10D76C0001021A6007E07B681B681A687B681B68FB
:10D77C0042F001021A60FB7B18461037BD4680BD93
:10D78C00002C0140000400400008004080B584B02B
:10D79C0000AF78607B681B68DB68FB607B681B688C
:10D7AC001B69BB60BB6803F00203002B26D0FB682F
:10D7BC0003F00203002B21D07B681B686FF0020280
:10D7CC001A617B6801221A777B681B689B6903F0DE
:10D7DC000303002B05D07B68D3F89030786898470A
:10D7EC0009E07B68D3F89830786898477B68D3F861
:10D7FC009C30786898477B6800221A77BB6803F0E6
:10D80C000403002B26D0FB6803F00403002B21D06B
:10D81C007B681B686FF004021A617B6802221A771E
:10D82C007B681B689B6903F44073002B05D07B68F5
:10D83C00D3F890307868984709E07B68D3F8983033
:10D84C00786898477B68D3F89C30786898477B68F1
:10D85C0000221A77BB6803F00803002B26D0FB6864
:10D86C0003F00803002B21D07B681B686FF00802C3
:10D87C001A617B6804221A777B681B68DB6903F0EA
:10D88C000303002B05D07B68D3F890307868984759
:10D89C0009E07B68D3F89830786898477B68D3F8B0
:10D8AC009C30786898477B6800221A77BB6803F035
:10D8BC001003002B26D0FB6803F01003002B21D0A3
:10D8CC007B681B686FF010021A617B6808221A775C
:10D8DC007B681B68DB6903F44073002B05D07B6805
:10D8EC00D3F890307868984709E07B68D3F8983083
:10D8FC00786898477B68D3F89C30786898477B6841
:10D90C0000221A77BB6803F00103002B0ED0FB68D2
:10D91C0003F00103002B09D07B681B686FF0010238
:10D92C001A617B68D3F8803078689847BB6803F03D
:10D93C008003002B0ED0FB6803F08003002B09D072
:10D94C007B681B686FF080021A617B68D3F8B0307B
:10D95C0078689847BB6803F04003002B0ED0FB6837
:10D96C0003F04003002B09D07B681B686FF040026A
:10D97C001A617B68D3F8883078689847BB6803F0E5
:10D98C002003002B0ED0FB6803F02003002B09D0E2
:10D99C007B681B686FF020021A617B68D3F8A83093
:10D9AC007868984700BF1037BD4680BD80B586B0FB
:10D9BC0000AFF860B9607A600023FB75FB6893F8E0
:10D9CC003C30012B01D1022388E0FB68012283F853
:10D9DC003C207B68002B1BD1FB681868BB6819685E
:10D9EC00BB685A68BB68DB6800F096FEFB681B6876
:10D9FC009A69FB681B6822F00C029A61FB681B6831
:10DA0C009969BB689A68FB681B680A439A6160E075
:10DA1C007B68042B1CD1FB681868BB681968BB6851
:10DA2C005A68BB68DB6800F0FFFEFB681B689A69EC
:10DA3C00FB681B6822F440629A61FB681B68996959
:10DA4C00BB689B681A02FB681B680A439A6140E03A
:10DA5C007B68082B1BD1FB681868BB681968BB680E
:10DA6C005A68BB68DB6800F04AFFFB681B68DA6920
:10DA7C00FB681B6822F00C02DA61FB681B68D96931
:10DA8C00BB689A68FB681B680A43DA6121E07B6813
:10DA9C000C2B1CD1FB681868BB681968BB685A68EA
:10DAAC00BB68DB6800F066FFFB681B68DA69FB6823
:10DABC001B6822F44062DA61FB681B68D969BB6899
:10DACC009B681A02FB681B680A43DA6101E00123B8
:10DADC00FB75FB68002283F83C20FB7D1846183749
:10DAEC00BD4680BD80B586B000AFF860B9607A6085
:10DAFC000023FB75FB6893F83C30012B01D102230A
:10DB0C00AEE0FB68012283F83C207B680C2B00F212
:10DB1C009F8001A252F823F059DB00085DDC00085D
:10DB2C005DDC00085DDC000899DB00085DDC0008AA
:10DB3C005DDC00085DDC0008DBDB00085DDC000858
:10DB4C005DDC00085DDC00081BDC0008FB681B6862
:10DB5C00B968184600F0C6FBFB681B689A69FB683D
:10DB6C001B6842F008029A61FB681B689A69FB68A3
:10DB7C001B6822F004029A61FB681B689969BB68F8
:10DB8C001A69FB681B680A439A6164E0FB681B68AE
:10DB9C00B968184600F00CFCFB681B689A69FB68B6
:10DBAC001B6842F400629A61FB681B689A69FB6807
:10DBBC001B6822F480629A61FB681B689969BB68D8
:10DBCC001B691A02FB681B680A439A6143E0FB68F5
:10DBDC001B68B968184600F055FCFB681B68DA69CD
:10DBEC00FB681B6842F00802DA61FB681B68DA69A3
:10DBFC00FB681B6822F00402DA61FB681B68D969B8
:10DC0C00BB681A69FB681B680A43DA6123E0FB688E
:10DC1C001B68B968184600F09FFCFB681B68DA6942
:10DC2C00FB681B6842F40062DA61FB681B68DA6906
:10DC3C00FB681B6822F48062DA61FB681B68D96997
:10DC4C00BB681B691A02FB681B680A43DA6102E0B5
:10DC5C000123FB7500BFFB68002283F83C20FB7D91
:10DC6C0018461837BD4680BD80B584B000AF7860CB
:10DC7C0039600023FB737B6893F83C30012B01D196
:10DC8C000223B4E07B68012283F83C207B680222EB
:10DC9C0083F83D207B681B689B68BB60BB6823F0E6
:10DCAC007703BB60BB6823F47F43BB607B681B6856
:10DCBC00BA689A603B681B68B3F5005F3ED0B3F559
:10DCCC00005F00F28780B3F5805F00F08680B3F5CB
:10DCDC00805F7FD8702B1AD0702B7BD8602B50D0E4
:10DCEC00602B77D8502B3CD0502B73D8402B58D06E
:10DCFC00402B6FD8302B64D0302B6BD8202B60D0BE
:10DD0C00202B67D8002B5CD0102B5AD062E07B689C
:10DD1C0018683B6899683B685A683B68DB6800F098
:10DD2C007FFE7B681B689B68BB60BB6843F0770316
:10DD3C00BB607B681B68BA689A604FE07B681868A8
:10DD4C003B6899683B685A683B68DB6800F068FE82
:10DD5C007B681B689A687B681B6842F480429A60F7
:10DD6C003CE07B6818683B6859683B68DB681A467E
:10DD7C0000F02CFD7B681B685021184600F036FE25
:10DD8C002CE07B6818683B6859683B68DB681A466E
:10DD9C0000F086FD7B681B686021184600F026FEAB
:10DDAC001CE07B6818683B6859683B68DB681A465E
:10DDBC0000F00CFD7B681B684021184600F016FE35
:10DDCC000CE07B681A683B681B681946104600F02B
:10DDDC000DFE03E00123FB7300E000BF7B68012212
:10DDEC0083F83D207B68002283F83C20FB7B18469F
:10DDFC001037BD4680BD80B582B000AF7860396009
:10DE0C007B6893F83C30012B01D1022331E07B6815
:10DE1C00012283F83C207B68022283F83D2039687C
:10DE2C00786800F0E7FB0346002B09D07B680122E1
:10DE3C0083F83D207B68002283F83C20012318E006
:10DE4C007B681B68DA687B681B6822F04002DA602A
:10DE5C007B681B68DA687B681B6822F48042DA6096
:10DE6C007B68012283F83D207B68002283F83C20EC
:10DE7C00002318460837BD4680BD000080B485B02D
:10DE8C0000AF786039600023FB603B680C2B31D805
:10DE9C0001A252F823F000BFD9DE000801DF000810
:10DEAC0001DF000801DF0008E3DE000801DF0008E5
:10DEBC0001DF000801DF0008EDDE000801DF0008CB
:10DECC0001DF000801DF0008F7DE00087B681B6833
:10DEDC005B6BFB600FE07B681B689B6BFB600AE075
:10DEEC007B681B68DB6BFB6005E07B681B681B6C4D
:10DEFC00FB6000E000BFFB6818461437BD4680BCD1
:10DF0C00704700BF80B483B000AF786000BF0C379F
:10DF1C00BD4680BC704780B483B000AF786000BF52
:10DF2C000C37BD4680BC704780B483B000AF7860BE
:10DF3C0000BF0C37BD4680BC704780B483B000AFC7
:10DF4C00786000BF0C37BD4680BC704780B483B08E
:10DF5C0000AF786000BF0C37BD4680BC704780B402
:10DF6C0083B000AF786000BF0C37BD4680BC7047F3
:10DF7C0080B483B000AF786000BF0C37BD4680BC66
:10DF8C00704780B483B000AF786000BF0C37BD46DB
:10DF9C0080BC704780B487B000AFF8600B467A60E5
:10DFAC00FB720023FB757B68002B01D1012325E15B
:10DFBC00FB6893F83D30DBB2012B40F0B980FB7A63
:10DFCC001A2B00F2B28001A252F823F045E00008AF
:10DFDC004DE0000855E000085DE0000865E0000831
:10DFEC006DE0000875E000087DE0000885E00008A1
:10DFFC008DE0000895E000089DE00008A5E0000811
:10E00C00ADE00008B5E00008BFE00008C9E000087A
:10E01C00D3E00008DDE00008E7E00008F1E00008CC
:10E02C00FBE0000805E100080FE1000819E1000819
:10E03C0023E100082DE10008FB687A689A64DCE0B3
:10E04C00FB687A68DA64D8E0FB687A681A65D4E011
:10E05C00FB687A685A65D0E0FB687A689A65CCE010
:10E06C00FB687A68DA65C8E0FB687A681A66C4E00F
:10E07C00FB687A685A66C0E0FB687A689A66BCE00E
:10E08C00FB687A68DA66B8E0FB687A681A67B4E00D
:10E09C00FB687A685A67B0E0FB687A689A67ACE00C
:10E0AC00FB687A68DA67A8E0FB687A68C3F88020B6
:10E0BC00A3E0FB687A68C3F884209EE0FB687A686A
:10E0CC00C3F8882099E0FB687A68C3F88C2094E048
:10E0DC00FB687A68C3F890208FE0FB687A68C3F815
:10E0EC0094208AE0FB687A68C3F8982085E0FB6886
:10E0FC007A68C3F89C2080E0FB687A68C3F8A0209B
:10E10C007BE0FB687A68C3F8A42076E0FB687A6849
:10E11C00C3F8A82071E0FB687A68C3F8AC206CE007
:10E12C00FB687A68C3F8B02067E00123FB7564E0F4
:10E13C00FB6893F83D30DBB2002B5CD1FB7A0D2BE6
:10E14C0056D801A252F823F08DE1000895E10008A1
:10E15C009DE10008A5E10008ADE10008B5E100086B
:10E16C00BDE10008C5E10008CDE10008D5E10008DB
:10E17C00DDE10008E5E10008EDE10008F5E100084B
:10E18C00FB687A689A6438E0FB687A68DA6434E091
:10E19C00FB687A681A6530E0FB687A685A652CE08F
:10E1AC00FB687A689A6528E0FB687A68DA6524E08F
:10E1BC00FB687A681A6620E0FB687A685A661CE08D
:10E1CC00FB687A689A6618E0FB687A68DA6614E08D
:10E1DC00FB687A681A6710E0FB687A685A670CE08B
:10E1EC00FB687A689A6708E0FB687A68DA6704E08B
:10E1FC000123FB7501E00123FB75FB7D18461C37E1
:10E20C00BD4680BC704700BF80B485B000AF78605D
:10E21C0039607B681B68FB607B682F4A93420BD08C
:10E22C007B68B3F1804F07D07B682C4A934203D0B4
:10E23C007B682B4A934208D1FB6823F07003FB6088
:10E24C003B685B68FA681343FB607B68224A934225
:10E25C000BD07B68B3F1804F07D07B681F4A934289
:10E26C0003D07B681E4A934208D1FB6823F44073A9
:10E27C00FB603B68DB68FA681343FB60FB6823F0C8
:10E28C0080023B685B691343FB607B68FA681A6029
:10E29C003B689A687B68DA623B681A687B689A62AA
:10E2AC007B680D4A934203D13B681A697B681A63F9
:10E2BC007B6801225A617B681B6903F00103002B08
:10E2CC0005D07B681B6923F001027B681A6100BFD3
:10E2DC001437BD4680BC7047002C01400004004040
:10E2EC000008004080B487B000AF786039607B686C
:10E2FC001B6A7B617B681B6A23F001027B681A62D4
:10E30C007B685B683B617B689B69FB60FB6823F007
:10E31C007003FB60FB6823F00303FB603B681B6826
:10E32C00FA681343FB607B6923F002037B613B6853
:10E33C009B687A6913437B617B681C4A93420CD1BE
:10E34C007B6923F008037B613B68DB687A691343C4
:10E35C007B617B6923F004037B617B68134A9342E6
:10E36C0011D13B6923F480733B613B6923F4007347
:10E37C003B613B685B693A6913433B613B689B6952
:10E38C003A6913433B617B683A695A607B68FA6867
:10E39C009A613B685A687B685A637B687A691A622F
:10E3AC0000BF1C37BD4680BC704700BF002C01402D
:10E3BC0080B487B000AF786039607B681B6A7B6182
:10E3CC007B681B6A23F010027B681A627B685B68AF
:10E3DC003B617B689B69FB60FB6823F4E043FB605B
:10E3EC00FB6823F44073FB603B681B681B02FA68F4
:10E3FC001343FB607B6923F020037B613B689B68C4
:10E40C001B017A6913437B617B681D4A93420DD1D2
:10E41C007B6923F080037B613B68DB681B017A69B5
:10E42C0013437B617B6923F040037B617B68144A57
:10E43C00934213D13B6923F480633B613B6923F422
:10E44C0000633B613B685B699B003A6913433B612A
:10E45C003B689B699B003A6913433B617B683A6953
:10E46C005A607B68FA689A613B685A687B689A6361
:10E47C007B687A691A6200BF1C37BD4680BC704746
:10E48C00002C014080B487B000AF786039607B68A5
:10E49C001B6A7B617B681B6A23F480727B681A623F
:10E4AC007B685B683B617B68DB69FB60FB6823F026
:10E4BC007003FB60FB6823F00303FB603B681B6885
:10E4CC00FA681343FB607B6923F400737B613B6840
:10E4DC009B681B027A6913437B617B681D4A9342DC
:10E4EC000DD17B6923F400637B613B68DB681B0205
:10E4FC007A6913437B617B6923F480637B617B685E
:10E50C00144A934213D13B6923F480533B613B691A
:10E51C0023F400533B613B685B691B013A6913436D
:10E52C003B613B689B691B013A6913433B617B6808
:10E53C003A695A607B68FA68DA613B685A687B68AA
:10E54C00DA637B687A691A6200BF1C37BD4680BCEF
:10E55C00704700BF002C014080B487B000AF7860DA
:10E56C0039607B681B6A3B617B681B6A23F48052B1
:10E57C007B681A627B685B687B617B68DB69FB602C
:10E58C00FB6823F4E043FB60FB6823F44073FB60FF
:10E59C003B681B681B02FA681343FB603B6923F45E
:10E5AC0000533B613B689B681B033A6913433B6117
:10E5BC007B680F4A934209D17B6923F480437B61CA
:10E5CC003B685B699B017A6913437B617B687A6961
:10E5DC005A607B68FA68DA613B685A687B681A642F
:10E5EC007B683A691A6200BF1C37BD4680BC704715
:10E5FC00002C014080B586B000AF786039600023F4
:10E60C00FB757B681B689B683B613B6923F070035F
:10E61C003B613B685B683A6913433B613B6923F0A0
:10E62C0007033B613B681B683A6913433B617B689A
:10E63C001B683A699A603B685B68702B1AD0702B28
:10E64C0060D8602B54D0602B5CD8502B46D0502B0C
:10E65C0058D8402B19D0402B54D8302B55D0302BB8
:10E66C0050D8202B51D0202B4CD8002B4DD0102B18
:10E67C004BD047E07B6818683B68D9683B689A6860
:10E68C003B681B6900F0CCF940E03B681B68052B2C
:10E69C0001D101233BE07B681B681B6AFB607B6834
:10E6AC001B681A6A7B681B6822F001021A627B687D
:10E6BC001B689B69BB60BB6823F0F003BB603B68C5
:10E6CC001B691B01BA681343BB607B681B68BA6883
:10E6DC009A617B681B68FA681A6217E07B68186895
:10E6EC003B6899683B681B691A4600F06FF80DE0AF
:10E6FC007B6818683B6899683B681B691A4600F090
:10E70C00CFF803E00123FB7500E000BFFB7D18464A
:10E71C001837BD4680BD000080B487B000AFF860EC
:10E72C00B9607A603B60FB681B6A3B61FB681B6AE3
:10E73C0023F00102FB681A62FB689B697B61FB6832
:10E74C001F4A93420BD0FB68B3F1804F07D0FB6894
:10E75C001C4A934203D0FB681B4A934201D101230C
:10E76C0000E00023002B08D07B6923F003037B61BE
:10E77C007A697B6813437B6103E07B6943F0010397
:10E78C007B617B6923F0F0037B613B681B01DBB28F
:10E79C007A6913437B613B6923F00A033B61BB68D5
:10E7AC0003F00A033A6913433B61FB687A699A6187
:10E7BC00FB683A691A6200BF1C37BD4680BC7047C3
:10E7CC00002C0140000400400008004080B487B0D9
:10E7DC0000AFF860B9607A60FB681B6A7B61FB680C
:10E7EC001B6A23F00102FB681A62FB689B693B61A0
:10E7FC003B6923F0F0033B617B681B013A691343CF
:10E80C003B617B6923F00A037B617A69BB68134324
:10E81C007B61FB683A699A61FB687A691A6200BF8E
:10E82C001C37BD4680BC704780B487B000AFF86021
:10E83C00B9607A603B60FB681B6A7B61FB681B6A92
:10E84C0023F01002FB681A62FB689B693B613B6911
:10E85C0023F440733B617B681B023A6913433B61B1
:10E86C003B6923F470433B613B681B039BB23A69E1
:10E87C0013433B617B6923F0A0037B61BB681B01E5
:10E88C0003F0A0037A6913437B61FB683A699A61D0
:10E89C00FB687A691A6200BF1C37BD4680BC7047A2
:10E8AC0080B487B000AFF860B9607A60FB681B6A0F
:10E8BC007B61FB681B6A23F01002FB681A62FB6821
:10E8CC009B693B613B6923F470433B617B681B0391
:10E8DC003A6913433B617B6923F0A0037B61BB68FE
:10E8EC001B017A6913437B61FB683A699A61FB6887
:10E8FC007A691A6200BF1C37BD4680BC704780B471
:10E90C0087B000AFF860B9607A603B60FB681B6A47
:10E91C007B61FB681B6A23F48072FB681A62FB68DC
:10E92C00DB693B613B6923F003033B613A697B681C
:10E93C0013433B613B6923F0F0033B613B681B01D4
:10E94C00DBB23A6913433B617B6923F400737B614F
:10E95C00BB681B0203F400737A6913437B61FB6889
:10E96C003A69DA61FB687A691A6200BF1C37BD46E6
:10E97C0080BC704780B487B000AFF860B9607A6033
:10E98C003B60FB681B6A7B61FB681B6A23F480524B
:10E99C00FB681A62FB68DB693B613B6923F44073DB
:10E9AC003B617B681B023A6913433B613B6923F46F
:10E9BC0070433B613B681B039BB23A6913433B6159
:10E9CC007B6923F400537B61BB681B0303F4005386
:10E9DC007A6913437B61FB683A69DA61FB687A698F
:10E9EC001A6200BF1C37BD4680BC704780B485B02E
:10E9FC0000AF786039607B689B68FB60FB6823F034
:10EA0C007003FB603A68FB68134343F00703FB6039
:10EA1C007B68FA689A6000BF1437BD4680BC7047AB
:10EA2C0080B487B000AFF860B9607A603B60FB6877
:10EA3C009B687B617B6923F47F437B613B681A0293
:10EA4C007B681A43BB6813437A6913437B61FB6889
:10EA5C007A699A6000BF1C37BD4680BC704780B491
:10EA6C0087B000AFF860B9607A60BB6803F01F0331
:10EA7C00012202FA03F37B61FB681A6A7B69DB43B0
:10EA8C001A40FB681A62FB681A6ABB6803F01F0322
:10EA9C00796801FA03F31A43FB681A6200BF1C374A
:10EAAC00BD4680BC7047000080B483B000AF786076
:10EABC007B681C4AC3F880207B681B4AC3F88420FF
:10EACC007B681A4AC3F888207B68194AC3F88C20E3
:10EADC007B68184AC3F890207B68174AC3F89420C7
:10EAEC007B68164AC3F898207B68154AC3F89C20AB
:10EAFC007B68144AC3F8A0207B68134AC3F8A4208F
:10EB0C007B68124AC3F8A8207B68114AC3F8AC2072
:10EB1C007B68104AC3F8B02000BF0C37BD4680BCE0
:10EB2C00704700BFF57D000811DF00086BDF00089F
:10EB3C007DDF0008DF7D000835DF000823DF0008DB
:10EB4C0047DF000859DF00088FDF0008C3EC00081E
:10EB5C00D5EC0008E7EC000880B485B000AF786015
:10EB6C0039607B6893F83C30012B01D1022346E0DD
:10EB7C007B68012283F83C207B68022283F83D20CD
:10EB8C007B681B685B68FB607B681B689B68BB6071
:10EB9C00FB6823F07003FB603B681B68FA68134347
:10EBAC00FB607B681B68FA685A607B681B68164AB6
:10EBBC0093420ED07B681B68B3F1804F09D07B6801
:10EBCC001B68124A934204D07B681B68104A93421C
:10EBDC000CD1BB6823F08003BB603B685B68BA68F0
:10EBEC001343BB607B681B68BA689A607B68012220
:10EBFC0083F83D207B68002283F83C2000231846D4
:10EC0C001437BD4680BC7047002C01400004004006
:10EC1C000008004080B485B000AF786039600023F4
:10EC2C00FB607B6893F83C30012B01D102233DE063
:10EC3C007B68012283F83C20FB6823F0FF023B68D1
:10EC4C00DB681343FB60FB6823F440723B689B68F2
:10EC5C001343FB60FB6823F480623B685B681343DF
:10EC6C00FB60FB6823F400623B681B681343FB608A
:10EC7C00FB6823F480523B681B691343FB60FB6801
:10EC8C0023F400523B685B691343FB60FB6823F47D
:10EC9C0080423B68DB691343FB607B681B68FA6846
:10ECAC005A647B68002283F83C20002318461437F2
:10ECBC00BD4680BC704780B483B000AF786000BFA5
:10ECCC000C37BD4680BC704780B483B000AF786011
:10ECDC0000BF0C37BD4680BC704780B483B000AF1A
:10ECEC00786000BF0C37BD4680BC704780B582B0E1
:10ECFC0000AF78607B68002B01D1012342E07B6878
:10ED0C0093F84130DBB2002B06D17B68002283F8EC
:10ED1C0040207868FAF7F4FF7B68242283F84120BE
:10ED2C007B681B68DA687B681B6822F40052DA6027
:10ED3C00786800F053FF7B681B681A697B681B6856
:10ED4C0022F490421A617B681B685A697B681B68C5
:10ED5C0022F02A025A617B681B68DA687B681B68A0
:10ED6C0042F40052DA607B6800225A647B682022ED
:10ED7C0083F841207B68202283F842207B680022A4
:10ED8C005A63002318460837BD4680BD80B582B053
:10ED9C0000AF78607B68002B01D1012324E07B68F5
:10EDAC00242283F841207B681B68DA687B681B6827
:10EDBC0022F40052DA607868FBF79AF87B6800223C
:10EDCC005A647B68002283F841207B68002283F818
:10EDDC0042207B6800221A637B6800225A637B689E
:10EDEC00002283F84020002318460837BD4680BD1A
:10EDFC0080B58AB002AFF860B9603B601346FB8007
:10EE0C0000237B61FB6893F84130DBB2202B75D17A
:10EE1C00BB68002B02D0FB88002B01D101236EE0D4
:10EE2C00FB6800225A64FB68212283F84120FBF71F
:10EE3C001FF97861FB68FA889A84FB68FA88DA848F
:10EE4C00FB689B68B3F5805F08D1FB681B69002BDE
:10EE5C0004D10023FB61BB68BB6103E0BB68FB61B1
:10EE6C000023BB612EE03B6800937B69002280216C
:10EE7C00F86800F05EFC0346002B05D0FB682022EE
:10EE8C0083F8412003233AE0FB69002B0BD1BB69CB
:10EE9C001B881A46FB681B68C2F308025A60BB69E0
:10EEAC000233BB6107E0FB691A78FB681B685A6088
:10EEBC00FB690133FB61FB68DB8C9BB2013B9AB2B3
:10EECC00FB68DA84FB68DB8C9BB2002BCBD13B68F4
:10EEDC0000937B6900224021F86800F02AFC03466D
:10EEEC00002B05D0FB68202283F84120032306E089
:10EEFC00FB68202283F84120002300E002231846FF
:10EF0C002037BD4680BD80B485B000AFF860B960D5
:10EF1C001346FB80FB6893F84130DBB2202B21D1E8
:10EF2C00BB68002B02D0FB88002B01D101231AE017
:10EF3C00FB68BA681A62FB68FA889A84FB68FA88DC
:10EF4C00DA84FB6800225A64FB68212283F8412092
:10EF5C00FB681B68DA68FB681B6842F08002DA60A9
:10EF6C00002300E0022318461437BD4680BC7047CE
:10EF7C0080B584B000AFF860B9601346FB80FB68C5
:10EF8C0093F84230DBB2202B12D1BB68002B02D09D
:10EF9C00FB88002B01D101230BE0FB6800221A63D4
:10EFAC00FB881A46B968F86800F01CFC034600E0C0
:10EFBC00022318461037BD4680BD000080B58CB0CA
:10EFCC0000AFF860B9601346FB80FB6893F84130E2
:10EFDC00DBB2202B56D1BB68002B02D0FB88002B58
:10EFEC0001D101234FE0BA68FB681A62FB68FA880A
:10EFFC009A84FB68FA88DA84FB6800225A64FB68FE
:10F00C00212283F84120FB689B6B214A9A62FB68A2
:10F01C009B6B204ADA62FB689B6B1F4A1A63FB6886
:10F02C009B6B00225A6307F10803FB62FB68986B29
:10F03C00FB6A1968FB681B6804331A46FB88FBF7EC
:10F04C006DFEFB681B686FF040021A60FB681B6862
:10F05C001433BB61BB6953E8003F7B617B6943F0B0
:10F06C008003BB62FB681B681433BA6A7A623B622A
:10F07C00396A7A6A41E80023FB61FB69002BE5D110
:10F08C00002300E0022318463037BD4680BD00BF88
:10F09C00F5F500088FF60008ABF6000880B5BAB09D
:10F0AC0000AF78607B681B681B68C7F8E4307B682E
:10F0BC001B68DB68C7F8E0307B681B685B69C7F8C6
:10F0CC00DC300023C7F8D8300023C7F8D430D7F889
:10F0DC00E43003F00F03C7F8D830D7F8D830002B42
:10F0EC000FD1D7F8E43003F02003002B09D0D7F868
:10F0FC00E03003F02003002B03D0786800F0AFFC65
:10F10C005BE2D7F8D830002B00F0DE80D7F8DC308B
:10F11C0003F00103002B06D1D7F8E03003F4907311
:10F12C00002B00F0D180D7F8E43003F00103002B62
:10F13C000BD0D7F8E03003F48073002B05D07B683C
:10F14C005B6C43F001027B685A64D7F8E43003F03F
:10F15C000403002B0BD0D7F8DC3003F00103002B99
:10F16C0005D07B685B6C43F002027B685A64D7F86D
:10F17C00E43003F00203002B0BD0D7F8DC3003F0A3
:10F18C000103002B05D07B685B6C43F004027B68A9
:10F19C005A64D7F8E43003F00803002B11D0D7F8E9
:10F1AC00E03003F02003002B05D1D7F8DC3003F05E
:10F1BC000103002B05D07B685B6C43F008027B6875
:10F1CC005A647B685B6C002B00F0F281D7F8E4305A
:10F1DC0003F02003002B08D0D7F8E03003F0200315
:10F1EC00002B02D0786800F03AFC7B681B685B69E6
:10F1FC0003F04003002B14BF01230023DBB2C7F83C
:10F20C00D4307B685B6C03F00803002B03D1D7F878
:10F21C00D430002B4FD0786800F044FB7B681B681F
:10F22C005B6903F04003002B41D07B681B681433EF
:10F23C00C7F89C30D7F89C3053E8003FC7F898309B
:10F24C00D7F8983023F04003C7F8D0307B681B68A0
:10F25C001433D7F8D020C7F8A820C7F8A430D7F8B3
:10F26C00A410D7F8A82041E80023C7F8A030D7F89D
:10F27C00A030002BD9D17B68DB6B002B13D07B68C3
:10F28C00DB6B7E4A5A637B68DB6B1846FBF7E2FD4F
:10F29C000346002B16D07B68DB6B5B6B7A68D26BFA
:10F2AC00104698470EE07868F8F788FD0AE0786811
:10F2BC00F8F784FD06E07868F8F780FD7B6800229B
:10F2CC005A6475E100BF73E17B681B6B012B40F046
:10F2DC004F81D7F8E43003F01003002B00F0488185
:10F2EC00D7F8E03003F01003002B00F0418100232D
:10F2FC00BB607B681B681B68BB607B681B685B68BA
:10F30C00BB60BB687B681B685B6903F04003002B28
:10F31C0000F0B6807B68DB6B1B685B68A7F8BE30BF
:10F32C00B7F8BE30002B00F045817B689B8DB7F899
:10F33C00BE209A4280F03E817B68B7F8BE20DA8509
:10F34C007B68DB6B9B69202B00F088807B681B68DB
:10F35C000C33C7F88830D7F8883053E8003FC7F82B
:10F36C008430D7F8843023F48073C7F8B8307B68C6
:10F37C001B680C33D7F8B820C7F89420C7F8903026
:10F38C00D7F89010D7F8942041E80023C7F88C30B8
:10F39C00D7F88C30002BD9D17B681B6814337B6772
:10F3AC007B6F53E8003F3B673B6F23F00103C7F8CB
:10F3BC00B4307B681B681433D7F8B420C7F88020AE
:10F3CC00FB67F96FD7F8802041E80023BB67BB6F60
:10F3DC00002BE1D17B681B6814333B663B6E53E812
:10F3EC00003FFB65FB6D23F04003C7F8B0307B6832
:10F3FC001B681433D7F8B020FA66BB66B96EFA6E88
:10F40C0041E800237B667B6E002BE3D17B682022D6
:10F41C0083F842207B6800221A637B681B680C33DC
:10F42C00FB64FB6C53E8003FBB64BB6C23F0100324
:10F43C00C7F8AC307B681B680C33D7F8AC20BA65C6
:10F44C007B65796DBA6D41E800233B653B6D002B04
:10F45C00E3D17B68DB6B1846FBF7C0FC7B680222B0
:10F46C005A637B689A8D7B68DB8D9BB2D31A9BB2F7
:10F47C001946786800F0ADF89CE000BF75F90008FB
:10F48C007B689A8D7B68DB8D9BB2D31AA7F8CE3044
:10F49C007B68DB8D9BB2002B00F08E80B7F8CE30F2
:10F4AC00002B00F089807B681B680C33BB63BB6B43
:10F4BC0053E8003F7B637B6B23F49073C7F8C83031
:10F4CC007B681B680C33D7F8C8207A643B64396CB2
:10F4DC007A6C41E80023FB63FB6B002BE3D17B6868
:10F4EC001B6814337B627B6A53E8003F3B623B6AC8
:10F4FC0023F00103C7F8C4307B681B681433D7F8BA
:10F50C00C4203A63FB62F96A3A6B41E80023BB62A0
:10F51C00BB6A002BE3D17B68202283F842207B68F6
:10F52C0000221A637B681B680C333B613B6953E810
:10F53C00003FFB60FB6823F01003C7F8C0307B680A
:10F54C001B680C33D7F8C020FA61BB61B969FA6942
:10F55C0041E800237B617B69002BE3D17B680222AD
:10F56C005A63B7F8CE301946786800F032F823E0C9
:10F57C00D7F8E43003F08003002B09D0D7F8E03043
:10F58C0003F08003002B03D0786800F001FA14E03C
:10F59C00D7F8E43003F04003002B0ED0D7F8E0305E
:10F5AC0003F04003002B08D0786800F040FA04E028
:10F5BC0000BF02E000BF00E000BFE837BD4680BDE1
:10F5CC0080B483B000AF786000BF0C37BD4680BC00
:10F5DC00704780B483B000AF78600B467B8000BF6F
:10F5EC000C37BD4680BC704780B590B000AF7860DA
:10F5FC007B685B6AFB637B681B681B6803F02003FA
:10F60C00002B37D1FB6B0022DA84FB6B1B681433A5
:10F61C007B627B6A53E8003F3B623B6A23F08003CA
:10F62C00BB63FB6B1B681433BA6B3A63FB62F96AFE
:10F63C003A6B41E80023BB62BB6A002BE5D1FB6B44
:10F64C001B680C333B613B6953E8003FFB60FB6874
:10F65C0043F040037B63FB6B1B680C337A6BFA61E2
:10F66C00BB61B969FA6941E800237B617B69002BB6
:10F67C00E5D102E0F86BF8F796FB00BF4037BD46CA
:10F68C0080BD80B584B000AF78607B685B6AFB603E
:10F69C00F868FFF795FF00BF1037BD4680BD80B5F9
:10F6AC0084B000AF78600023FB607B685B6ABB6052
:10F6BC00BB681B685B6903F08003002B14BF01233C
:10F6CC000023DBB2FB60BB6893F84130DBB2212B2B
:10F6DC0008D1FB68002B05D0BB680022DA84B8681F
:10F6EC0000F0B9F8BB681B685B6903F04003002BA2
:10F6FC0014BF01230023DBB2FB60BB6893F84230DC
:10F70C00DBB2222B08D1FB68002B05D0BB68002292
:10F71C00DA85B86800F0C6F8BB685B6C43F0100281
:10F72C00BB685A64B868F8F749FB00BF1037BD4690
:10F73C0080BD80B586B000AFF860B9603B60134601
:10F74C00FB713BE03B6AB3F1FF3F37D0FAF790FC1B
:10F75C0002463B68D31A3A6A9A4202D33B6A002BA0
:10F76C0001D103233AE0FB681B68DB6803F0040358
:10F77C00002B23D0BB68802B20D0BB68402B1DD026
:10F78C00FB681B681B6803F00803082B16D10023C9
:10F79C007B61FB681B681B687B61FB681B685B6893
:10F7AC007B617B69F86800F07DF8FB6808225A647D
:10F7BC00FB68002283F8402001230FE0FB681B68E4
:10F7CC001A68BB681340BA689A420CBF0123002325
:10F7DC00DBB21A46FB799A42B4D00023184618378C
:10F7EC00BD4680BD80B485B000AFF860B9601346EB
:10F7FC00FB80FB68BA689A62FB68FA889A85FB689A
:10F80C00FA88DA85FB6800225A64FB68222283F8A6
:10F81C004220FB681B69002B07D0FB681B68DA6869
:10F82C00FB681B6842F48072DA60FB681B685A69DB
:10F83C00FB681B6842F001025A61FB681B68DA68BE
:10F84C00FB681B6842F02002DA600023184614376C
:10F85C00BD4680BC704780B489B000AF78607B68CF
:10F86C001B680C33FB60FB6853E8003FBB60BB6854
:10F87C0023F0C003FB617B681B680C33FA69BA6127
:10F88C007B617969BA6941E800233B613B69002BD4
:10F89C00E5D17B68202283F8412000BF2437BD4688
:10F8AC0080BC704780B495B000AF78607B681B68F3
:10F8BC000C337B637B6B53E8003F3B633B6B23F464
:10F8CC009073FB647B681B680C33FA6C3A64FB63C3
:10F8DC00F96B3A6C41E80023BB63BB6B002BE5D1A1
:10F8EC007B681B6814333B623B6A53E8003FFB6147
:10F8FC00FB6923F00103BB647B681B681433BA6C8F
:10F90C00FA62BB62B96AFA6A41E800237B627B6ADD
:10F91C00002BE5D17B681B6B012B19D17B681B6815
:10F92C000C33FB60FB6853E8003FBB60BB6823F003
:10F93C0010037B647B681B680C337A6CBA617B6147
:10F94C007969BA6941E800233B613B69002BE5D139
:10F95C007B68202283F842207B6800221A6300BF58
:10F96C005437BD4680BC704780B584B000AF78601A
:10F97C007B685B6AFB60FB680022DA85FB6800220F
:10F98C00DA84F868F8F71AFA00BF1037BD4680BD64
:10F99C0080B485B000AF78607B6893F84130DBB2FF
:10F9AC00212B3ED17B689B68B3F5805F14D17B68BB
:10F9BC001B69002B10D17B681B6AFB60FB681B88E2
:10F9CC001A467B681B68C2F308025A607B681B6A84
:10F9DC009A1C7B681A6208E07B681B6A591C7A685F
:10F9EC0011621A787B681B685A607B68DB8C9BB24F
:10F9FC00013B9BB27A681946D184002B0FD17B68EE
:10FA0C001B68DA687B681B6822F08002DA607B680E
:10FA1C001B68DA687B681B6842F04002DA600023DE
:10FA2C0000E0022318461437BD4680BC704780B5F1
:10FA3C0082B000AF78607B681B68DA687B681B68F3
:10FA4C0022F04002DA607B68202283F8412078683B
:10FA5C00F8F7A9F9002318460837BD4680BD80B5D4
:10FA6C008CB000AF78607B6893F84230DBB2222B0D
:10FA7C0040F0AE807B689B68B3F5805F17D17B68E4
:10FA8C001B69002B13D10023FB627B689B6ABB6252
:10FA9C007B681B685B689BB2C3F308039AB2BB6AB2
:10FAAC001A807B689B6A9A1C7B689A6226E07B684A
:10FABC009B6AFB620023BB627B689B68B3F5805F2B
:10FACC0007D07B689B68002B0AD17B681B69002BD5
:10FADC0006D17B681B685B68DAB2FB6A1A7008E0B7
:10FAEC007B681B685B68DBB203F07F03DAB2FB6AEE
:10FAFC001A707B689B6A5A1C7B689A627B68DB8DE8
:10FB0C009BB2013B9BB27A681946D185002B5DD123
:10FB1C007B681B68DA687B681B6822F02002DA605D
:10FB2C007B681B68DA687B681B6822F48072DA6079
:10FB3C007B681B685A697B681B6822F001025A615A
:10FB4C007B68202283F842207B6800225A637B6802
:10FB5C001B6B012B35D17B6800221A637B681B68F9
:10FB6C000C337B617B6953E8003F3B613B6923F0BD
:10FB7C0010037B627B681B680C337A6A3A62FB6108
:10FB8C00F9693A6A41E80023BB61BB69002BE5D1F6
:10FB9C007B681B681B6803F01003102B0AD1002331
:10FBAC00FB607B681B681B68FB607B681B685B6881
:10FBBC00FB60FB687B689B8D19467868FFF709FD35
:10FBCC0002E07868F8F7E4F8002302E0002300E094
:10FBDC00022318463037BD4680BD000080B584B086
:10FBEC0000AF78607B681B681B6923F440517B680D
:10FBFC00DA687B681B680A431A617B689A687B68C1
:10FC0C001B691A437B685B691343BB607B681B6889
:10FC1C00DB6823F4B05323F00C037A681268B968DC
:10FC2C000B43D3607B681B685B6923F440717B6872
:10FC3C009A697B681B680A435A617B681B682C4A6B
:10FC4C00934203D1FCF724FBF86002E0FCF70CFBB9
:10FC5C00F860FA6813469B0013449A001A447B68B8
:10FC6C005B689B00B2FBF3F3224AA2FB03235B0904
:10FC7C001901FA6813469B0013449A001A447B68D6
:10FC8C005B689B00B2FBF3F21A4BA3FB02035B090C
:10FC9C00642000FB03F3D31A1B013233154AA2FB79
:10FCAC0003235B0903F0F0031944FA6813469B0025
:10FCBC0013449A001A447B685B689B00B2FBF3F216
:10FCCC000C4BA3FB02035B09642000FB03F3D31A68
:10FCDC001B013233074AA2FB03235B0903F00F021B
:10FCEC007B681B680A449A6000BF1037BD4680BD14
:10FCFC00003801401F85EB5110B501390244904288
:10FD0C0001D1002005E0037811F8014FA34201D086
:10FD1C00181B10BD0130F2E703460244934200D198
:10FD2C00704703F8011BF9E770B500260C4D0D4C1C
:10FD3C00641BA410A64209D100F028F800260A4D35
:10FD4C000A4C641BA410A64205D170BD55F8043BA7
:10FD5C0098470136EEE755F8043B98470136F2E731
:10FD6C0060FF000860FF000860FF000864FF0008E7
:10FD7C000A44914200F1FF3300D1704710B511F8DD
:10FD8C00014B914203F8014FF9D110BDF8B500BFFA
:10FD9C00F8BC08BC9E467047F8B500BFF8BC08BC60
:04FDAC009E467047B8
:10FDB000080C002065770008000000002800000003
:10FDC000000C014000040000CE320A00982F8A4245
:10FDD00091443771CFFBC0B5A5DBB5E95BC256399D
:10FDE000F111F159A4823F92D55E1CAB98AA07D8B5
:10FDF000015B8312BE853124C37D0C55745DBE72D8
:10FE0000FEB1DE80A706DC9B74F19BC1C1699BE457
:10FE10008647BEEFC69DC10FCCA10C246F2CE92DE7
:10FE2000AA84744ADCA9B05CDA88F97652513E980B
:10FE30006DC631A8C82703B0C77F59BFF30BE0C612
:10FE40004791A7D55163CA0667292914850AB727A0
:10FE500038211B2EFC6D2C4D130D385354730A653D
:10FE6000BB0A6A762EC9C281852C7292A1E8BFA214
:10FE70004B661AA8708B4BC2A3516CC719E892D17C
:10FE8000240699D685350EF470A06A1016C1A419FF
:10FE9000086C371E4C774827B5BCB034B30C1C39FE
:10FEA0004AAAD84E4FCA9C5BF36F2E68EE828F74BD
:10FEB0006F63A5781478C8840802C78CFAFFBE90D7
:10FEC000EB6C50A4F7A3F9BEF27871C600000000F5
:10FED00032090900000000004C00000098212103B5
:10FEE0001E1F0000640000003C0101000000000033
:10FEF00065000000C2171700000000006600000047
:10FF000086060600000000006700000051020200A3
:10FF100000000000D0050000AC1010000000000040
:10FF200000000000000000000102030406070809A9
:10FF3000000000000102030402030405060708098B
:10FF40000A0B0C0D0E0F1010010200000203040535
:10FF5000060708090A0B0C0D0E0F10100102000015
:04FF60003131000833
:04FF64000D31000853
:10FF6800FF00D0073200E803460540060000F0D83D
:0CFF780000127A001000000001000000E0
:020000040801F1
:04200000FECAFECA4C
:0400000508009F81CF
:00000001FF
